date,advn,decln,unchn,advv,declv,unchv,newhi,newlo
1965-03-01,550.0,561.0,261.0,2750.0,2240.0,790.0,,
1965-03-02,590.0,520.0,258.0,3480.0,1710.0,540.0,,
1965-03-03,574.0,528.0,261.0,3220.0,2150.0,1230.0,,
1965-03-04,490.0,594.0,275.0,2400.0,2790.0,2110.0,,
1965-03-05,446.0,646.0,268.0,2760.0,2620.0,740.0,,
1965-03-08,626.0,466.0,270.0,2640.0,1740.0,870.0,,
1965-03-09,501.0,609.0,260.0,1990.0,2540.0,680.0,,
1965-03-10,532.0,554.0,284.0,2470.0,1940.0,690.0,,
1965-03-11,614.0,452.0,297.0,3370.0,1560.0,840.0,,
1965-03-12,640.0,477.0,246.0,3380.0,2300.0,690.0,,
1965-03-15,578.0,535.0,278.0,2820.0,2420.0,760.0,,
1965-03-16,536.0,574.0,261.0,2540.0,2380.0,560.0,,
1965-03-17,485.0,599.0,294.0,2010.0,2350.0,760.0,,
1965-03-18,457.0,624.0,285.0,1790.0,2380.0,820.0,,
1965-03-19,474.0,602.0,285.0,2110.0,2160.0,770.0,,
1965-03-22,538.0,559.0,264.0,2470.0,1890.0,560.0,,
1965-03-23,534.0,537.0,286.0,2240.0,1850.0,730.0,,
1965-03-24,579.0,471.0,300.0,2940.0,1730.0,750.0,,
1965-03-25,482.0,597.0,308.0,2010.0,2500.0,950.0,,
1965-03-26,278.0,828.0,268.0,1060.0,3330.0,630.0,,
1965-03-29,360.0,737.0,264.0,1400.0,2540.0,650.0,,
1965-03-30,574.0,482.0,304.0,2350.0,1220.0,700.0,,
1965-03-31,602.0,473.0,276.0,2260.0,1500.0,710.0,,
1965-04-01,551.0,507.0,291.0,2480.0,1660.0,750.0,,
1965-04-02,684.0,421.0,267.0,2950.0,1530.0,580.0,,
1965-04-05,575.0,530.0,277.0,2230.0,1970.0,710.0,,
1965-04-06,499.0,591.0,264.0,2080.0,1970.0,560.0,,
1965-04-07,557.0,488.0,321.0,2160.0,1370.0,900.0,,
1965-04-08,751.0,353.0,260.0,3970.0,1110.0,690.0,,
1965-04-09,742.0,378.0,254.0,4510.0,1410.0,660.0,,
1965-04-12,741.0,413.0,229.0,3700.0,1560.0,780.0,,
1965-04-13,605.0,539.0,244.0,3510.0,2410.0,770.0,,
1965-04-14,605.0,497.0,272.0,3530.0,2120.0,940.0,,
1965-04-15,570.0,516.0,278.0,2970.0,2050.0,810.0,,
1965-04-19,621.0,482.0,281.0,3090.0,1790.0,830.0,,
1965-04-20,580.0,553.0,246.0,3120.0,2550.0,810.0,,
1965-04-21,447.0,670.0,280.0,2160.0,2690.0,740.0,,
1965-04-22,667.0,464.0,249.0,3600.0,1660.0,730.0,,
1965-04-23,600.0,497.0,275.0,2900.0,2060.0,900.0,,
1965-04-26,546.0,550.0,274.0,2340.0,2120.0,960.0,,
1965-04-27,620.0,514.0,262.0,3340.0,2310.0,670.0,,
1965-04-28,475.0,593.0,305.0,2110.0,2630.0,940.0,,
1965-04-29,537.0,566.0,263.0,2620.0,2240.0,650.0,,
1965-04-30,504.0,574.0,290.0,2240.0,2160.0,790.0,,
1965-05-03,501.0,619.0,254.0,2110.0,2490.0,740.0,,
1965-05-04,606.0,485.0,290.0,3080.0,2000.0,650.0,,
1965-05-05,641.0,488.0,254.0,3380.0,2330.0,640.0,,
1965-05-06,583.0,509.0,304.0,3580.0,1810.0,950.0,,
1965-05-07,524.0,585.0,281.0,2600.0,2440.0,780.0,,
1965-05-10,553.0,595.0,238.0,2540.0,2410.0,650.0,,
1965-05-11,457.0,664.0,274.0,2200.0,2210.0,740.0,,
1965-05-12,649.0,486.0,251.0,3860.0,1840.0,600.0,,
1965-05-13,615.0,474.0,276.0,3520.0,1940.0,1000.0,,
1965-05-14,543.0,572.0,264.0,2640.0,2470.0,760.0,,
1965-05-17,432.0,698.0,287.0,1400.0,2750.0,840.0,,
1965-05-18,523.0,566.0,287.0,2570.0,1800.0,760.0,,
1965-05-19,613.0,486.0,276.0,3300.0,1750.0,810.0,,
1965-05-20,337.0,787.0,251.0,1540.0,3650.0,560.0,,
1965-05-21,390.0,702.0,288.0,1350.0,2590.0,720.0,,
1965-05-24,303.0,867.0,218.0,1080.0,3280.0,430.0,,
1965-05-25,680.0,446.0,266.0,3170.0,1230.0,550.0,,
1965-05-26,379.0,702.0,304.0,1360.0,2990.0,980.0,,
1965-05-27,277.0,891.0,240.0,1440.0,3490.0,610.0,,
1965-05-28,692.0,382.0,286.0,2730.0,1020.0,520.0,,
1965-06-01,345.0,798.0,241.0,1060.0,3160.0,610.0,,
1965-06-02,196.0,1000.0,223.0,1340.0,4760.0,690.0,,
1965-06-03,428.0,665.0,282.0,1840.0,3050.0,830.0,,
1965-06-04,588.0,528.0,269.0,2540.0,1390.0,600.0,,
1965-06-07,337.0,799.0,249.0,1350.0,2860.0,470.0,,
1965-06-08,215.0,938.0,229.0,500.0,3800.0,360.0,,
1965-06-09,257.0,911.0,219.0,1150.0,5270.0,650.0,,
1965-06-10,351.0,823.0,225.0,1830.0,4750.0,890.0,,
1965-06-11,692.0,428.0,235.0,3230.0,1530.0,590.0,,
1965-06-14,161.0,1036.0,171.0,510.0,5000.0,410.0,,
1965-06-15,597.0,559.0,235.0,5370.0,2250.0,850.0,,
1965-06-16,908.0,272.0,194.0,4370.0,1300.0,620.0,,
1965-06-17,745.0,332.0,297.0,2670.0,1770.0,780.0,,
1965-06-18,355.0,726.0,262.0,920.0,2910.0,500.0,,
1965-06-21,318.0,744.0,286.0,750.0,1920.0,610.0,,
1965-06-22,569.0,480.0,279.0,1560.0,1050.0,730.0,,
1965-06-23,279.0,771.0,282.0,650.0,2440.0,500.0,,
1965-06-24,116.0,1088.0,152.0,200.0,5290.0,360.0,,
1965-06-25,271.0,868.0,218.0,1070.0,4120.0,610.0,,
1965-06-28,104.0,1167.0,127.0,310.0,7090.0,260.0,,
1965-06-29,616.0,563.0,222.0,6790.0,2360.0,1300.0,,
1965-06-30,1168.0,101.0,116.0,6390.0,410.0,130.0,,
1965-07-01,779.0,356.0,227.0,2780.0,1110.0,630.0,,
1965-07-02,860.0,274.0,212.0,3200.0,690.0,370.0,,
1965-07-06,546.0,540.0,266.0,1030.0,1850.0,530.0,,
1965-07-07,395.0,686.0,268.0,1020.0,1600.0,410.0,,
1965-07-08,741.0,332.0,258.0,3100.0,730.0,550.0,,
1965-07-09,754.0,350.0,236.0,3180.0,1150.0,470.0,,
1965-07-12,578.0,517.0,254.0,1770.0,1400.0,530.0,,
1965-07-13,433.0,628.0,272.0,1190.0,1650.0,430.0,,
1965-07-14,629.0,427.0,286.0,2490.0,1150.0,470.0,,
1965-07-15,591.0,492.0,276.0,1920.0,1920.0,590.0,,
1965-07-16,501.0,542.0,286.0,1330.0,1530.0,670.0,,
1965-07-19,472.0,583.0,276.0,1280.0,1440.0,440.0,,
1965-07-20,226.0,937.0,211.0,540.0,3720.0,410.0,,
1965-07-21,325.0,747.0,259.0,1150.0,2610.0,600.0,,
1965-07-22,454.0,570.0,301.0,1320.0,1480.0,530.0,,
1965-07-23,609.0,461.0,285.0,2330.0,810.0,460.0,,
1965-07-26,543.0,544.0,258.0,1980.0,1310.0,490.0,,
1965-07-27,459.0,620.0,248.0,1460.0,2300.0,440.0,,
1965-07-28,563.0,503.0,293.0,2700.0,1400.0,660.0,,
1965-07-29,816.0,309.0,237.0,3050.0,1050.0,590.0,,
1965-07-30,802.0,315.0,228.0,3450.0,1200.0,550.0,,
1965-08-02,650.0,453.0,252.0,2310.0,1390.0,530.0,,
1965-08-03,570.0,506.0,266.0,2470.0,1440.0,730.0,,
1965-08-04,767.0,364.0,232.0,3080.0,1160.0,590.0,,
1965-08-05,575.0,492.0,272.0,2250.0,1710.0,970.0,,
1965-08-06,627.0,410.0,303.0,2440.0,1190.0,580.0,,
1965-08-09,550.0,541.0,270.0,2250.0,1760.0,530.0,,
1965-08-10,567.0,473.0,319.0,2520.0,1490.0,690.0,,
1965-08-11,684.0,422.0,231.0,3120.0,1380.0,530.0,,
1965-08-12,666.0,386.0,280.0,3000.0,1580.0,590.0,,
1965-08-13,699.0,419.0,238.0,3620.0,1270.0,550.0,,
1965-08-16,622.0,495.0,259.0,2500.0,1980.0,790.0,,
1965-08-17,556.0,500.0,292.0,2260.0,1800.0,460.0,,
1965-08-18,579.0,514.0,271.0,3120.0,2090.0,640.0,,
1965-08-19,402.0,689.0,261.0,1470.0,2970.0,560.0,,
1965-08-20,486.0,562.0,272.0,2100.0,1590.0,480.0,,
1965-08-23,498.0,552.0,297.0,2390.0,1550.0,530.0,,
1965-08-24,611.0,473.0,292.0,2840.0,1310.0,600.0,,
1965-08-25,575.0,539.0,263.0,3950.0,1770.0,520.0,,
1965-08-26,646.0,474.0,253.0,3570.0,1840.0,610.0,,
1965-08-27,664.0,456.0,252.0,3070.0,1920.0,580.0,,
1965-08-30,597.0,469.0,303.0,2490.0,1340.0,570.0,,
1965-08-31,563.0,520.0,276.0,2950.0,1660.0,570.0,,
1965-09-01,571.0,502.0,294.0,3000.0,2070.0,830.0,,
1965-09-02,767.0,360.0,254.0,4700.0,1250.0,520.0,,
1965-09-03,745.0,363.0,269.0,3860.0,1400.0,760.0,,
1965-09-07,659.0,481.0,251.0,3170.0,1940.0,650.0,,
1965-09-08,589.0,538.0,263.0,3140.0,2190.0,920.0,,
1965-09-09,651.0,484.0,260.0,4460.0,2230.0,680.0,,
1965-09-10,605.0,523.0,264.0,3860.0,2120.0,670.0,,
1965-09-13,645.0,486.0,255.0,4440.0,1950.0,640.0,,
1965-09-14,407.0,770.0,241.0,2020.0,5130.0,690.0,,
1965-09-15,668.0,486.0,248.0,4220.0,1230.0,780.0,,
1965-09-16,706.0,443.0,245.0,4880.0,1860.0,680.0,,
1965-09-17,522.0,606.0,271.0,3450.0,2440.0,730.0,,
1965-09-20,597.0,547.0,250.0,4070.0,2240.0,740.0,,
1965-09-21,517.0,628.0,256.0,3430.0,3280.0,1050.0,,
1965-09-22,698.0,454.0,245.0,6130.0,1560.0,610.0,,
1965-09-23,362.0,779.0,261.0,3070.0,5760.0,1170.0,,
1965-09-24,626.0,473.0,285.0,5630.0,1520.0,670.0,,
1965-09-27,641.0,516.0,249.0,4180.0,1720.0,930.0,,
1965-09-28,511.0,640.0,254.0,4330.0,3690.0,840.0,,
1965-09-29,383.0,748.0,283.0,3870.0,5800.0,940.0,,
1965-09-30,505.0,627.0,256.0,3510.0,4200.0,970.0,,
1965-10-01,532.0,550.0,293.0,3780.0,2800.0,900.0,,
1965-10-04,673.0,454.0,261.0,3490.0,1570.0,530.0,,
1965-10-05,723.0,409.0,241.0,4570.0,1670.0,750.0,,
1965-10-06,471.0,625.0,273.0,2920.0,2500.0,600.0,,
1965-10-07,656.0,503.0,230.0,3590.0,2360.0,730.0,,
1965-10-08,776.0,358.0,262.0,5730.0,1330.0,620.0,,
1965-10-11,756.0,418.0,229.0,6940.0,1930.0,740.0,,
1965-10-12,581.0,585.0,226.0,5700.0,3080.0,700.0,,
1965-10-13,571.0,578.0,254.0,4330.0,4250.0,900.0,,
1965-10-14,554.0,590.0,251.0,3970.0,3810.0,810.0,,
1965-10-15,626.0,491.0,275.0,4220.0,2360.0,910.0,,
1965-10-18,658.0,502.0,245.0,5150.0,2380.0,650.0,,
1965-10-19,555.0,636.0,234.0,4070.0,3740.0,810.0,,
1965-10-20,554.0,632.0,229.0,3930.0,3410.0,860.0,,
1965-10-21,630.0,531.0,253.0,5280.0,3100.0,790.0,,
1965-10-22,532.0,615.0,257.0,3870.0,3830.0,1260.0,,
1965-10-25,395.0,738.0,261.0,1780.0,4640.0,670.0,,
1965-10-26,684.0,432.0,289.0,4450.0,1430.0,880.0,,
1965-10-27,649.0,476.0,287.0,4400.0,2140.0,1140.0,,
1965-10-28,493.0,649.0,259.0,3060.0,3490.0,690.0,,
1965-10-29,658.0,479.0,259.0,4210.0,2330.0,710.0,,
1965-11-01,516.0,636.0,250.0,2500.0,3060.0,780.0,,
1965-11-03,606.0,567.0,260.0,3650.0,2810.0,1060.0,,
1965-11-04,621.0,623.0,167.0,4860.0,2510.0,1010.0,,
1965-11-05,575.0,571.0,284.0,3120.0,3190.0,1000.0,,
1965-11-08,397.0,755.0,251.0,2660.0,3640.0,710.0,,
1965-11-09,516.0,616.0,259.0,2980.0,3010.0,700.0,,
1965-11-10,502.0,585.0,285.0,2040.0,2250.0,580.0,,
1965-11-11,587.0,480.0,287.0,3370.0,1390.0,680.0,,
1965-11-12,684.0,457.0,248.0,4690.0,2300.0,790.0,,
1965-11-15,640.0,513.0,244.0,4900.0,2620.0,800.0,,
1965-11-16,565.0,593.0,253.0,4640.0,3020.0,720.0,,
1965-11-17,504.0,652.0,252.0,3580.0,4610.0,930.0,,
1965-11-18,504.0,610.0,277.0,2970.0,3180.0,890.0,,
1965-11-19,599.0,541.0,262.0,3550.0,2560.0,740.0,,
1965-11-22,412.0,728.0,267.0,2280.0,3410.0,690.0,,
1965-11-23,621.0,533.0,259.0,4270.0,2170.0,710.0,,
1965-11-24,654.0,490.0,252.0,4450.0,2480.0,940.0,,
1965-11-26,699.0,465.0,226.0,4260.0,2070.0,650.0,,
1965-11-29,634.0,562.0,225.0,4770.0,3340.0,650.0,,
1965-11-30,522.0,646.0,248.0,4860.0,3130.0,1000.0,,
1965-12-01,617.0,563.0,232.0,6020.0,3420.0,710.0,,
1965-12-02,500.0,672.0,251.0,4010.0,4080.0,990.0,,
1965-12-03,554.0,599.0,262.0,3960.0,3250.0,950.0,,
1965-12-06,240.0,1011.0,181.0,2060.0,8460.0,910.0,,
1965-12-07,869.0,336.0,215.0,7220.0,1470.0,660.0,,
1965-12-08,626.0,522.0,254.0,4950.0,3900.0,1280.0,,
1965-12-09,637.0,537.0,237.0,5500.0,2370.0,1280.0,,
1965-12-10,656.0,518.0,249.0,4900.0,2900.0,940.0,,
1965-12-13,644.0,549.0,228.0,5030.0,2740.0,900.0,,
1965-12-14,620.0,606.0,207.0,5700.0,3510.0,720.0,,
1965-12-15,620.0,577.0,232.0,5150.0,3600.0,820.0,,
1965-12-16,672.0,544.0,228.0,6090.0,2890.0,980.0,,
1965-12-17,627.0,536.0,253.0,4500.0,3380.0,1620.0,,
1965-12-20,391.0,799.0,239.0,2100.0,4420.0,840.0,,
1965-12-21,664.0,530.0,229.0,5080.0,2360.0,800.0,,
1965-12-22,501.0,704.0,212.0,3950.0,4760.0,1020.0,,
1965-12-23,497.0,668.0,258.0,2580.0,3510.0,790.0,,
1965-12-27,380.0,798.0,260.0,1680.0,3510.0,770.0,,
1965-12-28,497.0,686.0,234.0,3090.0,3510.0,680.0,,
1965-12-29,717.0,471.0,237.0,4990.0,1840.0,790.0,,
1965-12-30,714.0,446.0,254.0,4280.0,1900.0,890.0,,
1965-12-31,697.0,479.0,229.0,3700.0,2730.0,810.0,,
1966-01-03,630.0,547.0,219.0,3180.0,2190.0,590.0,,
1966-01-04,639.0,608.0,140.0,4080.0,2660.0,810.0,,
1966-01-05,740.0,440.0,233.0,5850.0,2830.0,980.0,,
1966-01-06,649.0,531.0,230.0,4250.0,2920.0,720.0,,
1966-01-07,612.0,540.0,258.0,3730.0,3090.0,830.0,,
1966-01-10,699.0,506.0,220.0,4850.0,2090.0,790.0,,
1966-01-11,632.0,536.0,259.0,5330.0,2810.0,770.0,,
1966-01-12,579.0,592.0,252.0,4220.0,3240.0,1080.0,,
1966-01-13,699.0,487.0,240.0,5210.0,2800.0,860.0,,
1966-01-14,663.0,536.0,226.0,4840.0,3360.0,990.0,,
1966-01-17,738.0,469.0,250.0,5230.0,3010.0,1200.0,,
1966-01-18,632.0,567.0,243.0,5300.0,3500.0,1000.0,,
1966-01-19,492.0,706.0,240.0,4140.0,4710.0,1390.0,,
1966-01-20,500.0,701.0,228.0,4060.0,3750.0,860.0,,
1966-01-21,542.0,624.0,273.0,4570.0,3580.0,1030.0,,
1966-01-24,697.0,503.0,220.0,4860.0,3260.0,670.0,,
1966-01-25,651.0,535.0,251.0,5200.0,3130.0,810.0,,
1966-01-26,591.0,609.0,226.0,4890.0,4200.0,830.0,,
1966-01-27,577.0,596.0,245.0,4700.0,3270.0,1010.0,,
1966-01-28,504.0,668.0,249.0,3750.0,4070.0,1180.0,,
1966-01-31,425.0,739.0,255.0,2820.0,4030.0,960.0,,
1966-02-01,222.0,1022.0,188.0,1090.0,7200.0,800.0,,
1966-02-02,671.0,524.0,219.0,5560.0,1860.0,720.0,,
1966-02-03,642.0,510.0,259.0,3580.0,3550.0,1040.0,,
1966-02-04,707.0,485.0,230.0,4780.0,2060.0,730.0,,
1966-02-07,712.0,470.0,238.0,4850.0,2170.0,1440.0,,
1966-02-08,491.0,710.0,225.0,4880.0,4800.0,880.0,,
1966-02-09,805.0,408.0,207.0,7250.0,1890.0,620.0,,
1966-02-10,569.0,638.0,236.0,4450.0,4330.0,1020.0,,
1966-02-11,650.0,553.0,238.0,4710.0,2540.0,910.0,,
1966-02-14,585.0,639.0,210.0,4310.0,3350.0,700.0,,
1966-02-15,451.0,741.0,224.0,3010.0,4870.0,870.0,,
1966-02-16,545.0,667.0,207.0,4700.0,3700.0,790.0,,
1966-02-17,399.0,786.0,232.0,3360.0,5060.0,860.0,,
1966-02-18,498.0,687.0,255.0,3560.0,4070.0,850.0,,
1966-02-21,426.0,785.0,214.0,3030.0,4490.0,1000.0,,
1966-02-23,402.0,807.0,244.0,3050.0,4210.0,830.0,,
1966-02-24,392.0,747.0,256.0,2850.0,4090.0,930.0,,
1966-02-25,686.0,480.0,232.0,5380.0,2050.0,720.0,,
1966-02-28,673.0,545.0,212.0,6130.0,3010.0,780.0,,
1966-03-01,250.0,986.0,207.0,1670.0,8550.0,830.0,,
1966-03-02,268.0,986.0,192.0,2420.0,7020.0,1040.0,,
1966-03-03,648.0,545.0,232.0,7000.0,2230.0,680.0,,
1966-03-04,502.0,671.0,250.0,3030.0,5230.0,750.0,,
1966-03-07,230.0,1013.0,170.0,1610.0,7130.0,640.0,,
1966-03-08,446.0,753.0,225.0,5140.0,4040.0,950.0,,
1966-03-09,880.0,307.0,232.0,5990.0,1190.0,800.0,,
1966-03-10,542.0,640.0,235.0,4120.0,5030.0,1170.0,,
1966-03-11,543.0,606.0,252.0,3020.0,3100.0,900.0,,
1966-03-14,223.0,997.0,199.0,970.0,5780.0,660.0,,
1966-03-15,240.0,1017.0,171.0,1490.0,7100.0,860.0,,
1966-03-16,715.0,445.0,242.0,4570.0,1870.0,940.0,,
1966-03-17,677.0,453.0,258.0,3020.0,1740.0,700.0,,
1966-03-18,772.0,367.0,343.0,4330.0,1300.0,830.0,,
1966-03-21,836.0,342.0,230.0,5490.0,1180.0,570.0,,
1966-03-22,727.0,466.0,245.0,4740.0,3320.0,860.0,,
1966-03-23,465.0,695.0,243.0,2750.0,2940.0,1030.0,,
1966-03-24,545.0,595.0,258.0,3940.0,2530.0,1410.0,,
1966-03-25,644.0,497.0,240.0,4280.0,2150.0,1320.0,,
1966-03-28,699.0,517.0,197.0,5160.0,2750.0,740.0,,
1966-03-29,402.0,755.0,247.0,2320.0,5260.0,730.0,,
1966-03-30,254.0,938.0,239.0,1430.0,5890.0,670.0,,
1966-03-31,650.0,486.0,267.0,4300.0,1630.0,770.0,,
1966-04-01,760.0,410.0,244.0,6640.0,1910.0,510.0,,
1966-04-04,829.0,381.0,208.0,6990.0,1780.0,600.0,,
1966-04-05,794.0,417.0,226.0,6460.0,3130.0,970.0,,
1966-04-06,640.0,542.0,243.0,5080.0,3160.0,810.0,,
1966-04-07,703.0,481.0,243.0,5990.0,2780.0,880.0,,
1966-04-11,631.0,593.0,220.0,4850.0,3470.0,1000.0,,
1966-04-12,549.0,646.0,222.0,4970.0,4720.0,760.0,,
1966-04-13,545.0,629.0,236.0,6050.0,3360.0,1030.0,,
1966-04-14,585.0,580.0,257.0,6830.0,4610.0,1550.0,,
1966-04-15,610.0,600.0,230.0,5140.0,4190.0,950.0,,
1966-04-18,487.0,694.0,233.0,3350.0,5160.0,650.0,,
1966-04-19,586.0,583.0,251.0,4960.0,2890.0,480.0,,
1966-04-20,720.0,469.0,248.0,6330.0,3110.0,1080.0,,
1966-04-21,649.0,549.0,242.0,4760.0,3510.0,1290.0,,
1966-04-22,489.0,684.0,263.0,3300.0,4310.0,1040.0,,
1966-04-25,551.0,625.0,256.0,2930.0,3450.0,900.0,,
1966-04-26,538.0,646.0,255.0,3030.0,3680.0,830.0,,
1966-04-27,396.0,781.0,229.0,2270.0,4960.0,720.0,,
1966-04-28,315.0,896.0,225.0,2260.0,5220.0,840.0,,
1966-04-29,571.0,560.0,261.0,3300.0,3030.0,890.0,,
1966-05-02,519.0,669.0,239.0,2920.0,3350.0,800.0,,
1966-05-03,228.0,1014.0,187.0,1410.0,6190.0,430.0,,
1966-05-04,357.0,858.0,237.0,2890.0,5820.0,1030.0,,
1966-05-05,180.0,1083.0,179.0,880.0,8560.0,670.0,,
1966-05-06,377.0,872.0,197.0,6310.0,5560.0,1250.0,,
1966-05-09,273.0,991.0,188.0,1210.0,7650.0,440.0,,
1966-05-10,778.0,410.0,235.0,6680.0,1350.0,1020.0,,
1966-05-11,639.0,515.0,262.0,3180.0,3520.0,780.0,,
1966-05-12,190.0,1062.0,164.0,830.0,7010.0,380.0,,
1966-05-13,237.0,982.0,210.0,1240.0,6900.0,860.0,,
1966-05-16,194.0,1071.0,178.0,820.0,7880.0,560.0,,
1966-05-17,230.0,1000.0,217.0,1350.0,7690.0,830.0,,
1966-05-18,946.0,273.0,224.0,7750.0,840.0,730.0,,
1966-05-19,579.0,607.0,229.0,2320.0,5580.0,740.0,,
1966-05-20,618.0,566.0,221.0,4420.0,1590.0,430.0,,
1966-05-23,826.0,360.0,204.0,5050.0,1490.0,540.0,,
1966-05-24,889.0,318.0,196.0,4590.0,1830.0,800.0,,
1966-05-25,647.0,477.0,243.0,3650.0,1550.0,630.0,,
1966-05-26,584.0,552.0,243.0,2460.0,2990.0,640.0,,
1966-05-27,629.0,448.0,304.0,2990.0,1010.0,800.0,,
1966-05-31,286.0,879.0,233.0,930.0,4260.0,580.0,,
1966-06-01,490.0,645.0,260.0,2780.0,2000.0,520.0,,
1966-06-02,565.0,509.0,271.0,1920.0,2450.0,710.0,,
1966-06-03,585.0,494.0,284.0,2280.0,1500.0,660.0,,
1966-06-06,329.0,819.0,237.0,850.0,2970.0,450.0,,
1966-06-07,271.0,832.0,268.0,860.0,3650.0,540.0,,
1966-06-08,622.0,480.0,272.0,2640.0,1300.0,640.0,,
1966-06-09,729.0,396.0,245.0,4050.0,1280.0,480.0,,
1966-06-10,871.0,301.0,210.0,6590.0,1110.0,630.0,,
1966-06-13,715.0,454.0,230.0,4400.0,2430.0,770.0,,
1966-06-14,608.0,534.0,250.0,4580.0,2390.0,600.0,,
1966-06-15,529.0,559.0,299.0,3380.0,4220.0,930.0,,
1966-06-16,511.0,618.0,239.0,3660.0,2370.0,850.0,,
1966-06-17,513.0,594.0,278.0,2920.0,2910.0,760.0,,
1966-06-20,523.0,614.0,251.0,2750.0,2450.0,740.0,,
1966-06-21,675.0,478.0,229.0,4310.0,2020.0,540.0,,
1966-06-22,635.0,513.0,260.0,4620.0,2340.0,850.0,,
1966-06-23,459.0,680.0,249.0,2370.0,4860.0,710.0,,
1966-06-24,476.0,663.0,237.0,2720.0,3620.0,800.0,,
1966-06-27,384.0,774.0,224.0,1220.0,3590.0,530.0,,
1966-06-28,382.0,773.0,250.0,2420.0,3330.0,540.0,,
1966-06-29,238.0,919.0,231.0,770.0,4710.0,550.0,,
1966-06-30,373.0,775.0,238.0,3160.0,3380.0,710.0,,
1966-07-01,826.0,313.0,227.0,3780.0,980.0,470.0,,
1966-07-05,571.0,542.0,264.0,1990.0,2100.0,520.0,,
1966-07-06,864.0,320.0,209.0,5360.0,1060.0,450.0,,
1966-07-07,699.0,459.0,264.0,3580.0,2850.0,780.0,,
1966-07-08,617.0,528.0,256.0,3590.0,1810.0,700.0,,
1966-07-11,592.0,553.0,244.0,2970.0,2610.0,620.0,,
1966-07-12,426.0,741.0,227.0,1700.0,2960.0,520.0,,
1966-07-13,335.0,791.0,259.0,1660.0,3250.0,680.0,,
1966-07-14,638.0,474.0,280.0,3700.0,1600.0,650.0,,
1966-07-15,649.0,488.0,264.0,3670.0,1570.0,850.0,,
1966-07-18,478.0,666.0,251.0,2090.0,2420.0,610.0,,
1966-07-19,302.0,849.0,248.0,1280.0,4080.0,610.0,,
1966-07-20,316.0,838.0,214.0,1000.0,3970.0,500.0,,
1966-07-21,439.0,709.0,239.0,2680.0,2850.0,680.0,,
1966-07-22,518.0,611.0,239.0,3290.0,2330.0,930.0,,
1966-07-25,165.0,1089.0,153.0,440.0,6290.0,330.0,,
1966-07-26,348.0,818.0,252.0,2940.0,3710.0,960.0,,
1966-07-27,740.0,408.0,232.0,3810.0,1550.0,720.0,,
1966-07-28,419.0,689.0,265.0,1860.0,3180.0,650.0,,
1966-07-29,446.0,615.0,304.0,1960.0,2560.0,630.0,,
1966-08-01,164.0,1080.0,163.0,380.0,5220.0,290.0,,
1966-08-02,481.0,655.0,276.0,2730.0,2190.0,790.0,,
1966-08-03,829.0,326.0,245.0,4780.0,880.0,560.0,,
1966-08-04,760.0,393.0,233.0,4750.0,1580.0,580.0,,
1966-08-05,604.0,498.0,265.0,2620.0,2110.0,770.0,,
1966-08-08,436.0,685.0,253.0,2110.0,2240.0,550.0,,
1966-08-09,561.0,556.0,255.0,3510.0,2220.0,520.0,,
1966-08-10,337.0,761.0,267.0,1620.0,3060.0,620.0,,
1966-08-11,480.0,611.0,300.0,3050.0,1950.0,690.0,,
1966-08-12,600.0,501.0,270.0,3630.0,1940.0,670.0,,
1966-08-15,407.0,696.0,267.0,2240.0,2800.0,650.0,,
1966-08-16,211.0,997.0,212.0,740.0,4860.0,530.0,,
1966-08-17,278.0,883.0,259.0,1990.0,3940.0,700.0,,
1966-08-18,181.0,1048.0,209.0,710.0,5680.0,600.0,,
1966-08-19,292.0,873.0,247.0,1360.0,5040.0,680.0,,
1966-08-22,130.0,1147.0,171.0,1150.0,7020.0,520.0,,
1966-08-23,524.0,657.0,244.0,5050.0,3770.0,1010.0,,
1966-08-24,845.0,342.0,211.0,5280.0,1250.0,520.0,,
1966-08-25,310.0,889.0,225.0,760.0,5440.0,560.0,,
1966-08-26,100.0,1186.0,142.0,290.0,7620.0,280.0,,
1966-08-29,103.0,1240.0,114.0,430.0,10120.0,360.0,,
1966-08-30,710.0,498.0,224.0,8850.0,1700.0,680.0,,
1966-08-31,988.0,281.0,162.0,5420.0,2760.0,510.0,,
1966-09-01,664.0,502.0,254.0,2770.0,2880.0,600.0,,
1966-09-02,516.0,619.0,256.0,1800.0,3640.0,640.0,,
1966-09-06,448.0,677.0,266.0,1320.0,2510.0,530.0,,
1966-09-07,257.0,907.0,208.0,870.0,4230.0,430.0,,
1966-09-08,468.0,706.0,232.0,3280.0,2710.0,670.0,,
1966-09-09,657.0,469.0,263.0,3220.0,1350.0,720.0,,
1966-09-12,1030.0,202.0,185.0,5860.0,520.0,400.0,,
1966-09-13,847.0,379.0,197.0,3780.0,2580.0,520.0,,
1966-09-14,691.0,467.0,245.0,4070.0,1450.0,730.0,,
1966-09-15,724.0,440.0,214.0,3330.0,2290.0,530.0,,
1966-09-16,602.0,538.0,242.0,2290.0,2220.0,650.0,,
1966-09-19,460.0,677.0,262.0,1670.0,2670.0,590.0,,
1966-09-20,400.0,724.0,265.0,1440.0,2530.0,590.0,,
1966-09-21,170.0,995.0,224.0,330.0,4570.0,460.0,,
1966-09-22,531.0,595.0,263.0,3360.0,1750.0,660.0,,
1966-09-23,455.0,626.0,280.0,1390.0,2540.0,630.0,,
1966-09-26,555.0,572.0,270.0,2430.0,1780.0,760.0,,
1966-09-27,646.0,508.0,224.0,2960.0,2720.0,630.0,,
1966-09-28,296.0,833.0,243.0,720.0,4810.0,470.0,,
1966-09-29,223.0,964.0,209.0,760.0,4940.0,420.0,,
1966-09-30,569.0,543.0,267.0,3430.0,2060.0,690.0,,
1966-10-03,198.0,1003.0,204.0,380.0,5760.0,360.0,,
1966-10-04,397.0,776.0,257.0,3670.0,4200.0,1050.0,,
1966-10-05,381.0,763.0,260.0,1150.0,4190.0,550.0,,
1966-10-06,243.0,961.0,220.0,840.0,6650.0,620.0,,
1966-10-07,280.0,918.0,233.0,1140.0,6450.0,550.0,,
1966-10-10,725.0,453.0,244.0,7020.0,1840.0,780.0,,
1966-10-11,792.0,399.0,233.0,3730.0,3890.0,820.0,,
1966-10-12,916.0,261.0,209.0,6010.0,560.0,350.0,,
1966-10-13,735.0,471.0,222.0,3270.0,4360.0,1050.0,,
1966-10-14,571.0,569.0,223.0,2690.0,2540.0,380.0,,
1966-10-17,775.0,388.0,242.0,3710.0,1310.0,560.0,,
1966-10-18,908.0,283.0,225.0,5710.0,920.0,560.0,,
1966-10-19,502.0,671.0,259.0,1860.0,3950.0,650.0,,
1966-10-20,508.0,624.0,275.0,2110.0,4100.0,630.0,,
1966-10-21,529.0,606.0,261.0,2420.0,2410.0,860.0,,
1966-10-24,604.0,571.0,237.0,2450.0,2760.0,570.0,,
1966-10-25,596.0,549.0,276.0,3240.0,2360.0,640.0,,
1966-10-26,890.0,310.0,230.0,4890.0,1140.0,730.0,,
1966-10-27,809.0,410.0,214.0,4290.0,1750.0,640.0,,
1966-10-28,702.0,489.0,235.0,3330.0,2480.0,620.0,,
1966-10-31,583.0,568.0,269.0,2810.0,2460.0,600.0,,
1966-11-01,781.0,371.0,248.0,4540.0,1280.0,660.0,,
1966-11-02,635.0,535.0,245.0,3100.0,2990.0,660.0,,
1966-11-03,467.0,664.0,260.0,2410.0,2810.0,650.0,,
1966-11-04,615.0,530.0,242.0,4400.0,1540.0,600.0,,
1966-11-07,620.0,537.0,251.0,3100.0,2290.0,740.0,,
1966-11-09,756.0,435.0,238.0,5710.0,2020.0,660.0,,
1966-11-10,772.0,430.0,236.0,5390.0,2590.0,920.0,,
1966-11-11,604.0,510.0,273.0,3600.0,2300.0,800.0,,
1966-11-14,460.0,698.0,277.0,2040.0,3570.0,940.0,,
1966-11-15,648.0,511.0,255.0,4310.0,2260.0,620.0,,
1966-11-16,883.0,347.0,216.0,7760.0,1640.0,960.0,,
1966-11-17,445.0,729.0,259.0,1800.0,5980.0,1130.0,,
1966-11-18,413.0,763.0,252.0,2300.0,3940.0,670.0,,
1966-11-21,212.0,1026.0,194.0,760.0,6170.0,530.0,,
1966-11-22,387.0,774.0,260.0,2580.0,3060.0,800.0,,
1966-11-23,757.0,388.0,265.0,4870.0,1700.0,790.0,,
1966-11-25,781.0,371.0,244.0,5230.0,1050.0,530.0,,
1966-11-28,572.0,625.0,242.0,3670.0,3200.0,770.0,,
1966-11-29,491.0,650.0,277.0,2720.0,3760.0,850.0,,
1966-11-30,535.0,617.0,265.0,4040.0,2310.0,890.0,,
1966-12-01,548.0,639.0,249.0,3280.0,4200.0,1010.0,,
1966-12-02,527.0,613.0,275.0,2710.0,2600.0,930.0,,
1966-12-05,543.0,621.0,272.0,3330.0,2310.0,840.0,,
1966-12-06,714.0,477.0,241.0,4620.0,2360.0,690.0,,
1966-12-07,750.0,439.0,261.0,5900.0,1990.0,1100.0,,
1966-12-08,708.0,485.0,262.0,4680.0,2820.0,870.0,,
1966-12-09,668.0,505.0,261.0,4520.0,2380.0,750.0,,
1966-12-12,815.0,415.0,231.0,6570.0,1830.0,1130.0,,
1966-12-13,594.0,626.0,247.0,3870.0,4910.0,1060.0,,
1966-12-14,635.0,536.0,266.0,4260.0,2510.0,760.0,,
1966-12-15,391.0,804.0,263.0,1870.0,4630.0,730.0,,
1966-12-16,548.0,599.0,282.0,3460.0,2670.0,860.0,,
1966-12-19,539.0,649.0,261.0,3020.0,3290.0,1040.0,,
1966-12-20,448.0,722.0,284.0,2050.0,3770.0,1010.0,,
1966-12-21,747.0,433.0,266.0,4980.0,1870.0,850.0,,
1966-12-22,745.0,427.0,272.0,5350.0,2250.0,960.0,,
1966-12-23,578.0,594.0,280.0,3370.0,3140.0,900.0,,
1966-12-27,488.0,708.0,251.0,1930.0,3640.0,720.0,,
1966-12-28,406.0,789.0,253.0,1460.0,4620.0,1090.0,,
1966-12-29,416.0,815.0,244.0,1990.0,4980.0,940.0,,
1966-12-30,533.0,705.0,233.0,3430.0,6160.0,1740.0,,
1967-01-03,789.0,434.0,203.0,3250.0,2320.0,540.0,,
1967-01-04,627.0,510.0,247.0,3400.0,1950.0,800.0,,
1967-01-05,1070.0,208.0,162.0,5860.0,980.0,480.0,,
1967-01-06,920.0,321.0,203.0,5270.0,1990.0,580.0,,
1967-01-09,946.0,314.0,203.0,6860.0,1710.0,610.0,,
1967-01-10,662.0,571.0,226.0,3290.0,3890.0,940.0,,
1967-01-11,938.0,342.0,178.0,10110.0,2130.0,1000.0,,
1967-01-12,859.0,378.0,218.0,7770.0,3860.0,1200.0,,
1967-01-13,834.0,423.0,196.0,6980.0,2270.0,760.0,,
1967-01-16,673.0,566.0,207.0,5000.0,4450.0,840.0,,
1967-01-17,917.0,355.0,179.0,9020.0,1840.0,740.0,,
1967-01-18,728.0,518.0,215.0,6140.0,4400.0,860.0,,
1967-01-19,665.0,553.0,226.0,5330.0,3900.0,1020.0,,
1967-01-20,813.0,401.0,230.0,6600.0,2030.0,900.0,,
1967-01-23,737.0,503.0,228.0,5870.0,3930.0,1030.0,,
1967-01-24,632.0,608.0,208.0,6420.0,3380.0,630.0,,
1967-01-25,457.0,756.0,228.0,3120.0,6210.0,970.0,,
1967-01-26,655.0,550.0,230.0,6260.0,3430.0,950.0,,
1967-01-27,745.0,442.0,241.0,6220.0,2330.0,1150.0,,
1967-01-30,858.0,401.0,186.0,7040.0,2420.0,790.0,,
1967-01-31,637.0,596.0,222.0,5740.0,4930.0,880.0,,
1967-02-01,547.0,630.0,235.0,4470.0,4100.0,1020.0,,
1967-02-02,687.0,539.0,217.0,6340.0,3550.0,830.0,,
1967-02-03,832.0,369.0,226.0,8420.0,2750.0,850.0,,
1967-02-06,627.0,595.0,227.0,5120.0,4600.0,970.0,,
1967-02-07,496.0,640.0,246.0,2450.0,3300.0,660.0,,
1967-02-08,832.0,386.0,217.0,7820.0,2380.0,1030.0,,
1967-02-09,505.0,702.0,217.0,3360.0,6410.0,1210.0,,
1967-02-10,668.0,513.0,250.0,5640.0,2290.0,930.0,,
1967-02-13,664.0,496.0,261.0,4040.0,2740.0,790.0,,
1967-02-14,765.0,441.0,215.0,6230.0,2630.0,900.0,,
1967-02-15,573.0,663.0,210.0,5130.0,4340.0,1020.0,,
1967-02-16,475.0,737.0,219.0,3010.0,4710.0,790.0,,
1967-02-17,521.0,684.0,241.0,3900.0,3740.0,890.0,,
1967-02-20,414.0,791.0,221.0,3460.0,4350.0,840.0,,
1967-02-21,624.0,574.0,258.0,4920.0,3170.0,950.0,,
1967-02-23,605.0,616.0,224.0,4040.0,3930.0,2050.0,,
1967-02-24,636.0,548.0,248.0,5290.0,3740.0,800.0,,
1967-02-27,245.0,1005.0,175.0,2030.0,7650.0,530.0,,
1967-02-28,618.0,588.0,223.0,6120.0,2890.0,960.0,,
1967-03-01,851.0,361.0,231.0,8400.0,2280.0,830.0,,
1967-03-02,709.0,501.0,229.0,7350.0,3570.0,1000.0,,
1967-03-03,632.0,595.0,209.0,6040.0,3860.0,1200.0,,
1967-03-06,567.0,625.0,241.0,5390.0,4190.0,830.0,,
1967-03-07,637.0,537.0,248.0,5730.0,3070.0,1020.0,,
1967-03-08,618.0,589.0,220.0,5780.0,4410.0,890.0,,
1967-03-09,662.0,558.0,235.0,6240.0,3280.0,970.0,,
1967-03-10,774.0,462.0,204.0,8730.0,5260.0,910.0,,
1967-03-13,454.0,779.0,218.0,3370.0,5720.0,830.0,,
1967-03-14,523.0,670.0,242.0,4800.0,4530.0,930.0,,
1967-03-15,753.0,461.0,217.0,7390.0,2620.0,830.0,,
1967-03-16,794.0,434.0,238.0,7360.0,2140.0,2670.0,,
1967-03-17,634.0,567.0,238.0,5020.0,4300.0,710.0,,
1967-03-20,600.0,594.0,239.0,4390.0,3660.0,990.0,,
1967-03-21,548.0,667.0,234.0,3700.0,5270.0,860.0,,
1967-03-22,646.0,539.0,248.0,5170.0,2900.0,750.0,,
1967-03-23,794.0,422.0,221.0,5970.0,2550.0,990.0,,
1967-03-27,625.0,608.0,225.0,4090.0,4080.0,1090.0,,
1967-03-28,662.0,548.0,233.0,4600.0,3320.0,1030.0,,
1967-03-29,587.0,592.0,254.0,3960.0,3530.0,940.0,,
1967-03-30,611.0,570.0,307.0,4110.0,3320.0,920.0,,
1967-03-31,463.0,708.0,264.0,2740.0,4720.0,680.0,,
1967-04-03,301.0,927.0,224.0,1700.0,6130.0,710.0,,
1967-04-04,604.0,612.0,233.0,4380.0,3540.0,830.0,,
1967-04-05,769.0,447.0,223.0,5710.0,2570.0,540.0,,
1967-04-06,636.0,534.0,268.0,4630.0,3920.0,930.0,,
1967-04-07,452.0,747.0,242.0,2350.0,5680.0,1040.0,,
1967-04-10,225.0,980.0,240.0,950.0,6740.0,460.0,,
1967-04-11,787.0,400.0,245.0,5740.0,1210.0,760.0,,
1967-04-12,611.0,555.0,268.0,3310.0,3900.0,540.0,,
1967-04-13,711.0,446.0,249.0,4960.0,1980.0,680.0,,
1967-04-14,797.0,393.0,246.0,6400.0,1740.0,680.0,,
1967-04-17,734.0,480.0,241.0,5650.0,2760.0,660.0,,
1967-04-18,812.0,420.0,229.0,7400.0,2320.0,780.0,,
1967-04-19,636.0,612.0,214.0,5170.0,4560.0,1140.0,,
1967-04-20,671.0,531.0,244.0,5250.0,3380.0,1060.0,,
1967-04-21,648.0,550.0,244.0,5580.0,3680.0,960.0,,
1967-04-24,629.0,602.0,234.0,5010.0,4290.0,980.0,,
1967-04-25,663.0,568.0,230.0,6130.0,3270.0,1020.0,,
1967-04-26,596.0,615.0,259.0,4320.0,4770.0,1480.0,,
1967-04-27,764.0,465.0,225.0,7250.0,2210.0,790.0,,
1967-04-28,658.0,562.0,231.0,5900.0,4260.0,1050.0,,
1967-05-01,640.0,580.0,238.0,4510.0,4110.0,790.0,,
1967-05-02,686.0,574.0,204.0,6150.0,3320.0,790.0,,
1967-05-03,676.0,547.0,232.0,6600.0,3670.0,1290.0,,
1967-05-04,675.0,556.0,225.0,6960.0,4270.0,1630.0,,
1967-05-05,649.0,589.0,227.0,5560.0,4080.0,1000.0,,
1967-05-08,675.0,586.0,215.0,5490.0,3980.0,860.0,,
1967-05-09,375.0,889.0,223.0,2280.0,7770.0,780.0,,
1967-05-10,593.0,648.0,236.0,5670.0,3300.0,1440.0,,
1967-05-11,755.0,445.0,246.0,7020.0,2350.0,960.0,,
1967-05-12,554.0,620.0,282.0,4490.0,4890.0,1100.0,,
1967-05-15,397.0,824.0,221.0,2700.0,4890.0,740.0,,
1967-05-16,734.0,477.0,242.0,7040.0,2550.0,1110.0,,
1967-05-17,559.0,632.0,256.0,4310.0,4310.0,950.0,,
1967-05-18,543.0,636.0,273.0,5510.0,3900.0,860.0,,
1967-05-19,438.0,752.0,253.0,3870.0,5390.0,1310.0,,
1967-05-22,478.0,718.0,244.0,4240.0,4300.0,1070.0,,
1967-05-23,477.0,768.0,223.0,3950.0,5090.0,770.0,,
1967-05-24,225.0,1048.0,193.0,1920.0,7740.0,640.0,,
1967-05-25,785.0,418.0,238.0,6190.0,1950.0,820.0,,
1967-05-26,536.0,641.0,255.0,3230.0,3700.0,890.0,,
1967-05-29,426.0,738.0,249.0,2220.0,3540.0,830.0,,
1967-05-31,138.0,1145.0,155.0,390.0,8100.0,380.0,,
1967-06-01,832.0,391.0,221.0,7000.0,1290.0,750.0,,
1967-06-02,536.0,653.0,247.0,3160.0,4040.0,860.0,,
1967-06-05,112.0,1211.0,117.0,600.0,10200.0,320.0,,
1967-06-06,1071.0,205.0,143.0,8230.0,670.0,330.0,,
1967-06-07,914.0,318.0,187.0,7670.0,1950.0,550.0,,
1967-06-08,752.0,431.0,231.0,5610.0,1990.0,700.0,,
1967-06-09,758.0,457.0,229.0,5490.0,3190.0,980.0,,
1967-06-12,795.0,417.0,221.0,7020.0,2440.0,770.0,,
1967-06-13,735.0,512.0,193.0,7400.0,3540.0,640.0,,
1967-06-14,565.0,653.0,236.0,5040.0,5090.0,840.0,,
1967-06-15,660.0,567.0,223.0,7050.0,2960.0,1240.0,,
1967-06-16,580.0,620.0,242.0,5640.0,4120.0,980.0,,
1967-06-19,587.0,610.0,225.0,4730.0,3090.0,750.0,,
1967-06-20,609.0,608.0,239.0,4910.0,4090.0,1350.0,,
1967-06-21,518.0,705.0,229.0,4380.0,4360.0,1030.0,,
1967-06-22,497.0,688.0,263.0,3860.0,4830.0,860.0,,
1967-06-23,647.0,534.0,253.0,4580.0,3460.0,1090.0,,
1967-06-26,500.0,718.0,229.0,3090.0,5020.0,930.0,,
1967-06-27,495.0,692.0,248.0,3300.0,4670.0,810.0,,
1967-06-28,661.0,576.0,207.0,5930.0,2760.0,620.0,,
1967-06-29,446.0,787.0,220.0,3120.0,5830.0,990.0,,
1967-06-30,603.0,574.0,262.0,4040.0,2900.0,920.0,,
1967-07-03,709.0,450.0,253.0,3590.0,1810.0,600.0,,
1967-07-05,786.0,445.0,213.0,5850.0,2380.0,900.0,,
1967-07-06,613.0,602.0,239.0,5080.0,4200.0,870.0,,
1967-07-07,785.0,446.0,225.0,7990.0,2690.0,860.0,,
1967-07-10,857.0,433.0,186.0,8110.0,3290.0,740.0,,
1967-07-11,668.0,582.0,221.0,6740.0,4500.0,1160.0,,
1967-07-12,601.0,623.0,239.0,5640.0,4600.0,980.0,,
1967-07-13,676.0,564.0,212.0,6040.0,3750.0,940.0,,
1967-07-14,747.0,481.0,239.0,6770.0,3200.0,920.0,,
1967-07-17,621.0,622.0,206.0,5240.0,4370.0,790.0,,
1967-07-18,802.0,475.0,205.0,8010.0,3130.0,920.0,,
1967-07-19,645.0,609.0,218.0,6290.0,5630.0,930.0,,
1967-07-20,594.0,635.0,231.0,5610.0,4760.0,790.0,,
1967-07-21,556.0,663.0,231.0,5410.0,5470.0,840.0,,
1967-07-24,486.0,772.0,219.0,3110.0,5380.0,1090.0,,
1967-07-25,647.0,553.0,234.0,5480.0,3520.0,900.0,,
1967-07-26,721.0,508.0,223.0,7250.0,2990.0,930.0,,
1967-07-27,728.0,513.0,204.0,7470.0,3950.0,980.0,,
1967-07-28,703.0,519.0,212.0,6400.0,3720.0,790.0,,
1967-07-31,679.0,547.0,216.0,5600.0,3710.0,1030.0,,
1967-08-01,748.0,499.0,216.0,7490.0,3910.0,890.0,,
1967-08-02,736.0,518.0,212.0,7080.0,5210.0,1220.0,,
1967-08-03,494.0,754.0,227.0,5910.0,6000.0,1550.0,,
1967-08-04,724.0,488.0,247.0,6360.0,3650.0,1120.0,,
1967-08-07,595.0,645.0,228.0,4330.0,4760.0,1030.0,,
1967-08-08,567.0,625.0,259.0,4370.0,3760.0,850.0,,
1967-08-09,656.0,562.0,222.0,5600.0,3630.0,870.0,,
1967-08-10,525.0,715.0,223.0,3600.0,4400.0,1050.0,,
1967-08-11,404.0,780.0,270.0,2670.0,4580.0,1010.0,,
1967-08-14,394.0,843.0,210.0,2290.0,4890.0,810.0,,
1967-08-15,613.0,605.0,231.0,4430.0,3310.0,980.0,,
1967-08-16,490.0,739.0,240.0,3030.0,4270.0,930.0,,
1967-08-17,640.0,588.0,228.0,4980.0,3180.0,630.0,,
1967-08-18,613.0,579.0,266.0,4010.0,3300.0,950.0,,
1967-08-21,480.0,757.0,230.0,3020.0,4660.0,930.0,,
1967-08-22,427.0,794.0,239.0,2550.0,4340.0,1050.0,,
1967-08-23,504.0,711.0,250.0,3710.0,3840.0,1190.0,,
1967-08-24,466.0,744.0,242.0,2320.0,4680.0,740.0,,
1967-08-25,382.0,829.0,236.0,2130.0,4170.0,950.0,,
1967-08-28,614.0,603.0,225.0,3320.0,2340.0,620.0,,
1967-08-29,673.0,521.0,257.0,3440.0,2190.0,730.0,,
1967-08-30,772.0,464.0,209.0,3900.0,2280.0,1020.0,,
1967-08-31,806.0,416.0,233.0,5940.0,2010.0,890.0,,
1967-09-01,747.0,475.0,236.0,4670.0,2160.0,630.0,,
1967-09-05,715.0,512.0,224.0,5060.0,2500.0,770.0,,
1967-09-06,701.0,528.0,246.0,4380.0,3920.0,1260.0,,
1967-09-07,557.0,633.0,284.0,3870.0,4060.0,950.0,,
1967-09-08,596.0,602.0,252.0,4940.0,3340.0,1030.0,,
1967-09-11,604.0,608.0,269.0,4260.0,3800.0,1120.0,,
1967-09-12,716.0,513.0,236.0,6330.0,2760.0,850.0,,
1967-09-13,813.0,436.0,220.0,8130.0,3140.0,1130.0,,
1967-09-14,625.0,619.0,242.0,5530.0,5490.0,1200.0,,
1967-09-15,614.0,651.0,217.0,5100.0,4250.0,920.0,,
1967-09-18,682.0,566.0,227.0,6380.0,4350.0,890.0,,
1967-09-19,465.0,786.0,246.0,3260.0,6850.0,1430.0,,
1967-09-20,650.0,605.0,231.0,6270.0,3570.0,1150.0,,
1967-09-21,648.0,598.0,231.0,6830.0,3590.0,870.0,,
1967-09-22,701.0,544.0,222.0,6530.0,3540.0,1100.0,,
1967-09-25,659.0,581.0,243.0,6000.0,3890.0,1030.0,,
1967-09-26,395.0,869.0,223.0,2760.0,7460.0,720.0,,
1967-09-27,599.0,637.0,251.0,4460.0,3340.0,1000.0,,
1967-09-28,562.0,649.0,267.0,5040.0,4240.0,1200.0,,
1967-09-29,612.0,611.0,233.0,4920.0,3510.0,1290.0,,
1967-10-02,498.0,751.0,229.0,3820.0,4470.0,950.0,,
1967-10-03,673.0,591.0,234.0,5840.0,3610.0,880.0,,
1967-10-04,615.0,626.0,232.0,5600.0,4730.0,1200.0,,
1967-10-05,628.0,567.0,248.0,4480.0,3260.0,760.0,,
1967-10-06,702.0,532.0,235.0,5010.0,3070.0,760.0,,
1967-10-09,662.0,607.0,211.0,5660.0,4700.0,820.0,,
1967-10-10,389.0,886.0,208.0,3230.0,7750.0,1020.0,,
1967-10-11,399.0,854.0,234.0,3690.0,6580.0,960.0,,
1967-10-12,376.0,851.0,236.0,2340.0,4600.0,830.0,,
1967-10-13,616.0,603.0,238.0,4340.0,3620.0,1080.0,,
1967-10-16,348.0,943.0,200.0,2350.0,5860.0,860.0,,
1967-10-17,481.0,767.0,243.0,4710.0,4460.0,1130.0,,
1967-10-18,614.0,626.0,233.0,5250.0,3810.0,1450.0,,
1967-10-19,578.0,685.0,219.0,4830.0,5640.0,1160.0,,
1967-10-20,435.0,801.0,242.0,3390.0,5060.0,1060.0,,
1967-10-23,380.0,880.0,215.0,3170.0,5530.0,990.0,,
1967-10-24,436.0,820.0,233.0,3090.0,7060.0,970.0,,
1967-10-25,538.0,713.0,227.0,5040.0,4200.0,1070.0,,
1967-10-26,701.0,541.0,238.0,5820.0,3100.0,1010.0,,
1967-10-27,584.0,671.0,235.0,4320.0,4650.0,920.0,,
1967-10-30,497.0,757.0,234.0,4240.0,4710.0,1310.0,,
1967-10-31,354.0,914.0,210.0,2590.0,7840.0,1600.0,,
1967-11-01,298.0,952.0,229.0,2480.0,7670.0,790.0,,
1967-11-02,399.0,840.0,241.0,3260.0,6270.0,1240.0,,
1967-11-03,500.0,733.0,238.0,3130.0,4760.0,920.0,,
1967-11-06,468.0,780.0,236.0,3920.0,5360.0,1060.0,,
1967-11-08,597.0,677.0,219.0,4250.0,7100.0,1280.0,,
1967-11-09,639.0,635.0,210.0,4770.0,3260.0,870.0,,
1967-11-10,771.0,499.0,210.0,5430.0,3690.0,850.0,,
1967-11-13,504.0,758.0,239.0,3100.0,6110.0,930.0,,
1967-11-14,337.0,942.0,206.0,2080.0,7480.0,790.0,,
1967-11-15,617.0,647.0,215.0,5930.0,3230.0,840.0,,
1967-11-16,876.0,385.0,209.0,7260.0,2610.0,710.0,,
1967-11-17,769.0,485.0,224.0,5740.0,3400.0,920.0,,
1967-11-20,193.0,1172.0,117.0,1790.0,10490.0,480.0,,
1967-11-21,1049.0,265.0,170.0,9840.0,1440.0,1030.0,,
1967-11-22,841.0,446.0,207.0,7810.0,3230.0,1150.0,,
1967-11-24,586.0,651.0,225.0,4560.0,3990.0,920.0,,
1967-11-27,719.0,554.0,219.0,5000.0,3960.0,1090.0,,
1967-11-28,801.0,484.0,203.0,6770.0,3220.0,1050.0,,
1967-11-29,696.0,582.0,217.0,5670.0,4660.0,1070.0,,
1967-11-30,453.0,824.0,204.0,3060.0,4940.0,870.0,,
1967-12-01,726.0,528.0,234.0,6060.0,2650.0,1040.0,,
1967-12-04,813.0,500.0,199.0,7390.0,3600.0,760.0,,
1967-12-05,638.0,654.0,231.0,6200.0,5460.0,1280.0,,
1967-12-06,686.0,606.0,220.0,7220.0,3710.0,1020.0,,
1967-12-07,629.0,663.0,217.0,5540.0,5670.0,1280.0,,
1967-12-08,587.0,662.0,225.0,4820.0,5010.0,870.0,,
1967-12-11,578.0,702.0,233.0,4830.0,4430.0,1240.0,,
1967-12-12,578.0,685.0,239.0,5760.0,3870.0,1220.0,,
1967-12-13,719.0,563.0,238.0,7180.0,3960.0,1350.0,,
1967-12-14,674.0,604.0,232.0,6080.0,4970.0,1250.0,,
1967-12-15,509.0,780.0,217.0,4180.0,6340.0,1010.0,,
1967-12-18,530.0,735.0,237.0,3530.0,5610.0,1190.0,,
1967-12-19,589.0,685.0,244.0,4510.0,4620.0,1480.0,,
1967-12-20,703.0,545.0,253.0,7330.0,3040.0,1030.0,,
1967-12-21,734.0,561.0,217.0,5810.0,4110.0,1090.0,,
1967-12-22,651.0,624.0,229.0,4680.0,4010.0,890.0,,
1967-12-26,718.0,551.0,245.0,5030.0,3220.0,890.0,,
1967-12-27,866.0,443.0,216.0,8350.0,3100.0,1240.0,,
1967-12-28,654.0,638.0,239.0,5890.0,5250.0,1400.0,,
1967-12-29,822.0,532.0,192.0,9890.0,3940.0,1120.0,,
1968-01-02,729.0,598.0,154.0,5460.0,4860.0,760.0,,
1968-01-03,606.0,728.0,180.0,4880.0,6950.0,830.0,,
1968-01-04,600.0,719.0,183.0,6410.0,6120.0,910.0,,
1968-01-05,867.0,432.0,201.0,7430.0,3470.0,980.0,,
1968-01-08,944.0,406.0,178.0,9740.0,3430.0,1100.0,,
1968-01-09,692.0,630.0,181.0,5880.0,6340.0,1490.0,,
1968-01-10,713.0,562.0,234.0,6760.0,3840.0,1070.0,,
1968-01-11,832.0,483.0,199.0,8970.0,3480.0,770.0,,
1968-01-12,782.0,527.0,201.0,8130.0,3710.0,1240.0,,
1968-01-15,694.0,599.0,222.0,5710.0,5720.0,1220.0,,
1968-01-16,539.0,773.0,222.0,5050.0,6190.0,1100.0,,
1968-01-17,613.0,673.0,208.0,6860.0,4980.0,1070.0,,
1968-01-18,708.0,579.0,228.0,7180.0,5350.0,1310.0,,
1968-01-19,522.0,752.0,221.0,3940.0,6720.0,1290.0,,
1968-01-22,274.0,1072.0,148.0,1400.0,8730.0,510.0,,
1968-01-23,403.0,860.0,214.0,3270.0,6650.0,1120.0,,
1968-01-24,498.0,775.0,200.0,4010.0,5600.0,970.0,,
1968-01-25,493.0,762.0,231.0,5930.0,5130.0,1330.0,,
1968-01-26,755.0,494.0,215.0,5930.0,3100.0,960.0,,
1968-01-29,587.0,698.0,192.0,4200.0,4950.0,800.0,,
1968-01-30,401.0,873.0,217.0,2380.0,6790.0,950.0,,
1968-01-31,339.0,903.0,221.0,2120.0,6510.0,850.0,,
1968-02-01,602.0,612.0,238.0,5780.0,3800.0,1020.0,,
1968-02-02,583.0,671.0,228.0,3420.0,5910.0,800.0,,
1968-02-05,490.0,771.0,222.0,2840.0,5300.0,840.0,,
1968-02-06,593.0,626.0,256.0,4190.0,3300.0,1080.0,,
1968-02-07,637.0,572.0,258.0,4010.0,3400.0,970.0,,
1968-02-08,221.0,1071.0,184.0,740.0,8180.0,740.0,,
1968-02-09,257.0,1020.0,194.0,2280.0,8600.0,970.0,,
1968-02-13,306.0,1013.0,170.0,2680.0,7430.0,730.0,,
1968-02-14,788.0,480.0,216.0,8300.0,2290.0,790.0,,
1968-02-15,803.0,480.0,215.0,5080.0,3750.0,950.0,,
1968-02-16,492.0,734.0,230.0,2940.0,5380.0,760.0,,
1968-02-19,689.0,520.0,255.0,3810.0,2630.0,840.0,,
1968-02-20,822.0,434.0,203.0,5830.0,2120.0,830.0,,
1968-02-21,778.0,471.0,214.0,5090.0,3340.0,740.0,,
1968-02-23,480.0,757.0,229.0,2760.0,5190.0,860.0,,
1968-02-26,376.0,878.0,225.0,2180.0,5030.0,610.0,,
1968-02-27,639.0,572.0,251.0,4200.0,2510.0,890.0,,
1968-02-28,512.0,738.0,243.0,2230.0,4880.0,920.0,,
1968-02-29,327.0,932.0,199.0,1510.0,5570.0,630.0,,
1968-03-01,397.0,825.0,238.0,2360.0,5370.0,880.0,,
1968-03-04,282.0,1033.0,168.0,1960.0,8130.0,510.0,,
1968-03-05,384.0,914.0,190.0,3740.0,6690.0,1010.0,,
1968-03-06,959.0,301.0,204.0,8100.0,1290.0,520.0,,
1968-03-07,648.0,601.0,224.0,3670.0,4190.0,770.0,,
1968-03-08,532.0,659.0,267.0,3070.0,3490.0,850.0,,
1968-03-11,950.0,315.0,200.0,7570.0,1380.0,570.0,,
1968-03-12,696.0,508.0,272.0,5200.0,2980.0,1070.0,,
1968-03-13,601.0,608.0,251.0,3950.0,4090.0,960.0,,
1968-03-14,126.0,1245.0,143.0,350.0,10920.0,380.0,,
1968-03-15,683.0,589.0,204.0,7250.0,3260.0,710.0,,
1968-03-18,877.0,410.0,186.0,7130.0,3050.0,600.0,,
1968-03-19,418.0,803.0,247.0,1960.0,4610.0,840.0,,
1968-03-20,481.0,720.0,261.0,2820.0,3680.0,890.0,,
1968-03-21,353.0,858.0,257.0,1750.0,5990.0,840.0,,
1968-03-22,487.0,737.0,254.0,4330.0,4490.0,1080.0,,
1968-03-25,506.0,716.0,238.0,2700.0,3220.0,790.0,,
1968-03-26,759.0,456.0,245.0,5740.0,2130.0,810.0,,
1968-03-27,854.0,365.0,251.0,6570.0,1670.0,770.0,,
1968-03-28,620.0,604.0,242.0,3300.0,3930.0,770.0,,
1968-03-29,771.0,477.0,221.0,5790.0,2370.0,850.0,,
1968-04-01,1068.0,273.0,153.0,15180.0,1920.0,630.0,,
1968-04-02,709.0,564.0,211.0,8850.0,4710.0,970.0,,
1968-04-03,887.0,452.0,192.0,12750.0,4930.0,1610.0,,
1968-04-04,787.0,517.0,209.0,9080.0,4210.0,1060.0,,
1968-04-05,562.0,721.0,217.0,4670.0,6870.0,1040.0,,
1968-04-08,1063.0,273.0,179.0,11220.0,1210.0,590.0,,
1968-04-10,869.0,497.0,180.0,11920.0,6710.0,1780.0,,
1968-04-11,903.0,419.0,216.0,10360.0,2920.0,950.0,,
1968-04-15,748.0,556.0,228.0,8170.0,4930.0,1130.0,,
1968-04-16,790.0,522.0,203.0,8550.0,5710.0,1420.0,,
1968-04-17,828.0,495.0,194.0,8430.0,4700.0,960.0,,
1968-04-18,791.0,511.0,221.0,8120.0,5750.0,2020.0,,
1968-04-19,289.0,1065.0,172.0,3010.0,10960.0,600.0,,
1968-04-22,446.0,849.0,214.0,4850.0,6190.0,690.0,,
1968-04-23,904.0,402.0,218.0,10500.0,2540.0,1060.0,,
1968-04-24,768.0,527.0,225.0,8620.0,4800.0,1400.0,,
1968-04-25,761.0,539.0,227.0,7880.0,5220.0,1340.0,,
1968-04-26,729.0,573.0,236.0,8170.0,4090.0,1220.0,,
1968-04-29,732.0,574.0,219.0,6770.0,4090.0,1150.0,,
1968-04-30,718.0,608.0,207.0,7520.0,5850.0,1010.0,,
1968-05-01,740.0,594.0,194.0,8480.0,5140.0,830.0,,
1968-05-02,817.0,495.0,225.0,8800.0,4190.0,1250.0,,
1968-05-03,687.0,621.0,229.0,7760.0,8340.0,1890.0,,
1968-05-06,598.0,690.0,236.0,5350.0,5600.0,1220.0,,
1968-05-07,830.0,480.0,218.0,9350.0,3500.0,1080.0,,
1968-05-08,703.0,595.0,225.0,6360.0,5500.0,1260.0,,
1968-05-09,453.0,861.0,219.0,4090.0,7730.0,1070.0,,
1968-05-10,818.0,477.0,231.0,7730.0,2680.0,1280.0,,
1968-05-13,663.0,652.0,224.0,5440.0,5360.0,1050.0,,
1968-05-14,620.0,688.0,218.0,7000.0,5150.0,1010.0,,
1968-05-15,638.0,638.0,236.0,6940.0,5060.0,1180.0,,
1968-05-16,518.0,797.0,210.0,5360.0,6320.0,1350.0,,
1968-05-17,487.0,797.0,234.0,4150.0,6320.0,1370.0,,
1968-05-20,452.0,865.0,226.0,4840.0,5540.0,810.0,,
1968-05-21,762.0,512.0,242.0,8520.0,3470.0,1180.0,,
1968-05-22,820.0,484.0,238.0,8550.0,4260.0,1390.0,,
1968-05-23,633.0,664.0,229.0,6460.0,5320.0,1110.0,,
1968-05-24,755.0,521.0,212.0,7880.0,3970.0,1460.0,,
1968-05-27,662.0,665.0,202.0,6400.0,5450.0,880.0,,
1968-05-28,753.0,576.0,200.0,8060.0,4630.0,1160.0,,
1968-05-29,756.0,559.0,212.0,7920.0,5140.0,1040.0,,
1968-05-31,861.0,425.0,213.0,9230.0,2870.0,1000.0,,
1968-06-03,913.0,443.0,173.0,10710.0,3180.0,1080.0,,
1968-06-04,845.0,484.0,196.0,11180.0,4900.0,1960.0,,
1968-06-05,558.0,779.0,206.0,6420.0,7960.0,1210.0,,
1968-06-06,943.0,405.0,195.0,12050.0,2940.0,1150.0,,
1968-06-07,872.0,451.0,200.0,11480.0,4100.0,1740.0,,
1968-06-10,685.0,678.0,187.0,7080.0,6390.0,1170.0,,
1968-06-11,729.0,627.0,190.0,9010.0,5360.0,1330.0,,
1968-06-13,603.0,796.0,161.0,8020.0,11700.0,1630.0,,
1968-06-14,548.0,766.0,232.0,6430.0,6710.0,1550.0,,
1968-06-17,389.0,987.0,172.0,3240.0,8410.0,930.0,,
1968-06-18,621.0,708.0,213.0,6210.0,6080.0,1350.0,,
1968-06-20,771.0,585.0,207.0,8930.0,5760.0,1610.0,,
1968-06-21,762.0,575.0,226.0,7270.0,5040.0,1140.0,,
1968-06-24,603.0,777.0,167.0,5230.0,6200.0,900.0,,
1968-06-25,482.0,860.0,206.0,4580.0,7330.0,1310.0,,
1968-06-27,591.0,786.0,183.0,6200.0,8020.0,1150.0,,
1968-06-28,627.0,663.0,232.0,5260.0,5180.0,1600.0,,
1968-07-01,573.0,740.0,212.0,4360.0,5950.0,970.0,,
1968-07-02,762.0,538.0,233.0,8310.0,3830.0,1210.0,,
1968-07-03,991.0,332.0,207.0,11250.0,2150.0,990.0,,
1968-07-08,986.0,423.0,161.0,12120.0,3650.0,1080.0,,
1968-07-09,748.0,591.0,202.0,8820.0,6440.0,1280.0,,
1968-07-11,685.0,700.0,186.0,10120.0,8630.0,1540.0,,
1968-07-12,676.0,662.0,232.0,7010.0,6390.0,1420.0,,
1968-07-15,614.0,731.0,205.0,5620.0,6810.0,970.0,,
1968-07-16,523.0,806.0,205.0,4650.0,7470.0,1260.0,,
1968-07-18,571.0,816.0,184.0,6210.0,10060.0,1170.0,,
1968-07-19,407.0,939.0,198.0,3790.0,9590.0,1250.0,,
1968-07-22,264.0,1105.0,180.0,1810.0,10440.0,1280.0,,
1968-07-23,469.0,858.0,212.0,5650.0,6770.0,1160.0,,
1968-07-25,427.0,976.0,173.0,3440.0,11480.0,1220.0,,
1968-07-26,648.0,685.0,225.0,5450.0,5320.0,930.0,,
1968-07-29,378.0,988.0,177.0,2050.0,8200.0,690.0,,
1968-07-30,659.0,636.0,247.0,5200.0,3890.0,1160.0,,
1968-08-01,556.0,804.0,203.0,4270.0,9000.0,1110.0,,
1968-08-02,496.0,842.0,208.0,3280.0,5510.0,1080.0,,
1968-08-05,837.0,496.0,199.0,5640.0,2540.0,670.0,,
1968-08-06,823.0,502.0,222.0,5980.0,2870.0,780.0,,
1968-08-08,636.0,690.0,225.0,5220.0,6460.0,1250.0,,
1968-08-09,632.0,654.0,226.0,4300.0,3400.0,700.0,,
1968-08-12,925.0,421.0,193.0,7820.0,2000.0,610.0,,
1968-08-13,776.0,532.0,221.0,7010.0,4670.0,1050.0,,
1968-08-15,636.0,707.0,217.0,5070.0,6540.0,1110.0,,
1968-08-16,792.0,472.0,252.0,6010.0,2830.0,1100.0,,
1968-08-19,779.0,491.0,237.0,5920.0,2770.0,1220.0,,
1968-08-20,648.0,648.0,236.0,5950.0,3790.0,900.0,,
1968-08-22,533.0,796.0,223.0,5970.0,7640.0,1540.0,,
1968-08-23,680.0,604.0,246.0,4830.0,3790.0,1270.0,,
1968-08-26,691.0,557.0,243.0,4580.0,4170.0,990.0,,
1968-08-27,582.0,684.0,237.0,3970.0,4740.0,1000.0,,
1968-08-29,601.0,745.0,205.0,4800.0,5150.0,1000.0,,
1968-08-30,701.0,560.0,246.0,4780.0,2440.0,970.0,,
1968-09-03,698.0,555.0,247.0,4390.0,3130.0,1100.0,,
1968-09-04,792.0,488.0,242.0,6550.0,2570.0,930.0,,
1968-09-05,839.0,477.0,226.0,8680.0,2960.0,1350.0,,
1968-09-06,812.0,533.0,201.0,7710.0,4510.0,970.0,,
1968-09-09,769.0,539.0,241.0,6650.0,4100.0,1140.0,,
1968-09-10,507.0,794.0,240.0,4210.0,6240.0,980.0,,
1968-09-12,610.0,741.0,222.0,6040.0,7170.0,1430.0,,
1968-09-13,741.0,569.0,227.0,7860.0,4100.0,1120.0,,
1968-09-16,729.0,595.0,230.0,7630.0,4500.0,1140.0,,
1968-09-17,730.0,586.0,232.0,7580.0,5030.0,1320.0,,
1968-09-19,786.0,568.0,247.0,10300.0,5770.0,1840.0,,
1968-09-20,710.0,628.0,217.0,8080.0,4950.0,1170.0,,
1968-09-23,775.0,532.0,247.0,6360.0,4180.0,1000.0,,
1968-09-24,762.0,590.0,221.0,9080.0,5020.0,1120.0,,
1968-09-26,727.0,685.0,179.0,9330.0,7990.0,1630.0,,
1968-09-27,733.0,600.0,235.0,8470.0,4320.0,1070.0,,
1968-09-30,811.0,563.0,202.0,8260.0,4200.0,1160.0,,
1968-10-01,769.0,576.0,212.0,8650.0,5870.0,1050.0,,
1968-10-03,807.0,617.0,194.0,11960.0,7540.0,1620.0,,
1968-10-04,656.0,685.0,241.0,8070.0,5940.0,1340.0,,
1968-10-07,640.0,692.0,234.0,5820.0,5160.0,1440.0,,
1968-10-08,570.0,770.0,238.0,6100.0,6550.0,1350.0,,
1968-10-10,584.0,807.0,222.0,6200.0,9560.0,1250.0,,
1968-10-11,695.0,670.0,225.0,6840.0,4630.0,1190.0,,
1968-10-14,731.0,606.0,223.0,6350.0,4630.0,1000.0,,
1968-10-15,726.0,601.0,244.0,6810.0,5280.0,1330.0,,
1968-10-17,849.0,566.0,199.0,13260.0,6290.0,1520.0,,
1968-10-18,811.0,565.0,204.0,9380.0,4540.0,1210.0,,
1968-10-21,746.0,612.0,222.0,8060.0,5130.0,1200.0,,
1968-10-22,581.0,745.0,237.0,5670.0,6370.0,1630.0,,
1968-10-24,584.0,832.0,196.0,7230.0,9460.0,1620.0,,
1968-10-25,741.0,604.0,237.0,7740.0,4930.0,1490.0,,
1968-10-28,522.0,832.0,217.0,4270.0,6520.0,950.0,,
1968-10-29,482.0,899.0,194.0,4160.0,7270.0,910.0,,
1968-10-31,699.0,705.0,215.0,8160.0,7790.0,1730.0,,
1968-11-01,552.0,778.0,235.0,5330.0,7630.0,1520.0,,
1968-11-04,614.0,712.0,234.0,4780.0,4960.0,1190.0,,
1968-11-06,729.0,627.0,222.0,5900.0,5660.0,1110.0,,
1968-11-07,678.0,671.0,208.0,5870.0,4670.0,1130.0,,
1968-11-08,889.0,466.0,215.0,9550.0,3500.0,1210.0,,
1968-11-12,956.0,471.0,173.0,11520.0,4510.0,1230.0,,
1968-11-13,895.0,517.0,188.0,9920.0,4580.0,1170.0,,
1968-11-14,754.0,632.0,200.0,7830.0,5800.0,1270.0,,
1968-11-15,805.0,565.0,215.0,9770.0,4140.0,1140.0,,
1968-11-18,721.0,634.0,232.0,7140.0,5580.0,1700.0,,
1968-11-19,772.0,570.0,240.0,8760.0,4890.0,1480.0,,
1968-11-21,686.0,749.0,204.0,7920.0,8440.0,1950.0,,
1968-11-22,825.0,531.0,219.0,9830.0,4350.0,1250.0,,
1968-11-25,800.0,583.0,211.0,8960.0,4650.0,880.0,,
1968-11-26,905.0,514.0,190.0,10590.0,4630.0,1140.0,,
1968-11-27,776.0,586.0,222.0,9520.0,5880.0,1150.0,,
1968-11-29,883.0,468.0,239.0,9900.0,3380.0,1120.0,,
1968-12-02,677.0,705.0,218.0,6960.0,6970.0,1460.0,,
1968-12-03,632.0,771.0,192.0,7610.0,6760.0,1090.0,,
1968-12-05,623.0,819.0,180.0,8980.0,8680.0,1700.0,,
1968-12-06,744.0,654.0,194.0,9060.0,4550.0,1720.0,,
1968-12-09,703.0,688.0,196.0,7710.0,7020.0,1080.0,,
1968-12-10,643.0,747.0,219.0,6340.0,6310.0,1860.0,,
1968-12-12,693.0,730.0,212.0,9460.0,7510.0,1190.0,,
1968-12-13,763.0,624.0,216.0,9970.0,5070.0,1680.0,,
1968-12-16,596.0,785.0,228.0,6130.0,8370.0,1460.0,,
1968-12-17,473.0,910.0,213.0,5240.0,8060.0,1410.0,,
1968-12-19,631.0,808.0,189.0,10380.0,7720.0,1530.0,,
1968-12-20,611.0,776.0,226.0,6630.0,8250.0,1030.0,,
1968-12-23,376.0,1024.0,201.0,3050.0,9030.0,890.0,,
1968-12-24,603.0,771.0,215.0,5450.0,5130.0,970.0,,
1968-12-26,659.0,659.0,248.0,4780.0,3980.0,930.0,,
1968-12-27,564.0,768.0,244.0,4020.0,6200.0,980.0,,
1968-12-30,327.0,1095.0,187.0,1980.0,9730.0,380.0,,
1968-12-31,738.0,627.0,247.0,6630.0,4460.0,2050.0,,
1969-01-02,740.0,603.0,198.0,5100.0,3900.0,800.0,,
1969-01-03,672.0,688.0,212.0,6490.0,5220.0,1050.0,,
1969-01-06,283.0,1116.0,175.0,1890.0,10010.0,830.0,,
1969-01-07,223.0,1235.0,137.0,1720.0,12880.0,1140.0,,
1969-01-08,433.0,940.0,219.0,3800.0,8790.0,1250.0,,
1969-01-09,813.0,515.0,252.0,6930.0,3650.0,1530.0,,
1969-01-10,601.0,746.0,227.0,4440.0,7120.0,1140.0,,
1969-01-13,372.0,1011.0,199.0,2540.0,7590.0,1030.0,,
1969-01-14,836.0,499.0,248.0,6770.0,3100.0,820.0,,
1969-01-15,925.0,426.0,233.0,7670.0,3010.0,1130.0,,
1969-01-16,936.0,417.0,222.0,8060.0,4080.0,980.0,,
1969-01-17,663.0,667.0,242.0,5880.0,4190.0,1530.0,,
1969-01-20,670.0,663.0,266.0,5560.0,4450.0,950.0,,
1969-01-21,617.0,716.0,233.0,3990.0,6000.0,930.0,,
1969-01-22,751.0,528.0,293.0,6410.0,3610.0,1460.0,,
1969-01-23,886.0,465.0,223.0,7890.0,3800.0,1450.0,,
1969-01-24,656.0,654.0,258.0,5340.0,5800.0,1390.0,,
1969-01-27,667.0,641.0,248.0,4770.0,5200.0,1060.0,,
1969-01-28,665.0,714.0,212.0,5490.0,5440.0,1140.0,,
1969-01-29,650.0,684.0,231.0,4950.0,5340.0,1180.0,,
1969-01-30,641.0,698.0,214.0,6490.0,4920.0,1600.0,,
1969-01-31,686.0,628.0,251.0,6150.0,4570.0,1310.0,,
1969-02-03,669.0,693.0,224.0,6010.0,5500.0,1010.0,,
1969-02-04,659.0,688.0,224.0,6320.0,4560.0,1680.0,,
1969-02-05,617.0,690.0,254.0,6540.0,6030.0,1190.0,,
1969-02-06,674.0,648.0,246.0,6850.0,4450.0,1250.0,,
1969-02-07,705.0,619.0,244.0,6090.0,4790.0,1910.0,,
1969-02-11,701.0,657.0,240.0,6450.0,4850.0,1030.0,,
1969-02-12,593.0,744.0,241.0,5180.0,5430.0,920.0,,
1969-02-13,605.0,723.0,260.0,5200.0,5720.0,1090.0,,
1969-02-14,586.0,750.0,260.0,4810.0,5490.0,1160.0,,
1969-02-17,324.0,1071.0,196.0,1830.0,9110.0,730.0,,
1969-02-18,210.0,1218.0,136.0,1630.0,10110.0,760.0,,
1969-02-19,367.0,981.0,233.0,2460.0,6810.0,1130.0,,
1969-02-20,312.0,1046.0,210.0,1770.0,8780.0,440.0,,
1969-02-24,274.0,1173.0,163.0,1840.0,10090.0,810.0,,
1969-02-25,369.0,1009.0,216.0,2390.0,8700.0,1240.0,,
1969-02-26,685.0,648.0,242.0,5450.0,3230.0,860.0,,
1969-02-27,486.0,880.0,225.0,2810.0,5990.0,870.0,,
1969-02-28,628.0,695.0,254.0,3550.0,4630.0,820.0,,
1969-03-03,623.0,693.0,250.0,3560.0,3870.0,840.0,,
1969-03-04,949.0,381.0,244.0,6920.0,1490.0,910.0,,
1969-03-05,767.0,541.0,265.0,5300.0,4610.0,1470.0,,
1969-03-06,262.0,1091.0,233.0,1290.0,7450.0,930.0,,
1969-03-07,450.0,930.0,212.0,3830.0,5970.0,1040.0,,
1969-03-10,722.0,594.0,235.0,4110.0,3590.0,1230.0,,
1969-03-11,844.0,472.0,253.0,5740.0,2890.0,1250.0,,
1969-03-12,526.0,778.0,247.0,2940.0,4920.0,870.0,,
1969-03-13,361.0,948.0,238.0,2330.0,6840.0,870.0,,
1969-03-14,431.0,892.0,230.0,2600.0,5420.0,610.0,,
1969-03-17,556.0,742.0,263.0,4650.0,3370.0,1130.0,,
1969-03-18,779.0,522.0,252.0,6220.0,3890.0,1100.0,,
1969-03-19,820.0,461.0,272.0,5880.0,2540.0,1330.0,,
1969-03-20,844.0,476.0,225.0,6620.0,2600.0,1040.0,,
1969-03-21,627.0,686.0,247.0,3900.0,4730.0,1200.0,,
1969-03-24,610.0,699.0,231.0,2980.0,4150.0,990.0,,
1969-03-25,601.0,693.0,261.0,4240.0,4650.0,940.0,,
1969-03-26,785.0,546.0,233.0,7100.0,3050.0,880.0,,
1969-03-27,849.0,488.0,240.0,7350.0,3400.0,1140.0,,
1969-03-28,804.0,518.0,227.0,7950.0,4050.0,440.0,,
1969-04-01,638.0,720.0,218.0,5130.0,5930.0,1300.0,,
1969-04-02,383.0,936.0,222.0,2480.0,6700.0,930.0,,
1969-04-03,576.0,708.0,270.0,4240.0,4770.0,1300.0,,
1969-04-07,308.0,1069.0,203.0,1730.0,6860.0,840.0,,
1969-04-08,704.0,614.0,243.0,5240.0,3220.0,910.0,,
1969-04-09,842.0,479.0,241.0,7990.0,3630.0,910.0,,
1969-04-10,779.0,541.0,247.0,6670.0,4110.0,1430.0,,
1969-04-11,694.0,623.0,231.0,5370.0,4220.0,1060.0,,
1969-04-14,608.0,701.0,259.0,3750.0,4170.0,1070.0,,
1969-04-15,538.0,750.0,272.0,3440.0,4950.0,1220.0,,
1969-04-16,408.0,910.0,241.0,2070.0,6610.0,1000.0,,
1969-04-17,676.0,624.0,255.0,4780.0,3630.0,950.0,,
1969-04-18,718.0,572.0,278.0,5080.0,3910.0,1860.0,,
1969-04-21,379.0,952.0,226.0,1990.0,7230.0,790.0,,
1969-04-22,558.0,738.0,276.0,4800.0,4190.0,1270.0,,
1969-04-23,743.0,551.0,261.0,6790.0,4170.0,1270.0,,
1969-04-24,713.0,594.0,254.0,6310.0,4050.0,980.0,,
1969-04-25,757.0,532.0,263.0,7060.0,3860.0,1570.0,,
1969-04-28,694.0,646.0,236.0,6410.0,3660.0,1060.0,,
1969-04-29,890.0,482.0,217.0,9840.0,3910.0,990.0,,
1969-04-30,942.0,419.0,223.0,12290.0,5490.0,1570.0,,
1969-05-01,716.0,642.0,225.0,6700.0,6430.0,1250.0,,
1969-05-02,770.0,559.0,255.0,7730.0,3930.0,1410.0,,
1969-05-05,809.0,544.0,243.0,7830.0,4220.0,1250.0,,
1969-05-06,753.0,579.0,259.0,8270.0,5070.0,1360.0,,
1969-05-07,587.0,779.0,232.0,5330.0,7820.0,880.0,,
1969-05-08,737.0,592.0,268.0,6900.0,4770.0,1380.0,,
1969-05-09,668.0,684.0,248.0,6280.0,5010.0,1240.0,,
1969-05-12,571.0,781.0,235.0,3650.0,6010.0,890.0,,
1969-05-13,739.0,604.0,256.0,7100.0,4350.0,1460.0,,
1969-05-14,787.0,539.0,257.0,9150.0,4030.0,1180.0,,
1969-05-15,564.0,771.0,249.0,5060.0,5870.0,1000.0,,
1969-05-16,633.0,695.0,264.0,5740.0,5300.0,1240.0,,
1969-05-19,441.0,824.0,322.0,2360.0,6590.0,840.0,,
1969-05-20,386.0,983.0,222.0,2590.0,6950.0,740.0,,
1969-05-21,733.0,580.0,288.0,7010.0,3370.0,1720.0,,
1969-05-22,668.0,661.0,265.0,6870.0,5670.0,1170.0,,
1969-05-23,623.0,686.0,262.0,4490.0,5120.0,1290.0,,
1969-05-26,563.0,752.0,275.0,3020.0,4520.0,1490.0,,
1969-05-27,378.0,942.0,274.0,2060.0,7320.0,1200.0,,
1969-05-28,472.0,863.0,254.0,3920.0,5770.0,1640.0,,
1969-05-29,671.0,649.0,256.0,5300.0,4440.0,2030.0,,
1969-06-02,412.0,908.0,233.0,2580.0,5780.0,830.0,,
1969-06-03,477.0,848.0,272.0,3490.0,6450.0,1250.0,,
1969-06-04,597.0,733.0,257.0,4720.0,4620.0,1510.0,,
1969-06-05,612.0,700.0,285.0,5490.0,5570.0,1290.0,,
1969-06-06,429.0,904.0,244.0,2920.0,8210.0,1400.0,,
1969-06-09,298.0,1072.0,198.0,2240.0,7570.0,860.0,,
1969-06-10,374.0,970.0,244.0,2520.0,7210.0,930.0,,
1969-06-11,278.0,1112.0,210.0,1900.0,10550.0,1190.0,,
1969-06-12,251.0,1187.0,162.0,1590.0,9440.0,770.0,,
1969-06-13,628.0,708.0,239.0,6480.0,5410.0,1180.0,,
1969-06-16,532.0,819.0,234.0,3000.0,6050.0,1350.0,,
1969-06-17,324.0,1024.0,243.0,2810.0,8270.0,1150.0,,
1969-06-18,604.0,697.0,257.0,3890.0,6190.0,1220.0,,
1969-06-19,300.0,1066.0,217.0,2070.0,8000.0,1090.0,,
1969-06-20,395.0,973.0,214.0,2330.0,8140.0,900.0,,
1969-06-23,314.0,1078.0,201.0,2800.0,8770.0,1340.0,,
1969-06-24,898.0,448.0,222.0,7690.0,2760.0,1010.0,,
1969-06-25,563.0,761.0,239.0,3240.0,6140.0,1120.0,,
1969-06-26,523.0,772.0,268.0,4660.0,4510.0,1140.0,,
1969-06-27,692.0,575.0,268.0,4230.0,3630.0,1160.0,,
1969-06-30,740.0,512.0,281.0,4700.0,2920.0,1020.0,,
1969-07-01,793.0,518.0,252.0,5950.0,3110.0,830.0,,
1969-07-02,907.0,422.0,233.0,6750.0,2560.0,1940.0,,
1969-07-03,904.0,433.0,239.0,6490.0,2540.0,1090.0,,
1969-07-07,549.0,788.0,234.0,2290.0,6810.0,870.0,,
1969-07-08,275.0,1093.0,210.0,1100.0,7580.0,650.0,,
1969-07-09,344.0,977.0,234.0,1900.0,6780.0,630.0,,
1969-07-10,224.0,1127.0,220.0,1190.0,9770.0,500.0,,
1969-07-11,641.0,651.0,265.0,6030.0,4450.0,1260.0,,
1969-07-14,331.0,1018.0,225.0,1280.0,6270.0,750.0,,
1969-07-15,405.0,940.0,216.0,3230.0,6790.0,1090.0,,
1969-07-16,899.0,416.0,226.0,7070.0,2370.0,1020.0,,
1969-07-17,784.0,502.0,251.0,5070.0,4000.0,1380.0,,
1969-07-18,427.0,885.0,226.0,2240.0,5390.0,970.0,,
1969-07-22,338.0,1042.0,178.0,1620.0,7550.0,620.0,,
1969-07-23,386.0,966.0,222.0,3380.0,7570.0,740.0,,
1969-07-24,493.0,784.0,267.0,2530.0,6210.0,1020.0,,
1969-07-25,314.0,1018.0,234.0,1230.0,7800.0,780.0,,
1969-07-28,134.0,1289.0,153.0,630.0,10650.0,520.0,,
1969-07-29,381.0,948.0,243.0,3940.0,8440.0,1260.0,,
1969-07-30,691.0,659.0,256.0,8500.0,5670.0,1410.0,,
1969-07-31,1159.0,268.0,158.0,11940.0,1620.0,600.0,,
1969-08-01,1183.0,248.0,156.0,11400.0,2700.0,980.0,,
1969-08-04,581.0,756.0,216.0,3030.0,6770.0,900.0,,
1969-08-05,657.0,634.0,252.0,4840.0,3370.0,730.0,,
1969-08-06,861.0,443.0,240.0,6140.0,3880.0,1090.0,,
1969-08-07,659.0,618.0,266.0,4320.0,3960.0,1180.0,,
1969-08-08,626.0,632.0,281.0,3110.0,4610.0,1050.0,,
1969-08-11,461.0,840.0,239.0,2070.0,3980.0,630.0,,
1969-08-12,375.0,907.0,266.0,1240.0,5880.0,750.0,,
1969-08-13,509.0,758.0,263.0,4710.0,4340.0,870.0,,
1969-08-14,830.0,453.0,236.0,6250.0,2540.0,900.0,,
1969-08-15,847.0,439.0,247.0,6930.0,2120.0,1170.0,,
1969-08-18,893.0,425.0,233.0,6280.0,2160.0,980.0,,
1969-08-19,881.0,476.0,231.0,6410.0,4960.0,1280.0,,
1969-08-20,590.0,707.0,279.0,3290.0,5110.0,1280.0,,
1969-08-21,657.0,601.0,304.0,4060.0,3240.0,1130.0,,
1969-08-22,733.0,511.0,289.0,5760.0,3080.0,1290.0,,
1969-08-25,466.0,835.0,242.0,1970.0,5740.0,710.0,,
1969-08-26,335.0,955.0,262.0,2070.0,5780.0,1070.0,,
1969-08-27,700.0,571.0,257.0,4800.0,3530.0,780.0,,
1969-08-28,663.0,556.0,309.0,4060.0,2660.0,1010.0,,
1969-08-29,883.0,385.0,248.0,6260.0,1700.0,890.0,,
1969-09-02,652.0,623.0,274.0,3480.0,4090.0,1000.0,,
1969-09-03,405.0,922.0,230.0,2150.0,5720.0,900.0,,
1969-09-04,343.0,931.0,278.0,1580.0,6820.0,990.0,,
1969-09-05,411.0,887.0,250.0,2600.0,5520.0,770.0,,
1969-09-08,270.0,1011.0,264.0,860.0,6690.0,770.0,,
1969-09-09,704.0,597.0,261.0,6700.0,2850.0,1430.0,,
1969-09-10,997.0,367.0,207.0,9150.0,1590.0,750.0,,
1969-09-11,604.0,680.0,280.0,4460.0,6570.0,1350.0,,
1969-09-12,569.0,687.0,272.0,4620.0,4920.0,1260.0,,
1969-09-15,815.0,499.0,252.0,7150.0,2460.0,1070.0,,
1969-09-16,728.0,588.0,264.0,5560.0,4470.0,1130.0,,
1969-09-17,595.0,720.0,239.0,4300.0,5540.0,1150.0,,
1969-09-18,713.0,595.0,252.0,6040.0,3960.0,1170.0,,
1969-09-19,741.0,575.0,267.0,6630.0,4400.0,1250.0,,
1969-09-22,714.0,551.0,270.0,4870.0,3460.0,950.0,,
1969-09-23,700.0,654.0,229.0,6220.0,5740.0,1070.0,,
1969-09-24,542.0,754.0,282.0,3870.0,6290.0,1160.0,,
1969-09-25,445.0,853.0,264.0,2660.0,6980.0,1040.0,,
1969-09-26,421.0,845.0,301.0,2390.0,6010.0,1280.0,,
1969-09-29,391.0,957.0,228.0,2450.0,6890.0,820.0,,
1969-09-30,504.0,780.0,280.0,2860.0,5290.0,1040.0,,
1969-10-01,410.0,823.0,310.0,1780.0,5990.0,1320.0,,
1969-10-02,787.0,537.0,271.0,7440.0,2830.0,1140.0,,
1969-10-03,691.0,632.0,276.0,5050.0,5940.0,1430.0,,
1969-10-06,653.0,667.0,270.0,4350.0,3860.0,970.0,,
1969-10-07,597.0,710.0,269.0,4160.0,4650.0,1240.0,,
1969-10-08,446.0,880.0,262.0,2530.0,6670.0,1180.0,,
1969-10-09,637.0,653.0,291.0,5470.0,3730.0,1230.0,,
1969-10-10,889.0,443.0,259.0,7970.0,3080.0,1160.0,,
1969-10-13,1046.0,320.0,228.0,11410.0,1450.0,760.0,,
1969-10-14,1132.0,321.0,169.0,14850.0,3940.0,1160.0,,
1969-10-15,826.0,583.0,205.0,8170.0,6080.0,1490.0,,
1969-10-16,958.0,423.0,226.0,12070.0,5580.0,1850.0,,
1969-10-17,691.0,658.0,242.0,5760.0,6760.0,1220.0,,
1969-10-20,804.0,583.0,232.0,7000.0,5370.0,1170.0,,
1969-10-21,941.0,474.0,226.0,9890.0,5450.0,1130.0,,
1969-10-22,891.0,506.0,223.0,10870.0,7070.0,1390.0,,
1969-10-23,569.0,787.0,252.0,5190.0,8310.0,1290.0,,
1969-10-24,848.0,508.0,259.0,8460.0,5600.0,1370.0,,
1969-10-27,740.0,639.0,235.0,6260.0,4760.0,1140.0,,
1969-10-28,595.0,780.0,258.0,4740.0,6420.0,1250.0,,
1969-10-29,449.0,936.0,236.0,2590.0,8650.0,1150.0,,
1969-10-30,650.0,704.0,238.0,6630.0,5280.0,920.0,,
1969-10-31,814.0,549.0,238.0,6740.0,5030.0,1330.0,,
1969-11-03,649.0,704.0,253.0,4430.0,5390.0,1320.0,,
1969-11-04,649.0,674.0,260.0,5560.0,5410.0,1380.0,,
1969-11-05,773.0,558.0,269.0,7280.0,3370.0,1460.0,,
1969-11-06,654.0,680.0,277.0,5040.0,4760.0,1330.0,,
1969-11-07,836.0,533.0,239.0,7870.0,4300.0,1120.0,,
1969-11-10,655.0,681.0,270.0,5700.0,5390.0,1400.0,,
1969-11-11,463.0,842.0,281.0,3120.0,5790.0,1180.0,,
1969-11-12,572.0,752.0,278.0,4810.0,6390.0,1290.0,,
1969-11-13,420.0,936.0,268.0,2950.0,8030.0,1110.0,,
1969-11-14,447.0,902.0,258.0,3390.0,5910.0,1280.0,,
1969-11-17,356.0,1003.0,252.0,1950.0,7370.0,810.0,,
1969-11-18,534.0,791.0,290.0,3970.0,5780.0,1260.0,,
1969-11-19,460.0,893.0,258.0,3600.0,6600.0,1050.0,,
1969-11-20,258.0,1152.0,213.0,1640.0,9270.0,1110.0,,
1969-11-21,389.0,911.0,266.0,2170.0,6620.0,1050.0,,
1969-11-24,279.0,1138.0,207.0,1780.0,8290.0,870.0,,
1969-11-25,581.0,741.0,291.0,4640.0,5400.0,1530.0,,
1969-11-26,688.0,643.0,265.0,5620.0,3910.0,1100.0,,
1969-11-28,820.0,500.0,238.0,5420.0,2430.0,710.0,,
1969-12-01,420.0,947.0,225.0,2100.0,7110.0,750.0,,
1969-12-02,389.0,959.0,266.0,2370.0,6460.0,1120.0,,
1969-12-03,246.0,1177.0,183.0,1340.0,9260.0,700.0,,
1969-12-04,651.0,726.0,255.0,7360.0,4340.0,1540.0,,
1969-12-05,532.0,811.0,266.0,3180.0,6430.0,1550.0,,
1969-12-08,284.0,1149.0,192.0,1300.0,8130.0,560.0,,
1969-12-09,546.0,803.0,282.0,4420.0,6340.0,1540.0,,
1969-12-10,501.0,840.0,271.0,4730.0,6500.0,1370.0,,
1969-12-11,641.0,676.0,301.0,4400.0,4660.0,1370.0,,
1969-12-12,685.0,661.0,282.0,6060.0,4840.0,730.0,,
1969-12-15,563.0,777.0,272.0,4300.0,5700.0,1110.0,,
1969-12-16,323.0,1068.0,242.0,2070.0,8860.0,960.0,,
1969-12-17,456.0,895.0,264.0,3540.0,7770.0,1540.0,,
1969-12-18,1003.0,403.0,234.0,11700.0,2670.0,1570.0,,
1969-12-19,996.0,407.0,241.0,9060.0,4530.0,1830.0,,
1969-12-22,436.0,980.0,227.0,2740.0,8940.0,1000.0,,
1969-12-23,449.0,940.0,273.0,3760.0,8380.0,1750.0,,
1969-12-24,1083.0,318.0,207.0,8950.0,2000.0,720.0,,
1969-12-26,896.0,380.0,246.0,4790.0,1280.0,690.0,,
1969-12-29,509.0,890.0,253.0,2740.0,8610.0,1160.0,,
1969-12-30,724.0,697.0,256.0,7310.0,6500.0,1990.0,,
1969-12-31,935.0,532.0,218.0,10440.0,6320.0,2620.0,,
1970-01-02,1143.0,296.0,150.0,6210.0,1190.0,660.0,,
1970-01-05,1021.0,426.0,176.0,6940.0,3670.0,880.0,,
1970-01-06,488.0,890.0,230.0,2470.0,7930.0,1070.0,,
1970-01-07,639.0,650.0,296.0,3520.0,5380.0,1110.0,,
1970-01-08,684.0,646.0,243.0,4630.0,5120.0,920.0,,
1970-01-09,580.0,728.0,264.0,3070.0,5450.0,840.0,,
1970-01-12,451.0,918.0,228.0,2000.0,6080.0,820.0,,
1970-01-13,555.0,729.0,288.0,3330.0,5400.0,1150.0,,
1970-01-14,512.0,766.0,284.0,3670.0,5610.0,1100.0,,
1970-01-15,530.0,755.0,285.0,3900.0,6140.0,1070.0,,
1970-01-16,466.0,839.0,267.0,2910.0,7620.0,1420.0,,
1970-01-19,415.0,895.0,271.0,1890.0,6630.0,990.0,,
1970-01-20,627.0,659.0,283.0,4800.0,5070.0,1180.0,,
1970-01-21,695.0,633.0,238.0,4500.0,4430.0,960.0,,
1970-01-22,665.0,616.0,278.0,4930.0,4420.0,1700.0,,
1970-01-23,398.0,937.0,246.0,1920.0,8360.0,730.0,,
1970-01-26,306.0,1000.0,243.0,1840.0,7910.0,920.0,,
1970-01-27,427.0,882.0,275.0,2330.0,6260.0,1030.0,,
1970-01-28,414.0,876.0,283.0,2510.0,6900.0,1100.0,,
1970-01-29,275.0,1071.0,220.0,1930.0,9140.0,1150.0,,
1970-01-30,421.0,901.0,263.0,3240.0,8150.0,840.0,,
1970-02-02,842.0,494.0,239.0,7590.0,4740.0,1110.0,,
1970-02-03,946.0,423.0,219.0,10470.0,4550.0,1030.0,,
1970-02-04,507.0,826.0,237.0,2630.0,7510.0,910.0,,
1970-02-05,465.0,840.0,255.0,3060.0,5330.0,1050.0,,
1970-02-06,777.0,523.0,246.0,5490.0,3690.0,980.0,,
1970-02-09,873.0,486.0,233.0,6110.0,3380.0,1340.0,,
1970-02-10,469.0,829.0,249.0,2180.0,6910.0,1020.0,,
1970-02-11,813.0,502.0,253.0,7170.0,3920.0,1180.0,,
1970-02-12,653.0,612.0,291.0,4120.0,4760.0,1140.0,,
1970-02-13,598.0,673.0,300.0,4220.0,5770.0,1080.0,,
1970-02-16,660.0,653.0,262.0,4290.0,4400.0,1090.0,,
1970-02-17,572.0,742.0,272.0,3940.0,5200.0,1000.0,,
1970-02-18,946.0,412.0,240.0,8250.0,2660.0,1050.0,,
1970-02-19,759.0,569.0,267.0,6420.0,5020.0,1460.0,,
1970-02-20,674.0,606.0,279.0,5380.0,4330.0,1090.0,,
1970-02-24,741.0,592.0,272.0,5000.0,4620.0,1200.0,,
1970-02-25,1005.0,346.0,231.0,10370.0,1940.0,900.0,,
1970-02-26,585.0,746.0,249.0,3950.0,6600.0,1000.0,,
1970-02-27,952.0,406.0,256.0,8110.0,3660.0,1130.0,,
1970-03-02,847.0,543.0,234.0,6600.0,4520.0,1160.0,,
1970-03-03,836.0,531.0,248.0,6690.0,3830.0,1180.0,,
1970-03-04,674.0,656.0,271.0,4950.0,5770.0,1140.0,,
1970-03-05,770.0,574.0,251.0,5810.0,4350.0,1220.0,,
1970-03-06,490.0,825.0,284.0,2640.0,7310.0,1030.0,,
1970-03-09,393.0,944.0,234.0,1620.0,7250.0,900.0,,
1970-03-10,587.0,706.0,282.0,4000.0,4270.0,1180.0,,
1970-03-11,622.0,650.0,306.0,3370.0,4230.0,1580.0,,
1970-03-12,413.0,869.0,297.0,2190.0,5750.0,1210.0,,
1970-03-13,447.0,837.0,281.0,2020.0,6470.0,1070.0,,
1970-03-16,318.0,1015.0,255.0,1380.0,6810.0,730.0,,
1970-03-17,649.0,632.0,310.0,4570.0,3440.0,1080.0,,
1970-03-18,742.0,566.0,274.0,4270.0,4350.0,1170.0,,
1970-03-19,533.0,777.0,284.0,2770.0,5050.0,1110.0,,
1970-03-20,411.0,864.0,281.0,2090.0,4830.0,1000.0,,
1970-03-23,499.0,740.0,312.0,2830.0,3430.0,1070.0,,
1970-03-24,827.0,449.0,293.0,5780.0,2210.0,850.0,,
1970-03-25,1268.0,200.0,159.0,15620.0,1360.0,530.0,,
1970-03-26,764.0,566.0,273.0,6290.0,3880.0,1190.0,,
1970-03-30,552.0,782.0,269.0,3240.0,5440.0,920.0,,
1970-03-31,619.0,674.0,297.0,3630.0,3710.0,1030.0,,
1970-04-01,789.0,535.0,269.0,5620.0,3200.0,990.0,,
1970-04-02,632.0,687.0,290.0,3400.0,5940.0,1190.0,,
1970-04-03,576.0,760.0,299.0,3120.0,5710.0,1090.0,,
1970-04-06,386.0,918.0,273.0,1660.0,5770.0,960.0,,
1970-04-07,537.0,764.0,297.0,2750.0,4710.0,1030.0,,
1970-04-08,496.0,776.0,300.0,2980.0,5020.0,1070.0,,
1970-04-09,556.0,697.0,300.0,3350.0,4590.0,1130.0,,
1970-04-10,414.0,850.0,287.0,2090.0,6640.0,1300.0,,
1970-04-13,331.0,978.0,271.0,1370.0,6620.0,820.0,,
1970-04-14,319.0,1023.0,246.0,2490.0,7450.0,900.0,,
1970-04-15,528.0,731.0,308.0,2820.0,5510.0,1090.0,,
1970-04-16,350.0,940.0,285.0,1460.0,7760.0,1040.0,,
1970-04-17,457.0,839.0,273.0,3400.0,6520.0,1070.0,,
1970-04-20,616.0,660.0,290.0,3930.0,3390.0,960.0,,
1970-04-21,468.0,780.0,310.0,2420.0,5080.0,990.0,,
1970-04-22,226.0,1116.0,247.0,870.0,9210.0,710.0,,
1970-04-23,200.0,1189.0,209.0,1040.0,9290.0,720.0,,
1970-04-24,423.0,921.0,246.0,2630.0,6720.0,1070.0,,
1970-04-27,185.0,1208.0,194.0,730.0,8970.0,550.0,,
1970-04-28,308.0,1094.0,227.0,2380.0,9040.0,1200.0,,
1970-04-29,906.0,487.0,232.0,11840.0,3090.0,870.0,,
1970-04-30,674.0,646.0,258.0,3420.0,5460.0,1000.0,,
1970-05-01,561.0,695.0,295.0,2940.0,4300.0,1060.0,,
1970-05-04,188.0,1228.0,178.0,460.0,10530.0,460.0,,
1970-05-05,311.0,1039.0,243.0,1700.0,7830.0,1060.0,,
1970-05-06,937.0,416.0,244.0,10550.0,2550.0,1290.0,,
1970-05-07,812.0,493.0,255.0,5040.0,3630.0,860.0,,
1970-05-08,485.0,810.0,269.0,1990.0,4320.0,620.0,,
1970-05-11,325.0,925.0,275.0,860.0,5130.0,670.0,,
1970-05-12,432.0,879.0,259.0,2240.0,7420.0,1200.0,,
1970-05-13,226.0,1141.0,205.0,1270.0,8830.0,620.0,,
1970-05-14,229.0,1211.0,170.0,3030.0,10100.0,790.0,,
1970-05-15,935.0,415.0,225.0,10100.0,3590.0,890.0,,
1970-05-18,735.0,588.0,252.0,3540.0,3960.0,790.0,,
1970-05-19,252.0,1062.0,250.0,930.0,7890.0,670.0,,
1970-05-20,160.0,1258.0,160.0,670.0,12040.0,310.0,,
1970-05-21,230.0,1190.0,192.0,2760.0,13010.0,940.0,,
1970-05-22,515.0,797.0,277.0,3810.0,6990.0,1380.0,,
1970-05-25,130.0,1370.0,123.0,610.0,11730.0,320.0,,
1970-05-26,388.0,1027.0,217.0,5150.0,10290.0,1600.0,,
1970-05-27,1312.0,191.0,116.0,16070.0,1010.0,360.0,,
1970-05-28,1211.0,271.0,145.0,14480.0,3400.0,1030.0,,
1970-05-29,1118.0,297.0,190.0,11340.0,2240.0,1060.0,,
1970-06-01,1063.0,344.0,180.0,10550.0,3460.0,1020.0,,
1970-06-02,744.0,635.0,237.0,6600.0,5110.0,1780.0,,
1970-06-03,994.0,391.0,197.0,12130.0,3400.0,1080.0,,
1970-06-04,468.0,914.0,215.0,2390.0,11050.0,940.0,,
1970-06-05,255.0,1118.0,189.0,1970.0,9700.0,780.0,,
1970-06-08,669.0,589.0,274.0,3800.0,3210.0,1030.0,,
1970-06-09,582.0,657.0,292.0,3290.0,3220.0,550.0,,
1970-06-10,382.0,878.0,267.0,1290.0,5140.0,820.0,,
1970-06-11,243.0,1060.0,230.0,1100.0,6020.0,660.0,,
1970-06-12,390.0,853.0,281.0,2200.0,5620.0,1050.0,,
1970-06-15,661.0,576.0,299.0,3280.0,2640.0,1010.0,,
1970-06-16,978.0,350.0,231.0,8830.0,1650.0,830.0,,
1970-06-17,639.0,643.0,277.0,3790.0,4800.0,1290.0,,
1970-06-18,661.0,574.0,295.0,4800.0,2830.0,1240.0,,
1970-06-19,835.0,455.0,273.0,6660.0,2770.0,1550.0,,
1970-06-22,412.0,820.0,297.0,2060.0,5750.0,900.0,,
1970-06-23,240.0,1132.0,190.0,1000.0,9370.0,390.0,,
1970-06-24,282.0,1061.0,213.0,2950.0,8470.0,1210.0,,
1970-06-25,511.0,729.0,301.0,3050.0,4200.0,950.0,,
1970-06-26,421.0,826.0,303.0,1570.0,6350.0,1240.0,,
1970-06-29,350.0,936.0,277.0,1870.0,5910.0,990.0,,
1970-06-30,489.0,788.0,278.0,2950.0,5230.0,1110.0,,
1970-07-01,574.0,667.0,303.0,3100.0,4490.0,1030.0,,
1970-07-02,559.0,651.0,333.0,2470.0,4700.0,1280.0,,
1970-07-06,316.0,990.0,264.0,1080.0,7450.0,810.0,,
1970-07-07,375.0,919.0,277.0,2150.0,7250.0,1080.0,,
1970-07-08,936.0,354.0,270.0,8420.0,1650.0,900.0,,
1970-07-09,1056.0,288.0,224.0,9240.0,2750.0,830.0,,
1970-07-10,791.0,456.0,323.0,4410.0,3850.0,1910.0,,
1970-07-13,696.0,561.0,298.0,3390.0,3040.0,1020.0,,
1970-07-14,543.0,704.0,306.0,2380.0,3910.0,1070.0,,
1970-07-15,837.0,412.0,297.0,5580.0,2380.0,910.0,,
1970-07-16,946.0,387.0,259.0,7770.0,3400.0,1030.0,,
1970-07-17,1057.0,339.0,212.0,10100.0,2560.0,1210.0,,
1970-07-20,810.0,510.0,282.0,5260.0,4610.0,1800.0,,
1970-07-21,398.0,900.0,284.0,2000.0,6540.0,1410.0,,
1970-07-22,765.0,496.0,309.0,6080.0,4860.0,1530.0,,
1970-07-23,855.0,420.0,279.0,8140.0,3130.0,1200.0,,
1970-07-24,638.0,607.0,313.0,3470.0,4530.0,1520.0,,
1970-07-27,625.0,636.0,299.0,2820.0,3570.0,1080.0,,
1970-07-28,671.0,564.0,311.0,4750.0,2950.0,1350.0,,
1970-07-29,809.0,457.0,304.0,6570.0,4500.0,1520.0,,
1970-07-30,597.0,614.0,319.0,4240.0,4770.0,1430.0,,
1970-07-31,644.0,617.0,296.0,4260.0,5670.0,1720.0,,
1970-08-03,385.0,855.0,305.0,1340.0,5290.0,1030.0,,
1970-08-04,569.0,628.0,326.0,3590.0,3710.0,1020.0,,
1970-08-05,599.0,617.0,309.0,2810.0,3870.0,980.0,,
1970-08-06,474.0,705.0,330.0,2270.0,4230.0,1060.0,,
1970-08-07,666.0,505.0,345.0,4250.0,3690.0,1430.0,,
1970-08-10,328.0,973.0,274.0,1140.0,5820.0,620.0,,
1970-08-11,364.0,826.0,336.0,1630.0,4530.0,1180.0,,
1970-08-12,486.0,673.0,360.0,2200.0,4250.0,990.0,,
1970-08-13,411.0,780.0,333.0,1850.0,5690.0,1110.0,,
1970-08-14,628.0,558.0,325.0,3850.0,3040.0,970.0,,
1970-08-17,556.0,637.0,325.0,2560.0,3320.0,1060.0,,
1970-08-18,843.0,411.0,306.0,6070.0,2160.0,1290.0,,
1970-08-19,803.0,471.0,286.0,6000.0,2800.0,1080.0,,
1970-08-20,701.0,530.0,320.0,5590.0,3370.0,1230.0,,
1970-08-21,1116.0,275.0,237.0,10960.0,1560.0,910.0,,
1970-08-24,1206.0,245.0,172.0,15460.0,2420.0,1030.0,,
1970-08-25,856.0,497.0,273.0,10280.0,5620.0,1630.0,,
1970-08-26,851.0,496.0,252.0,9250.0,5120.0,1600.0,,
1970-08-27,653.0,625.0,305.0,5430.0,5470.0,1540.0,,
1970-08-28,968.0,367.0,267.0,9910.0,2210.0,1700.0,,
1970-08-31,683.0,622.0,283.0,4390.0,4720.0,1630.0,,
1970-09-01,499.0,781.0,297.0,3060.0,6210.0,1180.0,,
1970-09-02,587.0,658.0,312.0,4590.0,3860.0,1270.0,,
1970-09-03,1015.0,340.0,233.0,10380.0,2650.0,1090.0,,
1970-09-04,1039.0,345.0,227.0,12180.0,2210.0,980.0,,
1970-09-08,770.0,588.0,245.0,10660.0,5280.0,1180.0,,
1970-09-09,669.0,684.0,252.0,6140.0,8530.0,1580.0,,
1970-09-10,459.0,839.0,280.0,4370.0,6120.0,1420.0,,
1970-09-11,785.0,499.0,283.0,7530.0,3380.0,1240.0,,
1970-09-14,571.0,717.0,290.0,3710.0,6940.0,1260.0,,
1970-09-15,296.0,1016.0,263.0,1530.0,7200.0,1110.0,,
1970-09-16,776.0,500.0,282.0,7670.0,3340.0,1080.0,,
1970-09-17,955.0,371.0,247.0,10200.0,3800.0,1540.0,,
1970-09-18,829.0,518.0,248.0,10000.0,4480.0,1420.0,,
1970-09-21,514.0,827.0,269.0,3330.0,7860.0,1350.0,,
1970-09-22,514.0,807.0,278.0,4010.0,6720.0,1380.0,,
1970-09-23,997.0,363.0,258.0,12550.0,3060.0,1330.0,,
1970-09-24,1083.0,309.0,223.0,16310.0,3560.0,1480.0,,
1970-09-25,743.0,608.0,270.0,9640.0,7980.0,2860.0,,
1970-09-28,658.0,665.0,290.0,6170.0,6100.0,2130.0,,
1970-09-29,838.0,508.0,275.0,11010.0,4790.0,2080.0,,
1970-09-30,681.0,647.0,275.0,5950.0,6730.0,2150.0,,
1970-10-01,628.0,666.0,278.0,4560.0,3960.0,1190.0,,
1970-10-02,954.0,388.0,257.0,11000.0,3240.0,1190.0,,
1970-10-05,1047.0,365.0,225.0,14190.0,3930.0,1640.0,,
1970-10-06,719.0,673.0,231.0,8410.0,9940.0,1910.0,,
1970-10-07,630.0,674.0,307.0,7670.0,6090.0,1860.0,,
1970-10-08,401.0,966.0,247.0,2730.0,10670.0,1100.0,,
1970-10-09,400.0,934.0,283.0,2990.0,9490.0,1510.0,,
1970-10-12,333.0,929.0,290.0,1960.0,5460.0,1150.0,,
1970-10-13,488.0,784.0,303.0,3120.0,4970.0,1410.0,,
1970-10-14,608.0,642.0,329.0,4310.0,4000.0,1610.0,,
1970-10-15,702.0,613.0,287.0,6030.0,3890.0,1340.0,,
1970-10-16,409.0,882.0,310.0,2300.0,7740.0,1270.0,,
1970-10-19,295.0,1059.0,237.0,1280.0,7770.0,850.0,,
1970-10-20,660.0,635.0,304.0,6020.0,3190.0,1430.0,,
1970-10-21,627.0,653.0,322.0,4100.0,5650.0,1580.0,,
1970-10-22,446.0,855.0,311.0,2880.0,5150.0,980.0,,
1970-10-23,707.0,563.0,308.0,5620.0,3370.0,1290.0,,
1970-10-26,485.0,765.0,329.0,2660.0,5120.0,1430.0,,
1970-10-27,493.0,804.0,307.0,2710.0,5490.0,1470.0,,
1970-10-28,572.0,717.0,310.0,5330.0,3800.0,1540.0,,
1970-10-29,537.0,786.0,277.0,3300.0,5850.0,1300.0,,
1970-10-30,532.0,748.0,315.0,3450.0,5780.0,1300.0,,
1970-11-02,659.0,611.0,316.0,4710.0,3230.0,1530.0,,
1970-11-03,924.0,385.0,276.0,7320.0,3260.0,1180.0,,
1970-11-04,707.0,597.0,284.0,5780.0,4880.0,1530.0,,
1970-11-05,540.0,693.0,341.0,3370.0,5930.0,1500.0,,
1970-11-06,637.0,627.0,330.0,4160.0,4540.0,1270.0,,
1970-11-09,817.0,524.0,284.0,6600.0,3200.0,1120.0,,
1970-11-10,723.0,578.0,326.0,5090.0,5250.0,1690.0,,
1970-11-11,850.0,479.0,289.0,7220.0,4840.0,1460.0,,
1970-11-12,351.0,1019.0,263.0,2290.0,9090.0,1140.0,,
1970-11-13,358.0,977.0,276.0,1850.0,9010.0,1020.0,,
1970-11-16,496.0,801.0,320.0,3390.0,4440.0,1340.0,,
1970-11-17,638.0,617.0,342.0,4190.0,3860.0,1410.0,,
1970-11-18,342.0,939.0,299.0,1690.0,7070.0,1100.0,,
1970-11-19,578.0,703.0,331.0,3940.0,3930.0,1420.0,,
1970-11-20,831.0,444.0,338.0,6910.0,2730.0,1290.0,,
1970-11-23,899.0,488.0,280.0,7100.0,4050.0,1580.0,,
1970-11-24,849.0,490.0,315.0,7380.0,3770.0,1410.0,,
1970-11-25,835.0,516.0,285.0,7470.0,4350.0,1650.0,,
1970-11-27,907.0,399.0,310.0,7360.0,1550.0,1230.0,,
1970-11-30,1244.0,230.0,203.0,15170.0,1660.0,880.0,,
1970-12-01,938.0,507.0,234.0,10830.0,7800.0,1540.0,,
1970-12-02,1032.0,401.0,239.0,13520.0,3370.0,1070.0,,
1970-12-03,966.0,487.0,237.0,11500.0,7810.0,1170.0,,
1970-12-04,910.0,484.0,274.0,10360.0,3750.0,1850.0,,
1970-12-07,919.0,475.0,282.0,9710.0,4380.0,1460.0,,
1970-12-08,545.0,835.0,288.0,4490.0,8110.0,1770.0,,
1970-12-09,669.0,668.0,322.0,6520.0,5320.0,1720.0,,
1970-12-10,799.0,552.0,300.0,8000.0,4800.0,1810.0,,
1970-12-11,838.0,550.0,283.0,8170.0,5800.0,1830.0,,
1970-12-14,493.0,886.0,306.0,3020.0,9150.0,1650.0,,
1970-12-15,582.0,778.0,308.0,5170.0,6590.0,1660.0,,
1970-12-16,680.0,670.0,310.0,5530.0,6930.0,1780.0,,
1970-12-17,814.0,515.0,321.0,6850.0,4930.0,1880.0,,
1970-12-18,777.0,549.0,329.0,8090.0,4490.0,1780.0,,
1970-12-21,654.0,729.0,296.0,4490.0,7170.0,1030.0,,
1970-12-22,761.0,609.0,309.0,7170.0,5930.0,1410.0,,
1970-12-23,769.0,582.0,342.0,8060.0,5170.0,2170.0,,
1970-12-24,1016.0,345.0,251.0,7840.0,3110.0,1190.0,,
1970-12-28,909.0,429.0,284.0,7640.0,3020.0,1640.0,,
1970-12-29,1121.0,311.0,242.0,13850.0,2400.0,1500.0,,
1970-12-30,814.0,594.0,287.0,9180.0,7520.0,2440.0,,
1970-12-31,658.0,693.0,304.0,5840.0,5560.0,2000.0,,
1971-01-04,535.0,847.0,273.0,2210.0,6720.0,1080.0,,
1971-01-05,1043.0,401.0,201.0,8790.0,2920.0,890.0,,
1971-01-06,1098.0,341.0,225.0,11870.0,3910.0,1180.0,,
1971-01-07,841.0,600.0,247.0,7810.0,7010.0,1630.0,,
1971-01-08,717.0,681.0,286.0,6100.0,6140.0,1870.0,,
1971-01-11,736.0,624.0,309.0,5990.0,7010.0,1720.0,,
1971-01-12,1145.0,327.0,210.0,13580.0,2940.0,1280.0,,
1971-01-13,839.0,618.0,236.0,8400.0,8480.0,2200.0,,
1971-01-14,789.0,602.0,290.0,10660.0,5300.0,1640.0,,
1971-01-15,934.0,476.0,267.0,9930.0,5750.0,2340.0,,
1971-01-18,903.0,528.0,263.0,9130.0,4800.0,1480.0,,
1971-01-19,814.0,605.0,269.0,8680.0,5530.0,1600.0,,
1971-01-20,785.0,622.0,274.0,9080.0,7170.0,2090.0,,
1971-01-21,883.0,528.0,261.0,12490.0,4870.0,1700.0,,
1971-01-22,899.0,502.0,292.0,12690.0,6540.0,2450.0,,
1971-01-25,876.0,541.0,281.0,11060.0,5810.0,2180.0,,
1971-01-26,811.0,672.0,223.0,11100.0,8060.0,2230.0,,
1971-01-27,456.0,971.0,261.0,6650.0,11330.0,2670.0,,
1971-01-28,838.0,520.0,303.0,11660.0,5140.0,2050.0,,
1971-01-29,938.0,468.0,272.0,11880.0,6520.0,2560.0,,
1971-02-01,1005.0,452.0,229.0,14200.0,4490.0,1970.0,,
1971-02-02,760.0,654.0,273.0,10770.0,8610.0,2650.0,,
1971-02-03,800.0,595.0,253.0,12290.0,7620.0,1780.0,,
1971-02-04,728.0,668.0,286.0,9510.0,8630.0,2700.0,,
1971-02-05,856.0,540.0,273.0,11950.0,6240.0,2310.0,,
1971-02-08,975.0,467.0,239.0,18210.0,5450.0,1940.0,,
1971-02-09,738.0,688.0,261.0,14100.0,11380.0,2770.0,,
1971-02-10,550.0,856.0,280.0,7180.0,9730.0,2140.0,,
1971-02-11,908.0,516.0,276.0,11580.0,5320.0,2350.0,,
1971-02-12,925.0,498.0,247.0,12300.0,4230.0,1940.0,,
1971-02-16,838.0,603.0,265.0,11560.0,7630.0,2160.0,,
1971-02-17,576.0,841.0,286.0,7130.0,9590.0,2010.0,,
1971-02-18,457.0,940.0,288.0,4350.0,10260.0,2040.0,,
1971-02-19,318.0,1145.0,234.0,2410.0,14240.0,1210.0,,
1971-02-22,239.0,1227.0,219.0,2150.0,12160.0,1540.0,,
1971-02-23,854.0,553.0,262.0,8980.0,4680.0,1430.0,,
1971-02-24,970.0,414.0,273.0,10280.0,4130.0,1530.0,,
1971-02-25,731.0,630.0,287.0,8030.0,6520.0,1650.0,,
1971-02-26,488.0,863.0,304.0,5150.0,9840.0,2270.0,,
1971-03-01,738.0,639.0,271.0,7200.0,3760.0,2050.0,,
1971-03-02,687.0,670.0,313.0,6870.0,5400.0,2610.0,,
1971-03-03,677.0,668.0,309.0,6620.0,6340.0,1720.0,,
1971-03-04,971.0,442.0,263.0,13270.0,2780.0,1310.0,,
1971-03-05,1031.0,395.0,242.0,16640.0,4300.0,1490.0,,
1971-03-08,907.0,512.0,268.0,12170.0,5400.0,1770.0,,
1971-03-09,814.0,611.0,264.0,11090.0,7340.0,2070.0,,
1971-03-10,628.0,775.0,252.0,7850.0,7900.0,1470.0,,
1971-03-11,673.0,710.0,290.0,8070.0,9510.0,2260.0,,
1971-03-12,642.0,687.0,314.0,6800.0,5870.0,2010.0,,
1971-03-15,1003.0,420.0,257.0,13160.0,3800.0,1970.0,,
1971-03-16,844.0,584.0,267.0,12110.0,8000.0,2160.0,,
1971-03-17,643.0,742.0,291.0,7830.0,7620.0,1620.0,,
1971-03-18,794.0,581.0,304.0,9200.0,6660.0,2060.0,,
1971-03-19,632.0,766.0,284.0,5750.0,7780.0,1630.0,,
1971-03-22,528.0,874.0,281.0,4840.0,7470.0,1990.0,,
1971-03-23,505.0,833.0,311.0,6510.0,7930.0,2030.0,,
1971-03-24,483.0,904.0,268.0,4890.0,9340.0,1550.0,,
1971-03-25,579.0,794.0,299.0,7430.0,6270.0,2180.0,,
1971-03-26,842.0,501.0,303.0,9090.0,4720.0,1760.0,,
1971-03-29,715.0,683.0,300.0,6780.0,5380.0,1490.0,,
1971-03-30,699.0,660.0,324.0,8200.0,5380.0,1880.0,,
1971-03-31,771.0,627.0,276.0,8100.0,7510.0,2000.0,,
1971-04-01,647.0,708.0,306.0,6060.0,5520.0,1890.0,,
1971-04-02,726.0,622.0,308.0,7810.0,5120.0,1590.0,,
1971-04-05,707.0,697.0,277.0,8100.0,6420.0,1530.0,,
1971-04-06,810.0,581.0,296.0,12420.0,5500.0,2060.0,,
1971-04-07,881.0,545.0,265.0,12050.0,8080.0,2140.0,,
1971-04-08,775.0,625.0,280.0,9140.0,6380.0,2070.0,,
1971-04-12,873.0,564.0,262.0,12670.0,5000.0,1750.0,,
1971-04-13,742.0,660.0,288.0,12100.0,8720.0,2380.0,,
1971-04-14,804.0,605.0,286.0,12260.0,5270.0,1920.0,,
1971-04-15,752.0,694.0,264.0,12020.0,8640.0,1880.0,,
1971-04-16,702.0,720.0,277.0,9700.0,6670.0,1920.0,,
1971-04-19,790.0,637.0,278.0,9480.0,6020.0,2220.0,,
1971-04-20,472.0,942.0,280.0,4700.0,11310.0,1880.0,,
1971-04-21,555.0,829.0,312.0,6780.0,7960.0,2310.0,,
1971-04-22,742.0,620.0,317.0,10740.0,6330.0,2200.0,,
1971-04-23,814.0,564.0,304.0,11520.0,6360.0,2280.0,,
1971-04-26,773.0,647.0,270.0,10210.0,6190.0,2470.0,,
1971-04-27,796.0,637.0,258.0,12090.0,7190.0,1980.0,,
1971-04-28,761.0,671.0,246.0,10760.0,11670.0,2390.0,,
1971-04-29,587.0,824.0,277.0,6670.0,11720.0,1960.0,,
1971-04-30,441.0,964.0,284.0,4740.0,10910.0,1840.0,,
1971-05-03,463.0,983.0,257.0,5360.0,9110.0,1650.0,,
1971-05-04,887.0,513.0,281.0,11040.0,4330.0,1950.0,,
1971-05-05,588.0,782.0,310.0,7500.0,7860.0,1910.0,,
1971-05-06,463.0,947.0,292.0,5040.0,12420.0,1830.0,,
1971-05-07,459.0,931.0,295.0,5040.0,9300.0,2150.0,,
1971-05-10,456.0,914.0,296.0,3330.0,7590.0,1890.0,,
1971-05-11,797.0,575.0,312.0,8580.0,7250.0,1900.0,,
1971-05-12,711.0,649.0,315.0,8400.0,4930.0,1820.0,,
1971-05-13,627.0,754.0,291.0,8070.0,7730.0,1840.0,,
1971-05-14,543.0,829.0,292.0,5560.0,9290.0,1620.0,,
1971-05-17,210.0,1275.0,203.0,1240.0,13860.0,880.0,,
1971-05-18,611.0,790.0,289.0,8370.0,7280.0,2000.0,,
1971-05-19,693.0,643.0,335.0,5790.0,4470.0,1470.0,,
1971-05-20,739.0,618.0,306.0,7110.0,4620.0,1610.0,,
1971-05-21,547.0,801.0,304.0,4040.0,6900.0,1160.0,,
1971-05-24,379.0,993.0,289.0,2450.0,8260.0,1360.0,,
1971-05-25,363.0,1027.0,274.0,4210.0,9950.0,1900.0,,
1971-05-26,693.0,633.0,337.0,6860.0,4920.0,1760.0,,
1971-05-27,570.0,716.0,372.0,5190.0,5950.0,910.0,,
1971-05-28,712.0,568.0,351.0,5340.0,4690.0,1730.0,,
1971-06-01,857.0,517.0,280.0,7290.0,3320.0,1320.0,,
1971-06-02,969.0,444.0,273.0,11910.0,4050.0,1780.0,,
1971-06-03,908.0,518.0,258.0,9790.0,7250.0,1760.0,,
1971-06-04,692.0,680.0,304.0,6610.0,6020.0,1780.0,,
1971-06-07,689.0,704.0,277.0,5460.0,7050.0,1290.0,,
1971-06-08,420.0,982.0,275.0,2850.0,9270.0,1490.0,,
1971-06-09,526.0,821.0,285.0,5610.0,6470.0,2180.0,,
1971-06-10,708.0,631.0,321.0,6500.0,4400.0,1550.0,,
1971-06-11,684.0,616.0,337.0,5960.0,4750.0,1560.0,,
1971-06-14,384.0,1015.0,273.0,2500.0,7960.0,1080.0,,
1971-06-15,512.0,850.0,304.0,4690.0,6920.0,1950.0,,
1971-06-16,637.0,707.0,327.0,6090.0,6680.0,1540.0,,
1971-06-17,644.0,664.0,337.0,5800.0,6390.0,1800.0,,
1971-06-18,248.0,1181.0,234.0,1410.0,12690.0,940.0,,
1971-06-21,267.0,1130.0,255.0,2240.0,12950.0,1300.0,,
1971-06-22,542.0,845.0,280.0,5960.0,7060.0,2170.0,,
1971-06-23,962.0,434.0,254.0,8950.0,2470.0,1220.0,,
1971-06-24,616.0,682.0,328.0,4300.0,5480.0,1580.0,,
1971-06-25,597.0,709.0,328.0,3470.0,5890.0,1230.0,,
1971-06-28,524.0,767.0,328.0,3770.0,4480.0,1550.0,,
1971-06-29,1013.0,362.0,276.0,10690.0,2320.0,1450.0,,
1971-06-30,992.0,398.0,284.0,10580.0,3410.0,1420.0,,
1971-07-01,746.0,587.0,334.0,5970.0,4960.0,2150.0,,
1971-07-02,679.0,640.0,341.0,4400.0,4100.0,1470.0,,
1971-07-06,728.0,626.0,298.0,5360.0,3590.0,1460.0,,
1971-07-07,835.0,526.0,323.0,8460.0,4520.0,1550.0,,
1971-07-08,763.0,585.0,327.0,7370.0,4690.0,1860.0,,
1971-07-09,755.0,607.0,306.0,6650.0,4450.0,1550.0,,
1971-07-12,722.0,656.0,303.0,6120.0,4400.0,1510.0,,
1971-07-13,351.0,1069.0,264.0,2100.0,10350.0,1090.0,,
1971-07-14,596.0,738.0,318.0,5900.0,6360.0,2120.0,,
1971-07-15,758.0,575.0,320.0,5470.0,5510.0,2110.0,,
1971-07-16,649.0,699.0,296.0,5610.0,6540.0,1730.0,,
1971-07-19,515.0,827.0,310.0,4260.0,5570.0,1600.0,,
1971-07-20,745.0,573.0,346.0,7190.0,3780.0,1570.0,,
1971-07-21,610.0,714.0,328.0,4720.0,5680.0,1520.0,,
1971-07-22,518.0,794.0,346.0,3960.0,6050.0,2570.0,,
1971-07-23,559.0,770.0,310.0,3900.0,6230.0,2240.0,,
1971-07-26,487.0,841.0,316.0,2920.0,5670.0,1350.0,,
1971-07-27,333.0,1052.0,266.0,1750.0,8750.0,1060.0,,
1971-07-28,323.0,1040.0,293.0,2500.0,9980.0,1460.0,,
1971-07-29,233.0,1232.0,206.0,2060.0,11710.0,810.0,,
1971-07-30,516.0,812.0,317.0,4040.0,7160.0,1770.0,,
1971-08-02,909.0,469.0,257.0,7650.0,3240.0,990.0,,
1971-08-03,218.0,1263.0,191.0,900.0,11810.0,800.0,,
1971-08-04,447.0,910.0,313.0,4370.0,9190.0,1850.0,,
1971-08-05,714.0,575.0,350.0,5740.0,4510.0,1850.0,,
1971-08-06,740.0,538.0,335.0,4590.0,3450.0,1460.0,,
1971-08-09,373.0,963.0,305.0,1620.0,5540.0,960.0,,
1971-08-10,558.0,733.0,335.0,3530.0,4480.0,1460.0,,
1971-08-11,935.0,388.0,312.0,7640.0,2940.0,790.0,,
1971-08-12,1123.0,310.0,242.0,11050.0,3780.0,1080.0,,
1971-08-13,599.0,686.0,335.0,3560.0,5060.0,1340.0,,
1971-08-16,1503.0,107.0,84.0,28300.0,3070.0,360.0,,
1971-08-17,932.0,536.0,217.0,17580.0,6960.0,2250.0,,
1971-08-18,407.0,1062.0,247.0,3880.0,14720.0,2080.0,,
1971-08-19,478.0,893.0,280.0,4550.0,7830.0,1810.0,,
1971-08-20,713.0,632.0,302.0,5970.0,4120.0,1810.0,,
1971-08-23,917.0,474.0,264.0,8520.0,3430.0,1100.0,,
1971-08-24,997.0,449.0,263.0,12870.0,4360.0,1480.0,,
1971-08-25,842.0,598.0,267.0,9080.0,7180.0,2030.0,,
1971-08-26,677.0,697.0,308.0,5810.0,6220.0,1970.0,,
1971-08-27,813.0,550.0,301.0,6890.0,4150.0,1460.0,,
1971-08-30,494.0,894.0,289.0,3060.0,7210.0,850.0,,
1971-08-31,463.0,892.0,317.0,3350.0,5700.0,1390.0,,
1971-09-01,706.0,596.0,344.0,5530.0,3590.0,1660.0,,
1971-09-02,767.0,557.0,331.0,6020.0,3520.0,1150.0,,
1971-09-03,1142.0,296.0,262.0,11500.0,1470.0,1070.0,,
1971-09-07,989.0,468.0,249.0,10480.0,5020.0,1590.0,,
1971-09-08,752.0,667.0,286.0,6380.0,6270.0,1580.0,,
1971-09-09,575.0,826.0,280.0,5390.0,8730.0,1660.0,,
1971-09-10,483.0,911.0,282.0,3550.0,6450.0,1380.0,,
1971-09-13,543.0,811.0,344.0,3210.0,5220.0,1570.0,,
1971-09-14,401.0,1012.0,291.0,2300.0,7920.0,1190.0,,
1971-09-15,669.0,661.0,342.0,5680.0,3590.0,1810.0,,
1971-09-16,577.0,770.0,330.0,3730.0,5630.0,1190.0,,
1971-09-17,751.0,583.0,338.0,5910.0,3610.0,1510.0,,
1971-09-20,485.0,841.0,314.0,3000.0,5280.0,1270.0,,
1971-09-21,529.0,803.0,330.0,4090.0,5070.0,1490.0,,
1971-09-22,329.0,1070.0,278.0,2210.0,10580.0,1460.0,,
1971-09-23,520.0,810.0,328.0,4730.0,6890.0,1640.0,,
1971-09-24,674.0,675.0,324.0,4950.0,6400.0,2120.0,,
1971-09-27,373.0,986.0,303.0,2450.0,6490.0,1280.0,,
1971-09-28,694.0,630.0,352.0,5580.0,3980.0,1700.0,,
1971-09-29,635.0,628.0,363.0,3350.0,3900.0,1330.0,,
1971-09-30,801.0,560.0,301.0,7150.0,4850.0,1490.0,,
1971-10-01,889.0,502.0,297.0,7910.0,4030.0,1470.0,,
1971-10-04,823.0,579.0,294.0,8120.0,4780.0,1680.0,,
1971-10-05,581.0,762.0,348.0,4410.0,6260.0,1700.0,,
1971-10-06,967.0,432.0,301.0,10550.0,3260.0,1820.0,,
1971-10-07,861.0,557.0,302.0,8720.0,6970.0,2080.0,,
1971-10-08,526.0,851.0,307.0,4230.0,7910.0,1730.0,,
1971-10-11,536.0,735.0,336.0,3210.0,3540.0,1050.0,,
1971-10-12,788.0,577.0,316.0,8850.0,4290.0,1200.0,,
1971-10-13,601.0,783.0,322.0,4020.0,7620.0,1910.0,,
1971-10-14,357.0,1038.0,296.0,2100.0,9400.0,1370.0,,
1971-10-15,488.0,875.0,300.0,4140.0,7280.0,1700.0,,
1971-10-18,479.0,880.0,324.0,2710.0,6350.0,1370.0,,
1971-10-19,431.0,959.0,303.0,3800.0,7630.0,1620.0,,
1971-10-20,327.0,1097.0,271.0,2030.0,13050.0,1270.0,,
1971-10-21,609.0,774.0,296.0,6540.0,6850.0,1600.0,,
1971-10-22,685.0,673.0,320.0,5390.0,7240.0,1920.0,,
1971-10-25,434.0,804.0,348.0,1840.0,4350.0,1160.0,,
1971-10-26,437.0,920.0,311.0,3350.0,8350.0,1680.0,,
1971-10-27,318.0,1109.0,263.0,2410.0,9520.0,1570.0,,
1971-10-28,640.0,761.0,276.0,6510.0,6990.0,2030.0,,
1971-10-29,791.0,540.0,311.0,6740.0,3600.0,1370.0,,
1971-11-01,291.0,1148.0,247.0,1080.0,9050.0,840.0,,
1971-11-02,645.0,716.0,329.0,6450.0,5030.0,1850.0,,
1971-11-03,1119.0,343.0,241.0,10930.0,2210.0,1450.0,,
1971-11-04,813.0,583.0,323.0,6440.0,6920.0,2390.0,,
1971-11-05,475.0,832.0,356.0,2810.0,5980.0,2000.0,,
1971-11-08,603.0,728.0,353.0,3220.0,3990.0,1310.0,,
1971-11-09,717.0,642.0,321.0,5410.0,4920.0,1730.0,,
1971-11-10,330.0,1052.0,303.0,1650.0,10780.0,990.0,,
1971-11-11,287.0,1083.0,295.0,1770.0,10250.0,1300.0,,
1971-11-12,571.0,768.0,334.0,5500.0,6950.0,2100.0,,
1971-11-15,568.0,785.0,322.0,2890.0,5190.0,1300.0,,
1971-11-16,851.0,508.0,322.0,8440.0,2930.0,1930.0,,
1971-11-17,601.0,730.0,358.0,5090.0,6060.0,1690.0,,
1971-11-18,491.0,878.0,314.0,2630.0,9240.0,1150.0,,
1971-11-19,354.0,1016.0,302.0,2760.0,8400.0,1260.0,,
1971-11-22,314.0,1046.0,306.0,1610.0,8710.0,1040.0,,
1971-11-23,339.0,1098.0,257.0,4220.0,10900.0,1720.0,,
1971-11-24,739.0,627.0,313.0,5560.0,4580.0,1730.0,,
1971-11-26,1106.0,242.0,272.0,9070.0,900.0,900.0,,
1971-11-29,1314.0,204.0,194.0,15970.0,1670.0,1260.0,,
1971-11-30,979.0,456.0,267.0,11320.0,5320.0,1680.0,,
1971-12-01,1238.0,292.0,208.0,16890.0,2770.0,1380.0,,
1971-12-02,824.0,620.0,286.0,9370.0,6430.0,1990.0,,
1971-12-03,1039.0,419.0,246.0,10890.0,4060.0,1810.0,,
1971-12-06,764.0,701.0,276.0,6270.0,9080.0,2130.0,,
1971-12-07,762.0,636.0,310.0,8570.0,4900.0,1780.0,,
1971-12-08,748.0,615.0,330.0,7740.0,6250.0,2660.0,,
1971-12-09,646.0,707.0,337.0,6980.0,5710.0,2020.0,,
1971-12-10,985.0,423.0,310.0,12040.0,3650.0,1830.0,,
1971-12-13,917.0,506.0,298.0,10520.0,4260.0,2250.0,,
1971-12-14,566.0,828.0,318.0,4970.0,9350.0,1740.0,,
1971-12-15,906.0,521.0,299.0,10900.0,4400.0,1590.0,,
1971-12-16,1029.0,448.0,266.0,14730.0,4570.0,1780.0,,
1971-12-17,879.0,547.0,309.0,11030.0,5030.0,2210.0,,
1971-12-20,1197.0,342.0,234.0,18340.0,3400.0,2080.0,,
1971-12-21,752.0,689.0,315.0,10840.0,6930.0,2700.0,,
1971-12-22,597.0,847.0,299.0,6790.0,10300.0,1850.0,,
1971-12-23,582.0,864.0,308.0,6360.0,7590.0,2060.0,,
1971-12-27,753.0,677.0,286.0,5650.0,4700.0,1550.0,,
1971-12-28,946.0,491.0,295.0,10250.0,2990.0,1850.0,,
1971-12-29,949.0,525.0,290.0,9370.0,5460.0,2320.0,,
1971-12-30,626.0,801.0,318.0,4810.0,6690.0,2310.0,,
1971-12-31,933.0,512.0,287.0,8500.0,3820.0,1730.0,,
1972-01-03,768.0,665.0,285.0,4660.0,6150.0,1760.0,,
1972-01-04,837.0,590.0,305.0,9430.0,4080.0,1680.0,,
1972-01-05,1138.0,379.0,228.0,15960.0,4020.0,1370.0,,
1972-01-06,964.0,555.0,247.0,11800.0,6860.0,2440.0,,
1972-01-07,800.0,667.0,306.0,7900.0,6670.0,2570.0,,
1972-01-10,818.0,659.0,295.0,7510.0,5500.0,2310.0,,
1972-01-11,996.0,499.0,277.0,11140.0,4690.0,2140.0,,
1972-01-12,723.0,774.0,269.0,8090.0,10830.0,2050.0,,
1972-01-13,495.0,1009.0,253.0,4400.0,10350.0,1660.0,,
1972-01-14,824.0,616.0,322.0,8250.0,4760.0,1950.0,,
1972-01-17,897.0,590.0,273.0,9330.0,4850.0,1680.0,,
1972-01-18,923.0,576.0,253.0,12940.0,6430.0,1700.0,,
1972-01-19,604.0,859.0,313.0,7240.0,9120.0,2440.0,,
1972-01-20,666.0,770.0,341.0,7780.0,9920.0,2510.0,,
1972-01-21,583.0,830.0,337.0,7550.0,9040.0,1590.0,,
1972-01-24,426.0,1045.0,290.0,2910.0,11160.0,1570.0,,
1972-01-25,690.0,734.0,336.0,8520.0,6810.0,2240.0,,
1972-01-26,684.0,718.0,331.0,6650.0,6510.0,1780.0,,
1972-01-27,1102.0,412.0,243.0,14490.0,3960.0,1910.0,,
1972-01-28,1009.0,460.0,268.0,15340.0,6790.0,2870.0,,
1972-01-31,795.0,642.0,306.0,8610.0,7530.0,2110.0,,
1972-02-01,758.0,701.0,291.0,9590.0,7810.0,2200.0,,
1972-02-02,930.0,546.0,285.0,14490.0,6540.0,3040.0,,
1972-02-03,607.0,837.0,309.0,7940.0,9690.0,2250.0,,
1972-02-04,843.0,600.0,313.0,9440.0,6120.0,2330.0,,
1972-02-07,670.0,775.0,324.0,6820.0,7950.0,2160.0,,
1972-02-08,636.0,797.0,318.0,7750.0,7490.0,2150.0,,
1972-02-09,912.0,568.0,280.0,12300.0,5950.0,1600.0,,
1972-02-10,764.0,680.0,310.0,11570.0,9160.0,2730.0,,
1972-02-11,538.0,894.0,301.0,5280.0,10510.0,2060.0,,
1972-02-14,552.0,875.0,323.0,5030.0,8750.0,2060.0,,
1972-02-15,822.0,606.0,316.0,11030.0,4810.0,1930.0,,
1972-02-16,837.0,589.0,313.0,13140.0,5420.0,2110.0,,
1972-02-17,713.0,715.0,316.0,9420.0,10440.0,2470.0,,
1972-02-18,621.0,817.0,302.0,6500.0,8310.0,1780.0,,
1972-02-22,724.0,721.0,313.0,8030.0,6770.0,1870.0,,
1972-02-23,766.0,653.0,324.0,9170.0,5920.0,1680.0,,
1972-02-24,736.0,677.0,329.0,7720.0,5880.0,2400.0,,
1972-02-25,858.0,576.0,303.0,10520.0,5260.0,2400.0,,
1972-02-28,749.0,674.0,335.0,9170.0,6580.0,2450.0,,
1972-02-29,787.0,631.0,334.0,10360.0,7660.0,2300.0,,
1972-03-01,913.0,573.0,300.0,14230.0,7440.0,2000.0,,
1972-03-02,725.0,706.0,325.0,9840.0,9340.0,3020.0,,
1972-03-03,903.0,525.0,328.0,12060.0,5610.0,2750.0,,
1972-03-06,1004.0,514.0,253.0,14240.0,5030.0,1730.0,,
1972-03-07,729.0,745.0,291.0,10360.0,9590.0,2690.0,,
1972-03-08,822.0,650.0,309.0,11640.0,7060.0,2590.0,,
1972-03-09,747.0,707.0,326.0,9780.0,9360.0,2320.0,,
1972-03-10,519.0,922.0,319.0,5960.0,11490.0,2240.0,,
1972-03-13,386.0,1086.0,284.0,3510.0,11420.0,1800.0,,
1972-03-14,778.0,619.0,361.0,11220.0,5900.0,5250.0,,
1972-03-15,763.0,690.0,310.0,8840.0,8410.0,2210.0,,
1972-03-16,552.0,868.0,343.0,5050.0,9180.0,2470.0,,
1972-03-17,714.0,720.0,295.0,8020.0,6420.0,1600.0,,
1972-03-20,571.0,914.0,279.0,4910.0,9960.0,1550.0,,
1972-03-21,286.0,1199.0,277.0,2260.0,14180.0,2170.0,,
1972-03-22,684.0,738.0,338.0,7840.0,5860.0,1700.0,,
1972-03-23,1029.0,440.0,303.0,12660.0,3550.0,2170.0,,
1972-03-24,606.0,808.0,346.0,4870.0,8410.0,2110.0,,
1972-03-27,528.0,881.0,364.0,3510.0,7020.0,1650.0,,
1972-03-28,623.0,790.0,351.0,5610.0,7590.0,2180.0,,
1972-03-29,442.0,978.0,326.0,3710.0,8080.0,2070.0,,
1972-03-30,900.0,515.0,323.0,9900.0,3250.0,1210.0,,
1972-04-03,742.0,726.0,312.0,7410.0,5830.0,1750.0,,
1972-04-04,863.0,565.0,337.0,11130.0,5110.0,1870.0,,
1972-04-05,969.0,493.0,316.0,15980.0,5000.0,1980.0,,
1972-04-06,892.0,574.0,318.0,13100.0,7400.0,2330.0,,
1972-04-07,767.0,685.0,323.0,9730.0,7080.0,3090.0,,
1972-04-10,735.0,735.0,327.0,7840.0,8620.0,3010.0,,
1972-04-11,867.0,620.0,309.0,11820.0,5760.0,2350.0,,
1972-04-12,865.0,649.0,296.0,13270.0,8990.0,2430.0,,
1972-04-13,569.0,890.0,320.0,5660.0,9360.0,2970.0,,
1972-04-14,673.0,748.0,354.0,7860.0,7380.0,2220.0,,
1972-04-17,633.0,794.0,355.0,6230.0,6880.0,2280.0,,
1972-04-18,765.0,687.0,336.0,9910.0,7150.0,2350.0,,
1972-04-19,492.0,977.0,317.0,6130.0,10820.0,2860.0,,
1972-04-20,572.0,825.0,358.0,8120.0,7390.0,2680.0,,
1972-04-21,668.0,768.0,318.0,7270.0,8590.0,2340.0,,
1972-04-24,455.0,1000.0,306.0,4210.0,8510.0,1930.0,,
1972-04-25,313.0,1141.0,299.0,2800.0,12030.0,2200.0,,
1972-04-26,567.0,869.0,323.0,6510.0,8900.0,2300.0,,
1972-04-27,674.0,733.0,353.0,6250.0,7710.0,1780.0,,
1972-04-28,831.0,586.0,325.0,7850.0,4370.0,1940.0,,
1972-05-01,403.0,1060.0,282.0,2820.0,8380.0,1680.0,,
1972-05-02,501.0,980.0,281.0,4390.0,8840.0,2140.0,,
1972-05-03,505.0,918.0,329.0,5470.0,8610.0,1820.0,,
1972-05-04,645.0,729.0,360.0,6860.0,6400.0,1530.0,,
1972-05-05,763.0,632.0,338.0,6050.0,5120.0,2040.0,,
1972-05-08,441.0,971.0,330.0,2410.0,6850.0,1990.0,,
1972-05-09,180.0,1380.0,184.0,1400.0,17260.0,1250.0,,
1972-05-10,942.0,450.0,352.0,8520.0,3230.0,2120.0,,
1972-05-11,911.0,499.0,322.0,7430.0,3630.0,1840.0,,
1972-05-12,1006.0,433.0,310.0,9030.0,3110.0,1850.0,,
1972-05-15,906.0,528.0,334.0,7660.0,4060.0,1880.0,,
1972-05-16,652.0,771.0,330.0,5390.0,6980.0,1700.0,,
1972-05-17,668.0,708.0,373.0,6050.0,5140.0,2410.0,,
1972-05-18,947.0,481.0,327.0,10660.0,5020.0,1690.0,,
1972-05-19,999.0,488.0,299.0,12680.0,5040.0,1860.0,,
1972-05-22,823.0,644.0,312.0,8090.0,6270.0,1670.0,,
1972-05-23,649.0,762.0,356.0,6610.0,7240.0,2560.0,,
1972-05-24,764.0,661.0,347.0,9350.0,6560.0,1960.0,,
1972-05-25,714.0,706.0,330.0,8550.0,5640.0,2290.0,,
1972-05-26,780.0,637.0,356.0,7660.0,5500.0,2570.0,,
1972-05-30,636.0,783.0,334.0,6430.0,7550.0,1830.0,,
1972-05-31,399.0,1068.0,294.0,3310.0,10350.0,1570.0,,
1972-06-01,739.0,651.0,369.0,7820.0,5500.0,1590.0,,
1972-06-02,718.0,665.0,361.0,6990.0,6350.0,2060.0,,
1972-06-05,458.0,986.0,313.0,2540.0,9380.0,1530.0,,
1972-06-06,480.0,948.0,318.0,3390.0,10770.0,1820.0,,
1972-06-07,427.0,949.0,375.0,3910.0,9740.0,1570.0,,
1972-06-08,541.0,801.0,388.0,4180.0,7670.0,1970.0,,
1972-06-09,462.0,883.0,375.0,3510.0,7700.0,1580.0,,
1972-06-12,662.0,701.0,377.0,6270.0,5170.0,1950.0,,
1972-06-13,683.0,684.0,380.0,7510.0,6310.0,1890.0,,
1972-06-14,895.0,541.0,334.0,10740.0,5870.0,1710.0,,
1972-06-15,635.0,777.0,337.0,6570.0,8720.0,1650.0,,
1972-06-16,561.0,804.0,361.0,5030.0,6540.0,1440.0,,
1972-06-19,599.0,771.0,346.0,4860.0,4970.0,1830.0,,
1972-06-20,723.0,681.0,357.0,7410.0,5580.0,1980.0,,
1972-06-21,672.0,736.0,357.0,6290.0,7170.0,2050.0,,
1972-06-22,534.0,865.0,341.0,5000.0,6490.0,1920.0,,
1972-06-23,550.0,825.0,357.0,3990.0,8220.0,1730.0,,
1972-06-26,415.0,999.0,328.0,2760.0,8440.0,1520.0,,
1972-06-27,610.0,768.0,368.0,4130.0,7440.0,2180.0,,
1972-06-28,514.0,851.0,377.0,3460.0,7260.0,1420.0,,
1972-06-29,523.0,835.0,367.0,5180.0,6780.0,2650.0,,
1972-06-30,910.0,493.0,320.0,7310.0,3890.0,1660.0,,
1972-07-03,807.0,522.0,350.0,4500.0,2480.0,1160.0,,
1972-07-05,850.0,562.0,352.0,8400.0,4710.0,1600.0,,
1972-07-06,930.0,505.0,331.0,11530.0,5710.0,2280.0,,
1972-07-07,575.0,810.0,354.0,4210.0,6920.0,1770.0,,
1972-07-10,490.0,906.0,347.0,3230.0,6880.0,1590.0,,
1972-07-11,420.0,1020.0,309.0,2580.0,8900.0,1350.0,,
1972-07-12,489.0,905.0,349.0,4090.0,10260.0,1800.0,,
1972-07-13,437.0,953.0,341.0,4190.0,8580.0,1970.0,,
1972-07-14,753.0,626.0,362.0,7050.0,5300.0,1560.0,,
1972-07-17,451.0,957.0,318.0,2480.0,8950.0,1740.0,,
1972-07-18,496.0,912.0,327.0,7500.0,7230.0,2090.0,,
1972-07-19,796.0,612.0,340.0,9130.0,6780.0,1970.0,,
1972-07-20,543.0,820.0,365.0,4200.0,9130.0,1720.0,,
1972-07-21,830.0,546.0,369.0,7540.0,4450.0,2020.0,,
1972-07-24,1075.0,404.0,294.0,11680.0,4620.0,1720.0,,
1972-07-25,652.0,791.0,330.0,5990.0,9600.0,1590.0,,
1972-07-26,626.0,804.0,314.0,5640.0,7310.0,1180.0,,
1972-07-27,479.0,875.0,365.0,3720.0,8350.0,1800.0,,
1972-07-28,607.0,771.0,356.0,5280.0,5930.0,1840.0,,
1972-07-31,603.0,766.0,350.0,4240.0,5120.0,1760.0,,
1972-08-01,893.0,488.0,362.0,9730.0,4430.0,1380.0,,
1972-08-02,905.0,519.0,323.0,10890.0,5330.0,1700.0,,
1972-08-03,825.0,486.0,454.0,10390.0,7070.0,2510.0,,
1972-08-04,771.0,626.0,367.0,7890.0,5910.0,1900.0,,
1972-08-07,714.0,667.0,364.0,6010.0,5290.0,1920.0,,
1972-08-08,682.0,746.0,329.0,6940.0,5760.0,1850.0,,
1972-08-09,732.0,681.0,351.0,7550.0,6160.0,2020.0,,
1972-08-10,783.0,588.0,365.0,7760.0,5600.0,1900.0,,
1972-08-11,901.0,498.0,347.0,10740.0,3920.0,1910.0,,
1972-08-14,891.0,585.0,293.0,10540.0,6670.0,1660.0,,
1972-08-15,674.0,770.0,324.0,6360.0,8090.0,2220.0,,
1972-08-16,620.0,796.0,346.0,5790.0,7560.0,1600.0,,
1972-08-17,658.0,714.0,358.0,6190.0,6520.0,1650.0,,
1972-08-18,830.0,530.0,396.0,9620.0,4580.0,1950.0,,
1972-08-21,712.0,680.0,380.0,6500.0,5890.0,1900.0,,
1972-08-22,894.0,572.0,317.0,12220.0,4800.0,1540.0,,
1972-08-23,782.0,662.0,319.0,10070.0,6470.0,2130.0,,
1972-08-24,468.0,970.0,320.0,4010.0,12340.0,1930.0,,
1972-08-25,566.0,826.0,358.0,4650.0,7630.0,1560.0,,
1972-08-28,521.0,851.0,355.0,2730.0,6430.0,1560.0,,
1972-08-29,630.0,773.0,345.0,6260.0,4570.0,1470.0,,
1972-08-30,717.0,653.0,376.0,6110.0,4600.0,1760.0,,
1972-08-31,794.0,580.0,358.0,7020.0,3480.0,1840.0,,
1972-09-01,871.0,533.0,337.0,5960.0,4000.0,1640.0,,
1972-09-05,591.0,782.0,367.0,4030.0,5180.0,1420.0,,
1972-09-06,454.0,924.0,353.0,2550.0,7910.0,1550.0,,
1972-09-07,518.0,846.0,382.0,3370.0,5780.0,1940.0,,
1972-09-08,598.0,764.0,392.0,4040.0,5550.0,1390.0,,
1972-09-11,410.0,1016.0,327.0,2460.0,7000.0,1250.0,,
1972-09-12,351.0,1078.0,338.0,2460.0,9350.0,1750.0,,
1972-09-13,737.0,663.0,354.0,6840.0,4690.0,1540.0,,
1972-09-14,673.0,670.0,397.0,5530.0,5230.0,1740.0,,
1972-09-15,632.0,762.0,361.0,4840.0,5440.0,1410.0,,
1972-09-18,499.0,827.0,389.0,2700.0,4830.0,1350.0,,
1972-09-19,638.0,761.0,379.0,4420.0,6890.0,2020.0,,
1972-09-20,591.0,769.0,372.0,4260.0,5770.0,1950.0,,
1972-09-21,635.0,831.0,289.0,3710.0,6630.0,1600.0,,
1972-09-22,710.0,674.0,385.0,5740.0,5290.0,1540.0,,
1972-09-25,451.0,901.0,405.0,2560.0,5900.0,2460.0,,
1972-09-26,666.0,706.0,405.0,5900.0,5380.0,1870.0,,
1972-09-27,1042.0,393.0,316.0,10710.0,1990.0,1920.0,,
1972-09-28,787.0,606.0,364.0,8180.0,4710.0,1820.0,,
1972-09-29,752.0,629.0,377.0,7820.0,6570.0,1860.0,,
1972-10-02,597.0,801.0,353.0,3920.0,6800.0,1720.0,,
1972-10-03,576.0,758.0,406.0,4450.0,6830.0,1810.0,,
1972-10-04,598.0,823.0,340.0,6530.0,8230.0,1880.0,,
1972-10-05,399.0,1017.0,335.0,2780.0,13190.0,1760.0,,
1972-10-06,817.0,570.0,359.0,9990.0,4320.0,2320.0,,
1972-10-09,791.0,508.0,380.0,4760.0,2120.0,1060.0,,
1972-10-10,815.0,563.0,371.0,6680.0,4820.0,1810.0,,
1972-10-11,526.0,855.0,347.0,2960.0,7500.0,1440.0,,
1972-10-12,343.0,1035.0,367.0,2690.0,8880.0,1560.0,,
1972-10-13,475.0,919.0,356.0,3770.0,7550.0,1550.0,,
1972-10-16,415.0,985.0,349.0,2570.0,7260.0,1110.0,,
1972-10-17,813.0,574.0,378.0,7830.0,3730.0,1850.0,,
1972-10-18,844.0,505.0,403.0,9120.0,5600.0,2570.0,,
1972-10-19,596.0,754.0,402.0,5030.0,6860.0,1960.0,,
1972-10-20,918.0,483.0,360.0,9630.0,4320.0,1790.0,,
1972-10-23,1042.0,401.0,305.0,10140.0,2740.0,1310.0,,
1972-10-24,742.0,654.0,375.0,7930.0,5230.0,2080.0,,
1972-10-25,695.0,727.0,356.0,8220.0,7670.0,1540.0,,
1972-10-26,977.0,508.0,302.0,12560.0,6150.0,2080.0,,
1972-10-27,639.0,744.0,372.0,5690.0,7600.0,2180.0,,
1972-10-30,677.0,721.0,362.0,4830.0,4890.0,2100.0,,
1972-10-31,973.0,471.0,311.0,10450.0,3420.0,1580.0,,
1972-11-01,1048.0,431.0,306.0,14530.0,4630.0,2200.0,,
1972-11-02,846.0,606.0,330.0,12600.0,6160.0,1930.0,,
1972-11-03,1051.0,502.0,258.0,15620.0,5160.0,1730.0,,
1972-11-06,849.0,670.0,308.0,11150.0,7740.0,2440.0,,
1972-11-08,670.0,822.0,316.0,8810.0,12920.0,2890.0,,
1972-11-09,748.0,703.0,351.0,9190.0,5720.0,2130.0,,
1972-11-10,955.0,544.0,322.0,15500.0,6480.0,2380.0,,
1972-11-13,780.0,697.0,319.0,8190.0,6730.0,2290.0,,
1972-11-14,922.0,559.0,341.0,12770.0,5220.0,2210.0,,
1972-11-15,774.0,718.0,350.0,10050.0,9700.0,3520.0,,
1972-11-16,840.0,621.0,332.0,11690.0,6320.0,1570.0,,
1972-11-17,902.0,588.0,334.0,11670.0,6170.0,2380.0,,
1972-11-20,805.0,649.0,362.0,8580.0,5840.0,2460.0,,
1972-11-21,897.0,581.0,340.0,13150.0,6310.0,2650.0,,
1972-11-22,924.0,562.0,334.0,15820.0,6210.0,2480.0,,
1972-11-24,824.0,608.0,360.0,9130.0,4600.0,2030.0,,
1972-11-27,608.0,896.0,336.0,6660.0,9040.0,2490.0,,
1972-11-28,749.0,726.0,342.0,8790.0,7660.0,2760.0,,
1972-11-29,762.0,726.0,333.0,8360.0,7040.0,1980.0,,
1972-11-30,880.0,579.0,341.0,12120.0,5110.0,2110.0,,
1972-12-01,963.0,521.0,339.0,14420.0,5740.0,2410.0,,
1972-12-04,861.0,658.0,304.0,10470.0,7010.0,2250.0,,
1972-12-05,620.0,836.0,364.0,6590.0,8430.0,2780.0,,
1972-12-06,826.0,638.0,369.0,10810.0,5570.0,2230.0,,
1972-12-07,748.0,686.0,366.0,9560.0,6940.0,2820.0,,
1972-12-08,718.0,727.0,358.0,8960.0,6700.0,2370.0,,
1972-12-11,719.0,764.0,338.0,8230.0,6680.0,2320.0,,
1972-12-12,553.0,919.0,346.0,5570.0,9200.0,2270.0,,
1972-12-13,532.0,937.0,365.0,5250.0,8680.0,2610.0,,
1972-12-14,471.0,986.0,351.0,4810.0,10990.0,2130.0,,
1972-12-15,700.0,735.0,380.0,7630.0,7940.0,2730.0,,
1972-12-18,304.0,1238.0,264.0,1840.0,14030.0,1670.0,,
1972-12-19,501.0,959.0,349.0,4840.0,10070.0,2090.0,,
1972-12-20,518.0,951.0,347.0,5450.0,10590.0,2450.0,,
1972-12-21,561.0,954.0,339.0,5370.0,10460.0,2460.0,,
1972-12-22,867.0,564.0,353.0,7120.0,3700.0,1720.0,,
1972-12-26,718.0,699.0,357.0,4720.0,4650.0,1750.0,,
1972-12-27,709.0,749.0,374.0,8020.0,8020.0,3160.0,,
1972-12-29,1117.0,444.0,305.0,18450.0,5260.0,3840.0,,
1973-01-02,1217.0,374.0,248.0,11970.0,3620.0,1500.0,,
1973-01-03,877.0,635.0,315.0,9920.0,8730.0,1970.0,,
1973-01-04,649.0,803.0,362.0,7040.0,10920.0,2270.0,,
1973-01-05,745.0,687.0,363.0,8830.0,7720.0,2780.0,,
1973-01-08,676.0,771.0,359.0,7100.0,7740.0,2000.0,,
1973-01-09,639.0,833.0,344.0,6520.0,8320.0,1990.0,,
1973-01-10,592.0,856.0,348.0,7610.0,11060.0,2210.0,,
1973-01-11,834.0,648.0,313.0,13750.0,8950.0,2350.0,,
1973-01-12,416.0,1083.0,303.0,4600.0,15900.0,1730.0,,
1973-01-15,458.0,1047.0,309.0,4570.0,14320.0,2630.0,,
1973-01-16,492.0,969.0,334.0,6460.0,10410.0,2300.0,,
1973-01-17,788.0,651.0,357.0,9780.0,5730.0,2170.0,,
1973-01-18,694.0,743.0,357.0,8100.0,7500.0,2210.0,,
1973-01-19,522.0,928.0,338.0,5040.0,10140.0,1840.0,,
1973-01-22,513.0,957.0,345.0,4310.0,9420.0,1840.0,,
1973-01-23,512.0,948.0,343.0,5900.0,10880.0,2280.0,,
1973-01-24,322.0,1194.0,296.0,2550.0,16810.0,1510.0,,
1973-01-26,496.0,1025.0,292.0,7470.0,11520.0,2140.0,,
1973-01-29,512.0,927.0,373.0,4170.0,8450.0,2060.0,,
1973-01-30,618.0,829.0,359.0,5880.0,7450.0,1940.0,,
1973-01-31,725.0,700.0,356.0,6830.0,6300.0,1740.0,,
1973-02-01,427.0,1048.0,301.0,5210.0,13920.0,1540.0,,
1973-02-02,493.0,947.0,359.0,4740.0,10260.0,2470.0,,
1973-02-05,614.0,823.0,369.0,5480.0,6960.0,2140.0,,
1973-02-06,618.0,750.0,409.0,6050.0,6960.0,2710.0,,
1973-02-07,480.0,951.0,350.0,4430.0,11520.0,2010.0,,
1973-02-08,496.0,961.0,332.0,6080.0,10350.0,2010.0,,
1973-02-09,1033.0,448.0,318.0,13930.0,3770.0,1560.0,,
1973-02-12,1087.0,404.0,295.0,10960.0,3670.0,1500.0,,
1973-02-13,903.0,600.0,320.0,14120.0,8090.0,3110.0,,
1973-02-14,306.0,1202.0,299.0,2220.0,13150.0,1150.0,,
1973-02-15,475.0,937.0,351.0,3660.0,8660.0,1620.0,,
1973-02-16,723.0,666.0,365.0,6810.0,5030.0,1480.0,,
1973-02-20,734.0,697.0,371.0,6580.0,5750.0,1690.0,,
1973-02-21,450.0,985.0,354.0,2970.0,10070.0,1840.0,,
1973-02-22,512.0,925.0,341.0,4510.0,7860.0,2200.0,,
1973-02-23,388.0,1049.0,348.0,2370.0,11390.0,1690.0,,
1973-02-26,398.0,1064.0,315.0,3830.0,9980.0,2050.0,,
1973-02-27,408.0,1045.0,334.0,3160.0,11530.0,1440.0,,
1973-02-28,776.0,646.0,366.0,10000.0,5820.0,2130.0,,
1973-03-01,563.0,863.0,350.0,4810.0,11560.0,1840.0,,
1973-03-02,748.0,699.0,328.0,10590.0,5180.0,1940.0,,
1973-03-05,820.0,629.0,355.0,6980.0,4950.0,1820.0,,
1973-03-06,1042.0,449.0,308.0,12590.0,3960.0,1160.0,,
1973-03-07,824.0,563.0,370.0,9940.0,7200.0,2170.0,,
1973-03-08,662.0,766.0,343.0,5280.0,8220.0,1600.0,,
1973-03-09,579.0,816.0,364.0,4410.0,8160.0,1500.0,,
1973-03-12,643.0,740.0,376.0,4270.0,6400.0,2140.0,,
1973-03-13,724.0,626.0,407.0,7040.0,4830.0,2340.0,,
1973-03-14,647.0,724.0,382.0,6730.0,5860.0,1870.0,,
1973-03-15,435.0,973.0,364.0,2780.0,10060.0,1610.0,,
1973-03-16,491.0,898.0,378.0,4220.0,9200.0,1710.0,,
1973-03-19,308.0,1168.0,316.0,1790.0,9200.0,1470.0,,
1973-03-20,500.0,919.0,360.0,4170.0,7580.0,1500.0,,
1973-03-21,402.0,1059.0,319.0,2710.0,11750.0,1620.0,,
1973-03-22,231.0,1298.0,265.0,1990.0,13630.0,1510.0,,
1973-03-23,681.0,759.0,368.0,8690.0,7210.0,2570.0,,
1973-03-26,879.0,564.0,329.0,8230.0,5140.0,1610.0,,
1973-03-27,1125.0,334.0,330.0,12150.0,3420.0,1930.0,,
1973-03-28,715.0,696.0,368.0,7180.0,7130.0,1540.0,,
1973-03-29,970.0,456.0,341.0,10220.0,3950.0,1880.0,,
1973-03-30,547.0,864.0,348.0,3360.0,8870.0,1510.0,,
1973-04-02,424.0,993.0,339.0,1810.0,7470.0,1360.0,,
1973-04-03,383.0,1034.0,355.0,2280.0,8960.0,1670.0,,
1973-04-04,524.0,891.0,363.0,3360.0,6900.0,1630.0,,
1973-04-05,461.0,944.0,370.0,3110.0,7970.0,1670.0,,
1973-04-06,874.0,531.0,365.0,7390.0,4990.0,1510.0,,
1973-04-09,995.0,458.0,339.0,9120.0,2640.0,1980.0,,
1973-04-10,1009.0,471.0,321.0,11150.0,3770.0,1850.0,,
1973-04-11,777.0,647.0,361.0,7920.0,5240.0,1730.0,,
1973-04-12,703.0,717.0,366.0,6070.0,8120.0,2170.0,,
1973-04-13,582.0,788.0,387.0,4630.0,7600.0,2160.0,,
1973-04-16,569.0,822.0,357.0,3610.0,6290.0,1450.0,,
1973-04-17,507.0,911.0,350.0,3560.0,7900.0,1370.0,,
1973-04-18,670.0,715.0,384.0,6210.0,5950.0,1730.0,,
1973-04-19,820.0,580.0,397.0,8130.0,4480.0,1950.0,,
1973-04-23,558.0,893.0,351.0,3920.0,7250.0,1410.0,,
1973-04-24,314.0,1147.0,320.0,2160.0,10580.0,1090.0,,
1973-04-25,303.0,1172.0,314.0,2380.0,12400.0,1180.0,,
1973-04-26,681.0,734.0,360.0,7650.0,6740.0,1820.0,,
1973-04-27,342.0,1096.0,322.0,1690.0,10740.0,1300.0,,
1973-04-30,596.0,826.0,333.0,3360.0,8870.0,2590.0,,
1973-05-01,643.0,749.0,375.0,6390.0,6870.0,2120.0,,
1973-05-02,988.0,432.0,361.0,9200.0,3670.0,1510.0,,
1973-05-03,993.0,443.0,345.0,12390.0,3720.0,1650.0,,
1973-05-04,987.0,476.0,324.0,10890.0,6930.0,1690.0,,
1973-05-07,587.0,809.0,381.0,4270.0,6840.0,1390.0,,
1973-05-08,821.0,587.0,355.0,7430.0,4420.0,1880.0,,
1973-05-09,709.0,730.0,343.0,5720.0,8440.0,1890.0,,
1973-05-10,468.0,920.0,370.0,3160.0,9060.0,1300.0,,
1973-05-11,336.0,1070.0,357.0,1620.0,9660.0,1700.0,,
1973-05-14,184.0,1314.0,256.0,1030.0,11400.0,1090.0,,
1973-05-15,629.0,806.0,341.0,9290.0,7160.0,2080.0,,
1973-05-16,592.0,773.0,410.0,4660.0,7110.0,2030.0,,
1973-05-17,382.0,1005.0,364.0,2220.0,9210.0,1630.0,,
1973-05-18,179.0,1359.0,258.0,1810.0,14150.0,1120.0,,
1973-05-21,227.0,1392.0,199.0,3290.0,15960.0,1440.0,,
1973-05-22,858.0,648.0,309.0,10880.0,5100.0,2040.0,,
1973-05-23,731.0,703.0,357.0,7400.0,5580.0,1970.0,,
1973-05-24,1187.0,349.0,270.0,13750.0,2260.0,1300.0,,
1973-05-25,1141.0,385.0,281.0,12330.0,4680.0,2260.0,,
1973-05-29,689.0,747.0,340.0,4220.0,5360.0,1720.0,,
1973-05-30,305.0,1158.0,324.0,1150.0,9140.0,1440.0,,
1973-05-31,355.0,1071.0,326.0,2130.0,8620.0,1440.0,,
1973-06-01,391.0,975.0,386.0,2210.0,6770.0,1430.0,,
1973-06-04,347.0,1115.0,311.0,2000.0,7760.0,1470.0,,
1973-06-05,877.0,540.0,359.0,8880.0,3550.0,1650.0,,
1973-06-06,609.0,780.0,375.0,4140.0,7260.0,1680.0,,
1973-06-07,908.0,471.0,367.0,8270.0,4000.0,1890.0,,
1973-06-08,1071.0,391.0,293.0,9830.0,2950.0,1270.0,,
1973-06-11,700.0,708.0,355.0,3820.0,4860.0,1260.0,,
1973-06-12,988.0,439.0,331.0,9160.0,2770.0,1910.0,,
1973-06-13,787.0,620.0,347.0,5600.0,7810.0,2290.0,,
1973-06-14,398.0,986.0,342.0,2060.0,9570.0,1580.0,,
1973-06-15,316.0,1101.0,320.0,1610.0,9100.0,1260.0,,
1973-06-18,288.0,1137.0,305.0,1370.0,8900.0,1190.0,,
1973-06-19,611.0,774.0,373.0,5910.0,5300.0,1760.0,,
1973-06-20,753.0,607.0,398.0,5170.0,3900.0,1530.0,,
1973-06-21,355.0,1023.0,391.0,1590.0,8750.0,1290.0,,
1973-06-22,767.0,653.0,350.0,8870.0,6710.0,2890.0,,
1973-06-25,307.0,1075.0,365.0,1560.0,8820.0,1290.0,,
1973-06-26,746.0,608.0,389.0,7490.0,5000.0,1550.0,,
1973-06-27,717.0,595.0,434.0,5310.0,4750.0,2600.0,,
1973-06-28,874.0,517.0,356.0,7010.0,4240.0,1510.0,,
1973-06-29,645.0,705.0,375.0,3760.0,5600.0,1410.0,,
1973-07-02,466.0,918.0,351.0,1890.0,6730.0,1210.0,,
1973-07-03,520.0,813.0,408.0,2940.0,6050.0,1570.0,,
1973-07-05,558.0,751.0,410.0,3920.0,4900.0,1680.0,,
1973-07-06,588.0,731.0,422.0,3110.0,5150.0,1720.0,,
1973-07-09,830.0,549.0,395.0,6520.0,3740.0,1300.0,,
1973-07-10,1126.0,350.0,296.0,11050.0,2660.0,1380.0,,
1973-07-11,1294.0,224.0,266.0,15730.0,1790.0,1210.0,,
1973-07-12,805.0,625.0,353.0,7030.0,7580.0,1790.0,,
1973-07-13,504.0,881.0,348.0,2150.0,7950.0,1290.0,,
1973-07-16,994.0,432.0,349.0,9310.0,2150.0,1460.0,,
1973-07-17,921.0,544.0,332.0,9600.0,7070.0,2080.0,,
1973-07-18,1027.0,442.0,326.0,10940.0,4190.0,1890.0,,
1973-07-19,809.0,635.0,345.0,10050.0,6470.0,2130.0,,
1973-07-20,933.0,541.0,317.0,10550.0,4240.0,1510.0,,
1973-07-23,879.0,618.0,304.0,8780.0,4910.0,1890.0,,
1973-07-24,744.0,700.0,343.0,9040.0,5560.0,1680.0,,
1973-07-25,1024.0,467.0,324.0,15280.0,5050.0,1890.0,,
1973-07-26,729.0,728.0,337.0,8630.0,7350.0,2430.0,,
1973-07-27,526.0,888.0,343.0,4260.0,6670.0,1980.0,,
1973-07-30,626.0,817.0,369.0,4230.0,5560.0,1380.0,,
1973-07-31,484.0,937.0,356.0,3980.0,8240.0,1310.0,,
1973-08-01,308.0,1186.0,263.0,2000.0,10310.0,1220.0,,
1973-08-02,544.0,877.0,357.0,4220.0,6240.0,1620.0,,
1973-08-03,640.0,684.0,399.0,4060.0,4370.0,1510.0,,
1973-08-06,728.0,630.0,366.0,6970.0,3860.0,1490.0,,
1973-08-07,580.0,803.0,384.0,4980.0,6560.0,1970.0,,
1973-08-08,382.0,1033.0,340.0,2500.0,8720.0,1220.0,,
1973-08-09,596.0,759.0,391.0,6100.0,4790.0,1990.0,,
1973-08-10,359.0,995.0,379.0,2300.0,7250.0,1320.0,,
1973-08-13,269.0,1163.0,313.0,1340.0,8950.0,1040.0,,
1973-08-14,373.0,1018.0,384.0,2170.0,7990.0,1580.0,,
1973-08-15,731.0,619.0,387.0,5310.0,4480.0,2250.0,,
1973-08-16,619.0,720.0,406.0,3840.0,7500.0,1650.0,,
1973-08-17,667.0,641.0,411.0,4740.0,4750.0,1610.0,,
1973-08-20,412.0,938.0,396.0,1960.0,5800.0,1210.0,,
1973-08-21,392.0,961.0,366.0,2370.0,7650.0,1460.0,,
1973-08-22,452.0,872.0,401.0,2990.0,6350.0,1430.0,,
1973-08-23,964.0,402.0,374.0,8290.0,1930.0,1170.0,,
1973-08-24,675.0,660.0,409.0,4500.0,5260.0,1440.0,,
1973-08-27,787.0,563.0,382.0,5150.0,3170.0,1420.0,,
1973-08-28,815.0,547.0,399.0,6630.0,3310.0,1870.0,,
1973-08-29,1011.0,407.0,349.0,10670.0,2960.0,2060.0,,
1973-08-30,827.0,589.0,338.0,6100.0,4530.0,1480.0,,
1973-08-31,915.0,462.0,365.0,6290.0,2620.0,1630.0,,
1973-09-04,1010.0,439.0,337.0,8590.0,4110.0,1510.0,,
1973-09-05,825.0,586.0,382.0,7500.0,5030.0,2050.0,,
1973-09-06,960.0,498.0,341.0,9350.0,4770.0,1550.0,,
1973-09-07,795.0,606.0,367.0,6440.0,6650.0,1840.0,,
1973-09-10,574.0,836.0,360.0,3270.0,6790.0,1560.0,,
1973-09-11,479.0,926.0,370.0,3940.0,7410.0,1340.0,,
1973-09-12,574.0,801.0,393.0,3730.0,6680.0,1630.0,,
1973-09-13,675.0,661.0,422.0,5930.0,3930.0,1810.0,,
1973-09-14,840.0,547.0,369.0,9190.0,2960.0,1610.0,,
1973-09-17,872.0,526.0,384.0,8940.0,4380.0,1780.0,,
1973-09-18,753.0,658.0,385.0,8320.0,6170.0,1910.0,,
1973-09-19,1185.0,340.0,279.0,20090.0,3300.0,1180.0,,
1973-09-20,1111.0,447.0,271.0,17950.0,6180.0,1830.0,,
1973-09-21,1034.0,465.0,312.0,14790.0,6570.0,2400.0,,
1973-09-24,1021.0,487.0,310.0,12170.0,5000.0,2320.0,,
1973-09-25,952.0,565.0,321.0,11710.0,6790.0,3030.0,,
1973-09-26,1065.0,475.0,294.0,13940.0,5470.0,1720.0,,
1973-09-27,874.0,626.0,323.0,13000.0,8670.0,1990.0,,
1973-09-28,684.0,770.0,342.0,6240.0,7910.0,2150.0,,
1973-10-01,860.0,640.0,320.0,8330.0,5770.0,1730.0,,
1973-10-02,1074.0,487.0,278.0,13410.0,5660.0,1700.0,,
1973-10-03,943.0,597.0,309.0,11210.0,8530.0,2300.0,,
1973-10-04,696.0,825.0,320.0,7750.0,10110.0,1870.0,,
1973-10-05,1010.0,510.0,303.0,12780.0,4360.0,1680.0,,
1973-10-08,888.0,584.0,342.0,12170.0,5060.0,1760.0,,
1973-10-09,714.0,769.0,331.0,7840.0,9550.0,2050.0,,
1973-10-10,373.0,1171.0,267.0,3710.0,13960.0,1340.0,,
1973-10-11,1143.0,390.0,284.0,15890.0,3690.0,1160.0,,
1973-10-12,859.0,634.0,332.0,11770.0,8210.0,2750.0,,
1973-10-15,410.0,1130.0,278.0,3380.0,11520.0,1260.0,,
1973-10-16,552.0,943.0,344.0,7730.0,8940.0,2110.0,,
1973-10-17,627.0,839.0,350.0,7500.0,9170.0,1930.0,,
1973-10-18,621.0,788.0,378.0,7700.0,9570.0,1940.0,,
1973-10-19,768.0,662.0,381.0,8610.0,7070.0,2200.0,,
1973-10-22,344.0,1125.0,305.0,2910.0,10090.0,1290.0,,
1973-10-23,684.0,734.0,376.0,8810.0,5920.0,2500.0,,
1973-10-24,680.0,748.0,345.0,7360.0,6650.0,1830.0,,
1973-10-25,627.0,770.0,376.0,7530.0,6100.0,1950.0,,
1973-10-26,915.0,532.0,355.0,11310.0,4400.0,2090.0,,
1973-10-29,655.0,822.0,330.0,7590.0,8490.0,1880.0,,
1973-10-30,311.0,1193.0,299.0,2760.0,13490.0,1330.0,,
1973-10-31,410.0,1088.0,311.0,4620.0,11570.0,1700.0,,
1973-11-01,413.0,1023.0,326.0,4250.0,10870.0,1800.0,,
1973-11-02,489.0,932.0,367.0,4550.0,10070.0,1720.0,,
1973-11-05,248.0,1271.0,280.0,2120.0,13800.0,1230.0,,
1973-11-06,446.0,1001.0,362.0,3988.0,10730.0,1712.0,,
1973-11-07,797.0,616.0,387.0,9780.0,4860.0,1930.0,,
1973-11-08,1007.0,461.0,317.0,13320.0,4090.0,2240.0,,
1973-11-09,378.0,1115.0,308.0,3070.0,12820.0,1430.0,,
1973-11-12,322.0,1248.0,254.0,3950.0,13960.0,1340.0,,
1973-11-13,389.0,1149.0,279.0,6060.0,11840.0,2410.0,,
1973-11-14,283.0,1232.0,307.0,2580.0,18330.0,1800.0,,
1973-11-15,647.0,860.0,303.0,10620.0,11400.0,2510.0,,
1973-11-16,1009.0,515.0,286.0,14780.0,5740.0,1990.0,,
1973-11-19,198.0,1404.0,226.0,860.0,15220.0,620.0,,
1973-11-20,161.0,1454.0,226.0,2890.0,19170.0,1900.0,,
1973-11-21,930.0,602.0,316.0,14910.0,6780.0,2570.0,,
1973-11-23,705.0,709.0,360.0,4410.0,5570.0,1490.0,,
1973-11-26,149.0,1518.0,154.0,1430.0,17790.0,610.0,,
1973-11-27,463.0,1068.0,292.0,5850.0,11630.0,2270.0,,
1973-11-28,1109.0,460.0,287.0,14650.0,3760.0,1580.0,,
1973-11-29,668.0,847.0,321.0,6820.0,10060.0,1990.0,,
1973-11-30,403.0,1118.0,281.0,2650.0,11030.0,1700.0,,
1973-12-03,222.0,1368.0,258.0,1810.0,14820.0,1270.0,,
1973-12-04,545.0,948.0,336.0,5620.0,11140.0,2270.0,,
1973-12-05,242.0,1299.0,288.0,2180.0,15140.0,1860.0,,
1973-12-06,977.0,548.0,309.0,16400.0,4220.0,2640.0,,
1973-12-07,1339.0,276.0,236.0,18630.0,2800.0,1800.0,,
1973-12-10,1063.0,491.0,299.0,12590.0,3930.0,2070.0,,
1973-12-11,511.0,1028.0,317.0,4320.0,13820.0,1960.0,,
1973-12-12,191.0,1385.0,247.0,1320.0,15690.0,1180.0,,
1973-12-13,355.0,1154.0,317.0,3210.0,12410.0,2510.0,,
1973-12-14,914.0,557.0,364.0,12230.0,5280.0,2490.0,,
1973-12-17,572.0,872.0,376.0,3440.0,7400.0,2090.0,,
1973-12-18,972.0,526.0,329.0,12250.0,4560.0,2680.0,,
1973-12-19,747.0,742.0,376.0,8250.0,9550.0,2870.0,,
1973-12-20,678.0,812.0,374.0,7400.0,7580.0,2450.0,,
1973-12-21,568.0,920.0,366.0,5600.0,10820.0,2260.0,,
1973-12-24,668.0,739.0,394.0,4330.0,5160.0,2050.0,,
1973-12-26,1204.0,358.0,274.0,14370.0,2600.0,1650.0,,
1973-12-27,1181.0,443.0,261.0,15710.0,4890.0,2120.0,,
1973-12-28,674.0,876.0,335.0,7000.0,11360.0,2950.0,,
1973-12-31,929.0,658.0,312.0,11770.0,7890.0,3810.0,,
1974-01-02,1070.0,431.0,287.0,6780.0,4050.0,1230.0,,
1974-01-03,1565.0,152.0,146.0,21580.0,2120.0,1160.0,,
1974-01-04,1038.0,527.0,280.0,9860.0,9460.0,2380.0,,
1974-01-07,899.0,640.0,304.0,8480.0,8300.0,2280.0,,
1974-01-08,487.0,1053.0,288.0,3740.0,12950.0,1390.0,,
1974-01-09,246.0,1314.0,222.0,1270.0,15790.0,1010.0,,
1974-01-10,478.0,977.0,324.0,3960.0,10580.0,1580.0,,
1974-01-11,986.0,469.0,326.0,9450.0,4550.0,1140.0,,
1974-01-14,797.0,648.0,339.0,6950.0,6290.0,1370.0,,
1974-01-15,822.0,583.0,353.0,7400.0,3920.0,1930.0,,
1974-01-16,953.0,453.0,357.0,10250.0,3260.0,1420.0,,
1974-01-17,1127.0,372.0,317.0,14330.0,4600.0,2110.0,,
1974-01-18,475.0,978.0,332.0,2610.0,12420.0,1440.0,,
1974-01-21,542.0,897.0,323.0,5940.0,7860.0,1830.0,,
1974-01-22,933.0,527.0,331.0,10630.0,4580.0,2120.0,,
1974-01-23,926.0,524.0,341.0,10230.0,4660.0,2000.0,,
1974-01-24,665.0,747.0,374.0,6540.0,7540.0,1900.0,,
1974-01-25,733.0,702.0,350.0,6930.0,6420.0,1510.0,,
1974-01-28,635.0,792.0,364.0,5600.0,6140.0,1670.0,,
1974-01-29,657.0,741.0,377.0,4830.0,6440.0,1580.0,,
1974-01-30,982.0,459.0,340.0,10930.0,4250.0,1610.0,,
1974-01-31,713.0,687.0,371.0,5380.0,6720.0,1920.0,,
1974-02-01,388.0,1051.0,362.0,2270.0,8810.0,1400.0,,
1974-02-04,269.0,1260.0,268.0,1220.0,12240.0,920.0,,
1974-02-05,589.0,791.0,384.0,4110.0,6870.0,1840.0,,
1974-02-06,735.0,593.0,409.0,5380.0,4520.0,1710.0,,
1974-02-07,817.0,529.0,394.0,5910.0,3950.0,1890.0,,
1974-02-08,476.0,885.0,404.0,3130.0,7810.0,2060.0,,
1974-02-11,367.0,1043.0,375.0,2310.0,9200.0,1420.0,,
1974-02-12,633.0,722.0,402.0,5430.0,5460.0,2040.0,,
1974-02-13,677.0,674.0,400.0,4310.0,4890.0,1790.0,,
1974-02-14,703.0,606.0,418.0,5850.0,4580.0,1810.0,,
1974-02-15,976.0,410.0,394.0,8350.0,2780.0,1510.0,,
1974-02-19,781.0,690.0,345.0,6350.0,7800.0,1790.0,,
1974-02-20,898.0,485.0,385.0,7830.0,2600.0,1250.0,,
1974-02-21,983.0,417.0,363.0,9280.0,2790.0,1860.0,,
1974-02-22,998.0,439.0,357.0,10620.0,3920.0,1760.0,,
1974-02-25,781.0,647.0,383.0,6050.0,4870.0,1970.0,,
1974-02-26,991.0,430.0,371.0,11090.0,2920.0,1850.0,,
1974-02-27,831.0,594.0,365.0,9110.0,7350.0,2260.0,,
1974-02-28,658.0,746.0,383.0,5040.0,6380.0,2270.0,,
1974-03-01,604.0,790.0,374.0,4330.0,6910.0,1640.0,,
1974-03-04,706.0,707.0,378.0,5780.0,4620.0,1880.0,,
1974-03-05,1212.0,320.0,283.0,17230.0,3190.0,1570.0,,
1974-03-06,873.0,553.0,371.0,10580.0,5710.0,2850.0,,
1974-03-07,521.0,924.0,348.0,3810.0,9090.0,1600.0,,
1974-03-08,883.0,528.0,367.0,10570.0,3400.0,2240.0,,
1974-03-11,939.0,530.0,340.0,12500.0,4410.0,1560.0,,
1974-03-12,755.0,636.0,385.0,7380.0,6990.0,2890.0,,
1974-03-13,813.0,544.0,427.0,9580.0,4560.0,2690.0,,
1974-03-14,747.0,648.0,395.0,8660.0,8340.0,2770.0,,
1974-03-15,577.0,781.0,420.0,5430.0,7050.0,2000.0,,
1974-03-18,410.0,1034.0,346.0,1850.0,10440.0,1720.0,,
1974-03-19,394.0,1040.0,350.0,2940.0,7850.0,2030.0,,
1974-03-20,668.0,674.0,421.0,5910.0,4910.0,2130.0,,
1974-03-21,577.0,787.0,422.0,4640.0,6170.0,2150.0,,
1974-03-22,541.0,836.0,403.0,4050.0,6130.0,1750.0,,
1974-03-25,578.0,803.0,389.0,4380.0,4600.0,1560.0,,
1974-03-26,687.0,657.0,406.0,5850.0,4160.0,1830.0,,
1974-03-27,340.0,1054.0,376.0,2050.0,8230.0,1410.0,,
1974-03-28,191.0,1299.0,299.0,760.0,13130.0,1050.0,,
1974-03-29,459.0,917.0,395.0,2730.0,7400.0,2020.0,,
1974-04-01,483.0,896.0,396.0,2630.0,7260.0,1580.0,,
1974-04-02,591.0,793.0,398.0,4000.0,6100.0,1910.0,,
1974-04-03,779.0,576.0,404.0,6380.0,3630.0,1490.0,,
1974-04-04,607.0,716.0,440.0,4130.0,5480.0,2040.0,,
1974-04-05,333.0,1074.0,367.0,1390.0,9060.0,1230.0,,
1974-04-08,323.0,1115.0,340.0,1700.0,7870.0,1170.0,,
1974-04-09,735.0,614.0,429.0,5960.0,3470.0,1900.0,,
1974-04-10,694.0,635.0,429.0,4560.0,4860.0,1740.0,,
1974-04-11,563.0,732.0,430.0,3000.0,5030.0,1940.0,,
1974-04-15,603.0,754.0,415.0,3660.0,4790.0,1680.0,,
1974-04-16,1073.0,356.0,364.0,11390.0,1750.0,1390.0,,
1974-04-17,863.0,528.0,407.0,8000.0,4030.0,2000.0,,
1974-04-18,713.0,642.0,415.0,6210.0,4570.0,1690.0,,
1974-04-19,386.0,1005.0,386.0,1900.0,7420.0,1390.0,,
1974-04-22,408.0,913.0,438.0,2470.0,6170.0,1880.0,,
1974-04-23,228.0,1273.0,313.0,970.0,12200.0,940.0,,
1974-04-24,241.0,1249.0,303.0,1730.0,12840.0,1450.0,,
1974-04-25,322.0,1139.0,325.0,3430.0,10700.0,1740.0,,
1974-04-26,786.0,565.0,414.0,6850.0,4300.0,2100.0,,
1974-04-29,634.0,722.0,408.0,3570.0,4750.0,1850.0,,
1974-04-30,700.0,647.0,419.0,4270.0,5150.0,1570.0,,
1974-05-01,1080.0,361.0,307.0,11510.0,2220.0,1390.0,,
1974-05-02,710.0,647.0,420.0,5020.0,6500.0,2110.0,,
1974-05-03,454.0,880.0,379.0,2650.0,6690.0,1740.0,,
1974-05-06,527.0,816.0,394.0,3730.0,4330.0,1380.0,,
1974-05-07,654.0,705.0,404.0,4860.0,4160.0,1680.0,,
1974-05-08,622.0,725.0,409.0,4820.0,5110.0,1910.0,,
1974-05-09,788.0,581.0,391.0,8730.0,4360.0,1620.0,,
1974-05-10,430.0,988.0,348.0,2970.0,10750.0,1560.0,,
1974-05-13,350.0,1045.0,361.0,2860.0,7320.0,1120.0,,
1974-05-14,551.0,784.0,427.0,3950.0,5290.0,1580.0,,
1974-05-15,508.0,827.0,414.0,3560.0,6000.0,1680.0,,
1974-05-16,534.0,798.0,413.0,3470.0,6760.0,1860.0,,
1974-05-17,229.0,1233.0,324.0,1220.0,11180.0,1470.0,,
1974-05-20,506.0,858.0,392.0,3480.0,5540.0,1530.0,,
1974-05-21,466.0,866.0,459.0,3770.0,6390.0,2030.0,,
1974-05-22,370.0,1025.0,386.0,2140.0,10860.0,2470.0,,
1974-05-23,532.0,874.0,376.0,5500.0,7190.0,2120.0,,
1974-05-24,1058.0,388.0,329.0,9720.0,2460.0,1560.0,,
1974-05-28,657.0,697.0,399.0,3350.0,5350.0,1930.0,,
1974-05-29,315.0,1100.0,362.0,1480.0,9270.0,1550.0,,
1974-05-30,748.0,623.0,389.0,6950.0,4700.0,1930.0,,
1974-05-31,577.0,710.0,434.0,4130.0,5160.0,1520.0,,
1974-06-03,1061.0,333.0,354.0,9040.0,2250.0,1200.0,,
1974-06-04,1150.0,321.0,324.0,10590.0,3360.0,2090.0,,
1974-06-05,810.0,548.0,404.0,6570.0,5130.0,1980.0,,
1974-06-06,1007.0,386.0,388.0,9310.0,2500.0,1550.0,,
1974-06-07,1100.0,377.0,310.0,10840.0,6470.0,1710.0,,
1974-06-10,834.0,551.0,385.0,7060.0,4640.0,1840.0,,
1974-06-11,490.0,905.0,371.0,3040.0,8040.0,1300.0,,
1974-06-12,410.0,986.0,347.0,3620.0,6430.0,1100.0,,
1974-06-13,648.0,671.0,411.0,4850.0,5140.0,1550.0,,
1974-06-14,370.0,953.0,380.0,1580.0,7050.0,1400.0,,
1974-06-17,336.0,1037.0,371.0,1540.0,7040.0,1100.0,,
1974-06-18,407.0,959.0,374.0,2230.0,6540.0,1340.0,,
1974-06-19,383.0,899.0,422.0,2420.0,6650.0,1480.0,,
1974-06-20,391.0,940.0,403.0,2320.0,8030.0,1640.0,,
1974-06-21,354.0,1027.0,376.0,2130.0,8070.0,1630.0,,
1974-06-24,580.0,728.0,435.0,3890.0,4470.0,1610.0,,
1974-06-25,876.0,475.0,409.0,7360.0,3090.0,1470.0,,
1974-06-26,329.0,986.0,436.0,1480.0,8600.0,1330.0,,
1974-06-27,258.0,1128.0,363.0,1210.0,9960.0,1480.0,,
1974-06-28,439.0,941.0,386.0,3360.0,7000.0,1650.0,,
1974-07-01,570.0,782.0,395.0,3790.0,4730.0,1750.0,,
1974-07-02,298.0,1138.0,356.0,1340.0,10760.0,1360.0,,
1974-07-03,559.0,811.0,392.0,4990.0,6230.0,2210.0,,
1974-07-05,523.0,755.0,410.0,2010.0,4080.0,1310.0,,
1974-07-08,137.0,1441.0,238.0,810.0,13660.0,1040.0,,
1974-07-09,656.0,748.0,392.0,6920.0,6030.0,2630.0,,
1974-07-10,365.0,1036.0,386.0,1980.0,9850.0,1660.0,,
1974-07-11,554.0,780.0,453.0,5470.0,6690.0,2480.0,,
1974-07-12,1364.0,192.0,262.0,15010.0,1830.0,930.0,,
1974-07-15,1029.0,444.0,312.0,8170.0,4020.0,1370.0,,
1974-07-16,459.0,894.0,393.0,2390.0,6170.0,1360.0,,
1974-07-17,781.0,534.0,438.0,6220.0,3390.0,1710.0,,
1974-07-18,918.0,511.0,347.0,6380.0,5940.0,1660.0,,
1974-07-19,654.0,675.0,416.0,4360.0,4860.0,1860.0,,
1974-07-22,703.0,619.0,421.0,4430.0,3310.0,1540.0,,
1974-07-23,1047.0,394.0,320.0,8460.0,3310.0,1150.0,,
1974-07-24,798.0,574.0,383.0,6760.0,4710.0,1400.0,,
1974-07-25,581.0,811.0,364.0,3790.0,8220.0,1300.0,,
1974-07-26,404.0,959.0,398.0,1540.0,7840.0,1040.0,,
1974-07-29,243.0,1146.0,335.0,1800.0,8660.0,1100.0,,
1974-07-30,433.0,877.0,400.0,3280.0,6600.0,1480.0,,
1974-07-31,372.0,924.0,410.0,1890.0,7210.0,1840.0,,
1974-08-01,465.0,828.0,434.0,3730.0,5800.0,1940.0,,
1974-08-02,560.0,741.0,428.0,3400.0,4990.0,1720.0,,
1974-08-05,823.0,524.0,404.0,6680.0,2940.0,1610.0,,
1974-08-06,1046.0,387.0,353.0,10630.0,3080.0,2070.0,,
1974-08-07,1180.0,261.0,346.0,10810.0,1310.0,1260.0,,
1974-08-08,753.0,700.0,357.0,4920.0,9040.0,2110.0,,
1974-08-09,550.0,766.0,417.0,2830.0,5890.0,1440.0,,
1974-08-12,443.0,843.0,404.0,1450.0,5000.0,1330.0,,
1974-08-13,283.0,1084.0,369.0,1190.0,7720.0,1230.0,,
1974-08-14,221.0,1165.0,346.0,1290.0,9600.0,860.0,,
1974-08-15,455.0,844.0,429.0,3210.0,6100.0,1820.0,,
1974-08-16,494.0,801.0,423.0,2670.0,6320.0,1530.0,,
1974-08-19,288.0,1092.0,372.0,1770.0,8450.0,1450.0,,
1974-08-20,703.0,624.0,441.0,6160.0,5220.0,2440.0,,
1974-08-21,341.0,976.0,405.0,1870.0,8410.0,1370.0,,
1974-08-22,366.0,1026.0,372.0,3370.0,9970.0,2350.0,,
1974-08-23,351.0,1012.0,385.0,2160.0,9590.0,1830.0,,
1974-08-26,627.0,794.0,388.0,7410.0,5260.0,1960.0,,
1974-08-27,322.0,1063.0,397.0,1540.0,9890.0,1540.0,,
1974-08-28,469.0,918.0,397.0,4210.0,10470.0,1990.0,,
1974-08-29,290.0,1151.0,337.0,2570.0,9510.0,1610.0,,
1974-08-30,1116.0,338.0,323.0,12730.0,2130.0,1370.0,,
1974-09-03,454.0,986.0,358.0,1910.0,9520.0,1330.0,,
1974-09-04,187.0,1333.0,294.0,1220.0,13920.0,1790.0,,
1974-09-05,996.0,441.0,358.0,11120.0,1880.0,1210.0,,
1974-09-06,957.0,457.0,368.0,8890.0,4540.0,1700.0,,
1974-09-09,354.0,1072.0,343.0,1520.0,8480.0,1160.0,,
1974-09-10,398.0,969.0,401.0,2060.0,7740.0,2180.0,,
1974-09-11,424.0,884.0,433.0,2390.0,7350.0,2080.0,,
1974-09-12,182.0,1274.0,327.0,890.0,14300.0,1730.0,,
1974-09-13,283.0,1185.0,330.0,2770.0,11200.0,2100.0,,
1974-09-16,746.0,690.0,386.0,9960.0,5530.0,2880.0,,
1974-09-17,1170.0,305.0,308.0,9730.0,2400.0,1600.0,,
1974-09-18,632.0,693.0,438.0,4720.0,4750.0,2300.0,,
1974-09-19,1291.0,229.0,295.0,13200.0,1800.0,1990.0,,
1974-09-20,946.0,516.0,346.0,7950.0,6240.0,2060.0,,
1974-09-23,738.0,667.0,378.0,4260.0,5820.0,2050.0,,
1974-09-24,375.0,1004.0,359.0,1390.0,7300.0,1150.0,,
1974-09-25,829.0,560.0,391.0,6960.0,8450.0,2210.0,,
1974-09-26,357.0,967.0,383.0,1220.0,6660.0,1180.0,,
1974-09-27,368.0,970.0,407.0,1230.0,9100.0,1900.0,,
1974-09-30,257.0,1162.0,367.0,1720.0,11510.0,1770.0,,
1974-10-01,598.0,786.0,428.0,6230.0,8450.0,2220.0,,
1974-10-02,828.0,511.0,402.0,5480.0,4590.0,2160.0,,
1974-10-03,403.0,957.0,414.0,1830.0,9550.0,1770.0,,
1974-10-04,688.0,670.0,426.0,6320.0,7270.0,2320.0,,
1974-10-07,1301.0,228.0,289.0,12380.0,1480.0,1140.0,,
1974-10-08,875.0,547.0,378.0,6210.0,7100.0,2150.0,,
1974-10-09,1220.0,264.0,317.0,15270.0,1890.0,1660.0,,
1974-10-10,1338.0,261.0,258.0,19160.0,4610.0,2590.0,,
1974-10-11,1063.0,422.0,339.0,13230.0,4890.0,1980.0,,
1974-10-14,1199.0,338.0,295.0,14950.0,3110.0,1720.0,,
1974-10-15,440.0,1048.0,339.0,3100.0,12160.0,2120.0,,
1974-10-16,461.0,954.0,345.0,3040.0,10060.0,1690.0,,
1974-10-17,765.0,590.0,400.0,7920.0,4760.0,1800.0,,
1974-10-18,947.0,468.0,360.0,9650.0,4850.0,1960.0,,
1974-10-21,848.0,528.0,395.0,9270.0,3400.0,1830.0,,
1974-10-22,721.0,674.0,416.0,7320.0,9230.0,2380.0,,
1974-10-23,280.0,1139.0,352.0,1310.0,11510.0,1380.0,,
1974-10-24,294.0,1151.0,315.0,3400.0,9810.0,1700.0,,
1974-10-25,666.0,640.0,445.0,5800.0,4800.0,2050.0,,
1974-10-28,521.0,783.0,438.0,4290.0,4530.0,1720.0,,
1974-10-29,1030.0,351.0,379.0,11820.0,2360.0,1430.0,,
1974-10-30,953.0,448.0,396.0,14080.0,4090.0,1960.0,,
1974-10-31,699.0,685.0,406.0,7980.0,7870.0,2990.0,,
1974-11-01,702.0,664.0,385.0,5710.0,5840.0,1950.0,,
1974-11-04,485.0,884.0,405.0,3310.0,7630.0,1800.0,,
1974-11-05,991.0,394.0,378.0,12340.0,1900.0,1720.0,,
1974-11-06,882.0,547.0,395.0,11050.0,10110.0,2770.0,,
1974-11-07,850.0,543.0,393.0,10470.0,4270.0,2410.0,,
1974-11-08,746.0,596.0,438.0,6810.0,6600.0,2480.0,,
1974-11-11,815.0,545.0,432.0,7220.0,4310.0,1690.0,,
1974-11-12,375.0,1024.0,390.0,1990.0,11470.0,1590.0,,
1974-11-13,486.0,872.0,436.0,5210.0,8630.0,2200.0,,
1974-11-14,643.0,674.0,459.0,4690.0,6480.0,2380.0,,
1974-11-15,449.0,877.0,438.0,2890.0,7510.0,2080.0,,
1974-11-18,140.0,1382.0,302.0,330.0,13860.0,1040.0,,
1974-11-19,290.0,1124.0,390.0,2020.0,11580.0,2120.0,,
1974-11-20,484.0,834.0,454.0,4080.0,5990.0,2360.0,,
1974-11-21,639.0,675.0,461.0,6190.0,5340.0,2290.0,,
1974-11-22,911.0,462.0,399.0,8440.0,2710.0,1870.0,,
1974-11-25,559.0,793.0,444.0,3850.0,5280.0,2170.0,,
1974-11-26,795.0,544.0,464.0,7740.0,3430.0,2430.0,,
1974-11-27,827.0,535.0,432.0,7620.0,4780.0,2410.0,,
1974-11-29,599.0,687.0,425.0,2730.0,3350.0,1350.0,,
1974-12-02,256.0,1183.0,338.0,730.0,9240.0,1170.0,,
1974-12-03,287.0,1087.0,426.0,2000.0,9520.0,2100.0,,
1974-12-04,621.0,675.0,490.0,5640.0,4420.0,2530.0,,
1974-12-05,322.0,1045.0,421.0,1670.0,9220.0,2000.0,,
1974-12-06,251.0,1176.0,398.0,1640.0,11560.0,2300.0,,
1974-12-09,530.0,826.0,465.0,6050.0,5750.0,2860.0,,
1974-12-10,965.0,423.0,445.0,11060.0,2480.0,2150.0,,
1974-12-11,810.0,566.0,446.0,7940.0,4530.0,3230.0,,
1974-12-12,491.0,852.0,488.0,4170.0,8500.0,2720.0,,
1974-12-13,495.0,820.0,495.0,4140.0,7070.0,2790.0,,
1974-12-16,489.0,862.0,491.0,3350.0,9100.0,2920.0,,
1974-12-17,701.0,661.0,493.0,8860.0,5000.0,3020.0,,
1974-12-18,787.0,611.0,449.0,8050.0,7030.0,2970.0,,
1974-12-19,593.0,783.0,474.0,5050.0,7820.0,3030.0,,
1974-12-20,420.0,966.0,454.0,3740.0,9410.0,2690.0,,
1974-12-23,396.0,1034.0,464.0,3010.0,11320.0,3710.0,,
1974-12-24,938.0,413.0,425.0,5960.0,1660.0,1920.0,,
1974-12-26,841.0,496.0,475.0,6380.0,3150.0,2280.0,,
1974-12-27,582.0,701.0,531.0,4180.0,5580.0,3300.0,,
1974-12-30,575.0,846.0,481.0,5560.0,7910.0,5050.0,,
1974-12-31,1259.0,304.0,322.0,16580.0,2060.0,2330.0,,
1975-01-02,1450.0,159.0,194.0,12280.0,1780.0,740.0,,
1975-01-03,1137.0,382.0,294.0,8580.0,5130.0,1560.0,,
1975-01-06,1244.0,316.0,264.0,11510.0,3870.0,2170.0,,
1975-01-07,928.0,519.0,339.0,6360.0,5410.0,3120.0,,
1975-01-08,687.0,728.0,377.0,4600.0,8950.0,2050.0,,
1975-01-09,973.0,420.0,379.0,10550.0,3610.0,2170.0,,
1975-01-10,1417.0,191.0,245.0,20740.0,3330.0,1820.0,,
1975-01-13,1002.0,539.0,320.0,9290.0,7740.0,2750.0,,
1975-01-14,609.0,791.0,399.0,4690.0,9640.0,2280.0,,
1975-01-15,806.0,601.0,372.0,9700.0,4850.0,2030.0,,
1975-01-16,821.0,532.0,440.0,7730.0,6610.0,2770.0,,
1975-01-17,503.0,851.0,428.0,2780.0,9470.0,2010.0,,
1975-01-20,616.0,703.0,442.0,5470.0,5690.0,2290.0,,
1975-01-21,746.0,591.0,456.0,5250.0,6610.0,2920.0,,
1975-01-22,800.0,550.0,417.0,9520.0,3710.0,2100.0,,
1975-01-23,914.0,470.0,419.0,9900.0,5680.0,2380.0,,
1975-01-24,1065.0,362.0,364.0,14730.0,3030.0,2910.0,,
1975-01-27,1476.0,189.0,195.0,28100.0,2370.0,1660.0,,
1975-01-28,1021.0,542.0,302.0,15470.0,12800.0,3490.0,,
1975-01-29,1022.0,457.0,361.0,19000.0,5450.0,2970.0,,
1975-01-30,669.0,820.0,356.0,7610.0,19140.0,2990.0,,
1975-01-31,972.0,508.0,346.0,16930.0,5400.0,2310.0,,
1975-02-03,1158.0,372.0,337.0,18820.0,4340.0,2240.0,,
1975-02-04,599.0,856.0,384.0,7620.0,13990.0,3440.0,,
1975-02-05,999.0,434.0,388.0,18550.0,4400.0,2880.0,,
1975-02-06,860.0,642.0,339.0,14810.0,14510.0,2700.0,,
1975-02-07,583.0,823.0,406.0,7380.0,7680.0,4000.0,,
1975-02-10,664.0,735.0,414.0,6400.0,7550.0,2170.0,,
1975-02-11,598.0,799.0,399.0,7660.0,6830.0,1980.0,,
1975-02-12,971.0,381.0,378.0,14240.0,3680.0,1870.0,,
1975-02-13,1033.0,475.0,338.0,22780.0,8980.0,3400.0,,
1975-02-14,805.0,648.0,390.0,12010.0,7310.0,3970.0,,
1975-02-18,666.0,780.0,396.0,9550.0,11640.0,2800.0,,
1975-02-19,687.0,711.0,410.0,11440.0,8470.0,2280.0,,
1975-02-20,829.0,579.0,410.0,12600.0,6270.0,3390.0,,
1975-02-21,825.0,623.0,394.0,12990.0,8640.0,2820.0,,
1975-02-24,444.0,1022.0,357.0,4080.0,13120.0,1950.0,,
1975-02-25,203.0,1298.0,289.0,1790.0,18590.0,530.0,,
1975-02-26,854.0,554.0,375.0,11790.0,4840.0,2170.0,,
1975-02-27,841.0,518.0,413.0,8900.0,4890.0,2640.0,,
1975-02-28,833.0,505.0,428.0,10750.0,4610.0,2200.0,,
1975-03-03,1121.0,350.0,343.0,19190.0,3250.0,1650.0,,
1975-03-04,967.0,508.0,360.0,20290.0,10550.0,3300.0,,
1975-03-05,569.0,833.0,405.0,7590.0,13890.0,2640.0,,
1975-03-06,905.0,486.0,387.0,14720.0,4380.0,2680.0,,
1975-03-07,998.0,437.0,377.0,18730.0,4890.0,2310.0,,
1975-03-10,952.0,499.0,379.0,17080.0,6890.0,1920.0,,
1975-03-11,708.0,742.0,370.0,13440.0,15370.0,2470.0,,
1975-03-12,456.0,913.0,433.0,6340.0,12090.0,3130.0,,
1975-03-13,641.0,682.0,453.0,9210.0,7960.0,1450.0,,
1975-03-14,1114.0,328.0,350.0,18360.0,3090.0,3400.0,,
1975-03-17,1130.0,387.0,213.0,19450.0,4510.0,2820.0,,
1975-03-18,528.0,957.0,257.0,6730.0,18470.0,3980.0,,
1975-03-19,395.0,1008.0,393.0,4720.0,11140.0,3170.0,,
1975-03-20,579.0,790.0,399.0,7880.0,10240.0,2830.0,,
1975-03-21,540.0,819.0,420.0,6200.0,7330.0,2410.0,,
1975-03-24,167.0,1416.0,240.0,900.0,16060.0,850.0,,
1975-03-25,700.0,657.0,419.0,10710.0,5380.0,2410.0,,
1975-03-26,1133.0,327.0,323.0,15150.0,1850.0,1590.0,,
1975-03-27,826.0,577.0,391.0,9660.0,6640.0,2000.0,,
1975-03-31,649.0,788.0,403.0,5030.0,8310.0,2930.0,,
1975-04-01,372.0,983.0,449.0,3180.0,9480.0,1820.0,,
1975-04-02,565.0,744.0,480.0,5700.0,7080.0,2820.0,,
1975-04-03,448.0,876.0,455.0,3590.0,8090.0,2240.0,,
1975-04-04,492.0,821.0,459.0,3870.0,7710.0,2560.0,,
1975-04-07,378.0,1015.0,403.0,3040.0,8720.0,2100.0,,
1975-04-08,709.0,622.0,453.0,7080.0,4880.0,2360.0,,
1975-04-09,1012.0,370.0,412.0,14480.0,1840.0,1800.0,,
1975-04-10,962.0,461.0,386.0,15630.0,6230.0,3130.0,,
1975-04-11,845.0,521.0,404.0,12830.0,5090.0,2240.0,,
1975-04-14,1001.0,438.0,373.0,18730.0,4800.0,3270.0,,
1975-04-15,829.0,603.0,415.0,14750.0,10270.0,4600.0,,
1975-04-16,739.0,648.0,428.0,12770.0,7460.0,2750.0,,
1975-04-17,921.0,514.0,401.0,21610.0,7410.0,3630.0,,
1975-04-18,545.0,884.0,411.0,7300.0,12490.0,2820.0,,
1975-04-21,991.0,463.0,376.0,17680.0,4050.0,2230.0,,
1975-04-22,698.0,761.0,383.0,9310.0,13310.0,3500.0,,
1975-04-23,396.0,1064.0,359.0,3830.0,14280.0,1930.0,,
1975-04-24,672.0,710.0,419.0,8820.0,7260.0,2970.0,,
1975-04-25,860.0,513.0,423.0,12270.0,5080.0,2910.0,,
1975-04-28,652.0,764.0,420.0,7070.0,8100.0,2680.0,,
1975-04-29,380.0,1022.0,416.0,3490.0,13620.0,630.0,,
1975-04-30,818.0,539.0,442.0,12020.0,3450.0,2590.0,,
1975-05-01,880.0,502.0,409.0,12000.0,5750.0,2910.0,,
1975-05-02,959.0,495.0,369.0,16870.0,5760.0,2580.0,,
1975-05-05,887.0,593.0,386.0,13770.0,6040.0,2580.0,,
1975-05-06,550.0,924.0,381.0,6970.0,15890.0,2550.0,,
1975-05-07,763.0,634.0,435.0,12010.0,8410.0,1830.0,,
1975-05-08,969.0,479.0,363.0,16180.0,4850.0,1950.0,,
1975-05-09,1084.0,429.0,329.0,20860.0,4700.0,2880.0,,
1975-05-12,779.0,680.0,385.0,10670.0,9230.0,2510.0,,
1975-05-13,788.0,608.0,427.0,15760.0,7280.0,1910.0,,
1975-05-14,902.0,540.0,400.0,16480.0,8810.0,3760.0,,
1975-05-15,647.0,787.0,403.0,9120.0,15030.0,3540.0,,
1975-05-16,501.0,920.0,380.0,4900.0,10470.0,1260.0,,
1975-05-19,693.0,666.0,433.0,8910.0,6610.0,2350.0,,
1975-05-20,659.0,736.0,423.0,7420.0,8570.0,2320.0,,
1975-05-21,337.0,1069.0,391.0,2960.0,12670.0,2010.0,,
1975-05-22,729.0,628.0,453.0,9650.0,5440.0,2520.0,,
1975-05-23,987.0,403.0,410.0,12970.0,2730.0,2170.0,,
1975-05-27,733.0,675.0,420.0,7700.0,6730.0,2620.0,,
1975-05-28,575.0,817.0,425.0,7620.0,11290.0,2950.0,,
1975-05-29,646.0,729.0,432.0,8670.0,7590.0,2310.0,,
1975-05-30,1143.0,336.0,345.0,18490.0,2180.0,2000.0,,
1975-06-02,1136.0,362.0,346.0,20070.0,5780.0,2390.0,,
1975-06-03,880.0,548.0,415.0,15140.0,7100.0,4320.0,,
1975-06-04,782.0,666.0,390.0,12610.0,9130.0,3160.0,,
1975-06-05,700.0,725.0,392.0,10130.0,8380.0,3100.0,,
1975-06-06,720.0,703.0,420.0,8250.0,10690.0,3260.0,,
1975-06-09,503.0,995.0,358.0,5100.0,13640.0,1930.0,,
1975-06-10,419.0,1038.0,382.0,4490.0,13430.0,3210.0,,
1975-06-11,747.0,615.0,449.0,7910.0,7170.0,3150.0,,
1975-06-12,590.0,784.0,422.0,6480.0,7710.0,1780.0,,
1975-06-13,823.0,550.0,428.0,9480.0,4940.0,1880.0,,
1975-06-16,922.0,501.0,387.0,11300.0,3410.0,1950.0,,
1975-06-17,551.0,873.0,402.0,5300.0,11740.0,2400.0,,
1975-06-18,612.0,795.0,413.0,6310.0,7290.0,1990.0,,
1975-06-19,1112.0,354.0,362.0,18100.0,2270.0,1080.0,,
1975-06-20,1006.0,478.0,388.0,15590.0,7040.0,3640.0,,
1975-06-23,990.0,478.0,375.0,14420.0,3990.0,2310.0,,
1975-06-24,1006.0,509.0,360.0,17070.0,6450.0,3100.0,,
1975-06-25,847.0,571.0,430.0,12300.0,6090.0,3220.0,,
1975-06-26,846.0,584.0,417.0,12660.0,8580.0,3320.0,,
1975-06-27,770.0,612.0,444.0,9330.0,6100.0,3390.0,,
1975-06-30,960.0,512.0,368.0,12000.0,4530.0,2910.0,,
1975-07-01,658.0,784.0,403.0,7170.0,9630.0,3590.0,,
1975-07-02,405.0,1079.0,369.0,3380.0,12810.0,2340.0,,
1975-07-03,857.0,552.0,409.0,10820.0,4900.0,3280.0,,
1975-07-07,508.0,910.0,433.0,4070.0,9140.0,2630.0,,
1975-07-08,622.0,799.0,414.0,8690.0,8120.0,2180.0,,
1975-07-09,1194.0,323.0,334.0,21580.0,2610.0,2160.0,,
1975-07-10,866.0,598.0,384.0,14520.0,10000.0,4360.0,,
1975-07-11,780.0,652.0,410.0,10940.0,8010.0,3260.0,,
1975-07-14,890.0,558.0,410.0,13070.0,5930.0,2900.0,,
1975-07-15,978.0,536.0,369.0,17670.0,7570.0,3100.0,,
1975-07-16,529.0,968.0,362.0,5390.0,17090.0,2770.0,,
1975-07-17,501.0,921.0,401.0,5780.0,13170.0,2470.0,,
1975-07-18,648.0,749.0,415.0,6560.0,7780.0,2530.0,,
1975-07-21,515.0,918.0,377.0,3950.0,10590.0,2150.0,,
1975-07-22,308.0,1146.0,372.0,3430.0,14820.0,2410.0,,
1975-07-23,274.0,1226.0,336.0,2340.0,15890.0,1920.0,,
1975-07-24,387.0,1047.0,376.0,5360.0,12730.0,2460.0,,
1975-07-25,444.0,897.0,425.0,3580.0,9590.0,1940.0,,
1975-07-28,358.0,1071.0,358.0,2970.0,10100.0,1780.0,,
1975-07-29,455.0,949.0,407.0,4430.0,12330.0,2240.0,,
1975-07-30,826.0,572.0,402.0,9580.0,4180.0,2390.0,,
1975-07-31,767.0,553.0,471.0,6400.0,5720.0,2420.0,,
1975-08-01,385.0,964.0,394.0,2280.0,9630.0,1410.0,,
1975-08-04,369.0,1041.0,384.0,2200.0,8980.0,1440.0,,
1975-08-05,300.0,1105.0,400.0,2140.0,11270.0,2060.0,,
1975-08-06,578.0,825.0,386.0,5390.0,8080.0,2800.0,,
1975-08-07,619.0,671.0,479.0,5030.0,5170.0,2160.0,,
1975-08-08,477.0,841.0,460.0,3120.0,6400.0,2140.0,,
1975-08-11,585.0,739.0,455.0,5830.0,4700.0,1820.0,,
1975-08-12,962.0,397.0,432.0,9290.0,3110.0,2110.0,,
1975-08-13,347.0,954.0,459.0,1400.0,8820.0,1790.0,,
1975-08-14,379.0,931.0,422.0,2540.0,7950.0,1970.0,,
1975-08-15,822.0,453.0,439.0,6460.0,2610.0,1540.0,,
1975-08-18,638.0,633.0,477.0,4030.0,4840.0,1940.0,,
1975-08-19,292.0,1117.0,369.0,1300.0,12320.0,1370.0,,
1975-08-20,193.0,1292.0,316.0,1120.0,16110.0,1410.0,,
1975-08-21,461.0,887.0,426.0,6260.0,7530.0,2820.0,,
1975-08-22,990.0,381.0,383.0,9410.0,2050.0,1590.0,,
1975-08-25,979.0,391.0,395.0,7530.0,2380.0,1340.0,,
1975-08-26,412.0,930.0,428.0,1630.0,8100.0,1620.0,,
1975-08-27,684.0,604.0,453.0,5930.0,3600.0,1580.0,,
1975-08-28,1258.0,185.0,323.0,12760.0,900.0,870.0,,
1975-08-29,1051.0,352.0,375.0,9290.0,3670.0,2520.0,,
1975-09-02,399.0,992.0,357.0,1430.0,8860.0,1170.0,,
1975-09-03,682.0,643.0,422.0,6710.0,3790.0,1760.0,,
1975-09-04,728.0,589.0,435.0,5920.0,5110.0,1780.0,,
1975-09-05,491.0,811.0,462.0,2800.0,6710.0,2170.0,,
1975-09-08,640.0,659.0,464.0,4700.0,4960.0,1840.0,,
1975-09-09,478.0,884.0,426.0,2880.0,11000.0,1910.0,,
1975-09-10,257.0,1134.0,375.0,2410.0,10990.0,1380.0,,
1975-09-11,496.0,731.0,520.0,3330.0,5700.0,2070.0,,
1975-09-12,590.0,674.0,483.0,3960.0,5960.0,2310.0,,
1975-09-15,375.0,894.0,439.0,1720.0,5580.0,1370.0,,
1975-09-16,336.0,1003.0,439.0,1670.0,9270.0,2150.0,,
1975-09-17,544.0,756.0,469.0,4760.0,5320.0,2110.0,,
1975-09-18,1008.0,361.0,403.0,11140.0,1950.0,1470.0,,
1975-09-19,1244.0,257.0,311.0,17710.0,1780.0,1330.0,,
1975-09-22,590.0,789.0,408.0,3490.0,8990.0,2270.0,,
1975-09-23,505.0,801.0,470.0,4620.0,6010.0,2170.0,,
1975-09-24,1005.0,372.0,408.0,11640.0,2620.0,1800.0,,
1975-09-25,567.0,705.0,471.0,4920.0,6120.0,1850.0,,
1975-09-26,710.0,565.0,468.0,6480.0,4250.0,1840.0,,
1975-09-29,433.0,900.0,433.0,2020.0,7100.0,1460.0,,
1975-09-30,256.0,1083.0,445.0,1190.0,9640.0,1690.0,,
1975-10-01,331.0,1020.0,427.0,1700.0,10400.0,1970.0,,
1975-10-02,714.0,553.0,485.0,7700.0,4320.0,2270.0,,
1975-10-03,1131.0,264.0,380.0,13900.0,1290.0,1170.0,,
1975-10-06,973.0,409.0,430.0,10540.0,2900.0,2030.0,,
1975-10-07,555.0,776.0,458.0,4830.0,6400.0,2300.0,,
1975-10-08,887.0,443.0,444.0,12450.0,3430.0,1920.0,,
1975-10-09,797.0,542.0,440.0,9080.0,6380.0,2310.0,,
1975-10-10,683.0,631.0,466.0,6700.0,6140.0,2060.0,,
1975-10-13,921.0,378.0,421.0,8910.0,1710.0,1400.0,,
1975-10-14,780.0,579.0,487.0,8460.0,8030.0,3470.0,,
1975-10-15,622.0,708.0,482.0,6430.0,5810.0,2200.0,,
1975-10-16,850.0,533.0,430.0,9460.0,6830.0,2620.0,,
1975-10-17,486.0,854.0,476.0,3740.0,9690.0,2220.0,,
1975-10-20,850.0,524.0,438.0,8350.0,2990.0,1910.0,,
1975-10-21,971.0,454.0,429.0,13370.0,4970.0,2460.0,,
1975-10-22,707.0,645.0,466.0,7360.0,6130.0,2570.0,,
1975-10-23,911.0,480.0,432.0,10410.0,4790.0,2690.0,,
1975-10-24,515.0,890.0,417.0,4080.0,11660.0,2370.0,,
1975-10-27,630.0,691.0,479.0,5510.0,5040.0,2550.0,,
1975-10-28,882.0,534.0,425.0,10210.0,4750.0,2100.0,,
1975-10-29,347.0,1078.0,403.0,1960.0,12320.0,1830.0,,
1975-10-30,616.0,726.0,450.0,5540.0,7190.0,2350.0,,
1975-10-31,626.0,714.0,470.0,5000.0,5920.0,2000.0,,
1975-11-03,444.0,915.0,445.0,2090.0,7680.0,1630.0,,
1975-11-04,742.0,573.0,504.0,6000.0,3400.0,2170.0,,
1975-11-05,973.0,463.0,391.0,11770.0,3870.0,1750.0,,
1975-11-06,801.0,567.0,448.0,10130.0,5980.0,2490.0,,
1975-11-07,708.0,696.0,422.0,6130.0,7580.0,2230.0,,
1975-11-10,638.0,763.0,435.0,5670.0,6700.0,2560.0,,
1975-11-11,870.0,483.0,457.0,8970.0,3370.0,2310.0,,
1975-11-12,1108.0,383.0,359.0,18420.0,3510.0,2030.0,,
1975-11-13,784.0,622.0,451.0,11110.0,10270.0,3690.0,,
1975-11-14,667.0,687.0,472.0,6780.0,6860.0,2820.0,,
1975-11-17,813.0,602.0,437.0,9760.0,5780.0,2120.0,,
1975-11-18,665.0,779.0,431.0,6360.0,11140.0,3260.0,,
1975-11-19,379.0,1043.0,408.0,2640.0,12290.0,1900.0,,
1975-11-20,572.0,790.0,460.0,6030.0,7570.0,2860.0,,
1975-11-21,672.0,669.0,469.0,5570.0,5980.0,2560.0,,
1975-11-24,742.0,646.0,441.0,6860.0,4620.0,2450.0,,
1975-11-25,928.0,490.0,427.0,11650.0,3490.0,2350.0,,
1975-11-26,803.0,576.0,444.0,9180.0,5800.0,3800.0,,
1975-11-28,806.0,518.0,489.0,7070.0,3320.0,2480.0,,
1975-12-01,537.0,835.0,477.0,3710.0,9190.0,3150.0,,
1975-12-02,260.0,1207.0,390.0,1270.0,14700.0,1960.0,,
1975-12-03,172.0,1414.0,282.0,1100.0,18870.0,1350.0,,
1975-12-04,661.0,694.0,492.0,7450.0,6050.0,2880.0,,
1975-12-05,484.0,872.0,470.0,2980.0,8640.0,2430.0,,
1975-12-08,511.0,850.0,508.0,5460.0,5710.0,2990.0,,
1975-12-09,599.0,744.0,500.0,6090.0,7180.0,2770.0,,
1975-12-10,897.0,483.0,463.0,9010.0,4030.0,2640.0,,
1975-12-11,670.0,665.0,508.0,5640.0,7190.0,2470.0,,
1975-12-12,581.0,739.0,521.0,4830.0,5820.0,2450.0,,
1975-12-15,674.0,680.0,516.0,6280.0,4560.0,3120.0,,
1975-12-16,968.0,461.0,472.0,12010.0,3330.0,3010.0,,
1975-12-17,803.0,549.0,530.0,8680.0,5100.0,2780.0,,
1975-12-18,858.0,559.0,477.0,9850.0,4900.0,3290.0,,
1975-12-19,570.0,804.0,515.0,4190.0,9160.0,4370.0,,
1975-12-22,478.0,925.0,493.0,3530.0,9040.0,2770.0,,
1975-12-23,871.0,569.0,475.0,10080.0,4720.0,2950.0,,
1975-12-24,1087.0,303.0,403.0,7640.0,1610.0,1900.0,,
1975-12-26,1057.0,327.0,405.0,7780.0,1000.0,1240.0,,
1975-12-29,744.0,708.0,452.0,6390.0,7170.0,3510.0,,
1975-12-30,579.0,800.0,496.0,4960.0,7170.0,3910.0,,
1975-12-31,1154.0,363.0,368.0,11720.0,2780.0,2470.0,,
1976-01-02,1123.0,318.0,359.0,7320.0,1350.0,1630.0,,
1976-01-05,1466.0,193.0,238.0,18600.0,1820.0,1540.0,,
1976-01-06,1321.0,304.0,313.0,22070.0,5850.0,3350.0,,
1976-01-07,927.0,570.0,410.0,16050.0,11390.0,5730.0,,
1976-01-08,993.0,509.0,400.0,17370.0,7370.0,4290.0,,
1976-01-09,923.0,529.0,437.0,16340.0,5410.0,4760.0,,
1976-01-12,1190.0,362.0,366.0,23980.0,4090.0,2370.0,,
1976-01-13,631.0,916.0,382.0,9100.0,21360.0,4070.0,,
1976-01-14,1324.0,309.0,284.0,25090.0,3430.0,1820.0,,
1976-01-15,767.0,751.0,402.0,12040.0,20520.0,5890.0,,
1976-01-16,925.0,539.0,435.0,15570.0,6890.0,3480.0,,
1976-01-19,1174.0,379.0,348.0,21600.0,5150.0,2700.0,,
1976-01-20,957.0,568.0,393.0,20970.0,11580.0,4140.0,,
1976-01-21,677.0,853.0,376.0,13570.0,16630.0,4270.0,,
1976-01-22,751.0,688.0,428.0,12880.0,10560.0,3980.0,,
1976-01-23,1171.0,400.0,331.0,26110.0,4390.0,3140.0,,
1976-01-26,1022.0,545.0,354.0,18970.0,11050.0,4450.0,,
1976-01-27,750.0,772.0,386.0,13000.0,15240.0,3830.0,,
1976-01-28,507.0,982.0,406.0,7950.0,15230.0,4190.0,,
1976-01-29,1204.0,386.0,308.0,23410.0,4050.0,2340.0,,
1976-01-30,1064.0,477.0,385.0,23500.0,9210.0,5800.0,,
1976-02-02,863.0,655.0,395.0,12460.0,8040.0,3500.0,,
1976-02-03,991.0,556.0,365.0,20450.0,8980.0,4650.0,,
1976-02-04,1145.0,459.0,327.0,26580.0,7740.0,3950.0,,
1976-02-05,480.0,1093.0,356.0,5880.0,24520.0,3380.0,,
1976-02-06,518.0,1007.0,387.0,8020.0,16170.0,3170.0,,
1976-02-09,1010.0,510.0,401.0,15480.0,6080.0,3780.0,,
1976-02-10,1038.0,491.0,386.0,18690.0,6080.0,2890.0,,
1976-02-11,969.0,570.0,388.0,18620.0,9170.0,4510.0,,
1976-02-12,756.0,751.0,396.0,12520.0,12200.0,3890.0,,
1976-02-13,622.0,868.0,404.0,9120.0,10970.0,3780.0,,
1976-02-17,673.0,845.0,389.0,10900.0,11630.0,2930.0,,
1976-02-18,1081.0,505.0,344.0,19650.0,6630.0,3620.0,,
1976-02-19,1262.0,373.0,290.0,29890.0,6050.0,3270.0,,
1976-02-20,1005.0,596.0,313.0,24860.0,13790.0,5860.0,,
1976-02-23,713.0,831.0,374.0,12450.0,13870.0,5140.0,,
1976-02-24,977.0,573.0,365.0,20310.0,9980.0,4090.0,,
1976-02-25,683.0,874.0,361.0,16030.0,14360.0,4290.0,,
1976-02-26,396.0,1205.0,294.0,6150.0,25820.0,2350.0,,
1976-02-27,453.0,1092.0,348.0,7420.0,15960.0,3560.0,,
1976-03-01,780.0,702.0,394.0,11370.0,7270.0,3430.0,,
1976-03-02,1033.0,508.0,346.0,16890.0,5860.0,2840.0,,
1976-03-03,629.0,902.0,352.0,8420.0,14090.0,2940.0,,
1976-03-04,430.0,1073.0,367.0,6220.0,15830.0,2360.0,,
1976-03-05,736.0,709.0,408.0,11720.0,8080.0,3230.0,,
1976-03-08,1026.0,488.0,374.0,17170.0,4680.0,3210.0,,
1976-03-09,837.0,717.0,340.0,16690.0,11180.0,3900.0,,
1976-03-10,773.0,722.0,385.0,14230.0,8070.0,3600.0,,
1976-03-11,902.0,574.0,392.0,17690.0,5980.0,3630.0,,
1976-03-12,465.0,1063.0,374.0,5740.0,16720.0,3560.0,,
1976-03-15,331.0,1218.0,349.0,2950.0,14490.0,2130.0,,
1976-03-16,956.0,562.0,372.0,15390.0,4900.0,2490.0,,
1976-03-17,786.0,639.0,452.0,11970.0,9640.0,4580.0,,
1976-03-18,498.0,936.0,420.0,5890.0,10810.0,3630.0,,
1976-03-19,689.0,731.0,441.0,8110.0,7040.0,2940.0,,
1976-03-22,702.0,725.0,445.0,8470.0,7990.0,2950.0,,
1976-03-23,936.0,564.0,369.0,16120.0,3950.0,2380.0,,
1976-03-24,1081.0,452.0,359.0,21430.0,7210.0,3970.0,,
1976-03-25,514.0,933.0,433.0,6310.0,12380.0,3820.0,,
1976-03-26,768.0,632.0,453.0,9470.0,6010.0,3030.0,,
1976-03-29,530.0,885.0,434.0,5080.0,8360.0,2660.0,,
1976-03-30,501.0,927.0,448.0,4480.0,10660.0,2790.0,,
1976-03-31,891.0,559.0,422.0,10810.0,4240.0,2470.0,,
1976-04-01,576.0,828.0,436.0,9660.0,5730.0,2520.0,,
1976-04-02,657.0,753.0,452.0,7300.0,7110.0,3010.0,,
1976-04-05,1155.0,376.0,366.0,16000.0,3630.0,2310.0,,
1976-04-06,807.0,686.0,413.0,10330.0,9240.0,4600.0,,
1976-04-07,335.0,1199.0,348.0,2660.0,15390.0,2140.0,,
1976-04-08,298.0,1213.0,350.0,2660.0,16110.0,2090.0,,
1976-04-09,340.0,1141.0,377.0,2470.0,14580.0,2000.0,,
1976-04-12,631.0,810.0,439.0,5950.0,7420.0,2660.0,,
1976-04-13,836.0,589.0,426.0,8890.0,4690.0,2410.0,,
1976-04-14,573.0,861.0,421.0,4810.0,10970.0,2660.0,,
1976-04-15,813.0,595.0,428.0,8390.0,4660.0,2050.0,,
1976-04-19,1016.0,474.0,379.0,10480.0,4110.0,1910.0,,
1976-04-20,1224.0,333.0,351.0,18800.0,2150.0,2550.0,,
1976-04-21,888.0,581.0,420.0,14150.0,8850.0,3600.0,,
1976-04-22,704.0,771.0,423.0,8340.0,8830.0,3050.0,,
1976-04-23,502.0,976.0,400.0,4130.0,10600.0,2270.0,,
1976-04-26,714.0,755.0,410.0,7790.0,5340.0,2390.0,,
1976-04-27,563.0,859.0,467.0,4970.0,10330.0,2460.0,,
1976-04-28,636.0,771.0,456.0,6890.0,6340.0,2560.0,,
1976-04-29,768.0,638.0,471.0,7870.0,6980.0,2890.0,,
1976-04-30,586.0,785.0,485.0,4570.0,7160.0,2800.0,,
1976-05-03,376.0,1087.0,411.0,3140.0,9720.0,2320.0,,
1976-05-04,838.0,570.0,465.0,9940.0,4490.0,2810.0,,
1976-05-05,558.0,831.0,459.0,4680.0,7870.0,2420.0,,
1976-05-06,752.0,638.0,465.0,7570.0,5270.0,3360.0,,
1976-05-07,940.0,485.0,444.0,11860.0,3270.0,2680.0,,
1976-05-10,1092.0,416.0,378.0,17230.0,3220.0,2310.0,,
1976-05-11,785.0,666.0,453.0,10190.0,9970.0,3430.0,,
1976-05-12,629.0,797.0,439.0,7090.0,8460.0,2960.0,,
1976-05-13,543.0,873.0,439.0,4670.0,9130.0,2930.0,,
1976-05-14,430.0,992.0,422.0,4070.0,10440.0,2290.0,,
1976-05-17,507.0,880.0,479.0,4090.0,8210.0,2420.0,,
1976-05-18,730.0,701.0,482.0,7960.0,6120.0,3330.0,,
1976-05-19,702.0,698.0,461.0,8660.0,6690.0,3100.0,,
1976-05-20,901.0,565.0,432.0,14710.0,5310.0,2540.0,,
1976-05-21,566.0,887.0,435.0,4920.0,11310.0,2500.0,,
1976-05-24,239.0,1283.0,315.0,1160.0,13890.0,1510.0,,
1976-05-25,482.0,983.0,401.0,6090.0,8950.0,3730.0,,
1976-05-26,671.0,718.0,472.0,6370.0,7460.0,2920.0,,
1976-05-27,548.0,850.0,422.0,5520.0,7820.0,1970.0,,
1976-05-28,961.0,432.0,400.0,11220.0,3460.0,2180.0,,
1976-06-01,658.0,740.0,456.0,4480.0,6790.0,2610.0,,
1976-06-02,757.0,640.0,437.0,8120.0,5900.0,2100.0,,
1976-06-03,656.0,704.0,488.0,7220.0,8230.0,3450.0,,
1976-06-04,371.0,1006.0,440.0,3000.0,10900.0,2060.0,,
1976-06-07,418.0,1034.0,392.0,3570.0,8660.0,2280.0,,
1976-06-08,731.0,637.0,498.0,7360.0,5880.0,3420.0,,
1976-06-09,664.0,640.0,504.0,6740.0,5170.0,2650.0,,
1976-06-10,920.0,444.0,463.0,10670.0,2710.0,2720.0,,
1976-06-11,1051.0,384.0,407.0,15160.0,2570.0,1740.0,,
1976-06-14,1123.0,368.0,372.0,15210.0,3250.0,2790.0,,
1976-06-15,582.0,794.0,491.0,6020.0,9040.0,3380.0,,
1976-06-16,887.0,543.0,420.0,13660.0,4820.0,3140.0,,
1976-06-17,1144.0,352.0,359.0,22810.0,3020.0,1980.0,,
1976-06-18,877.0,556.0,431.0,13260.0,7820.0,4640.0,,
1976-06-21,850.0,565.0,459.0,10880.0,5190.0,2860.0,,
1976-06-22,552.0,881.0,456.0,5530.0,12600.0,3020.0,,
1976-06-23,566.0,837.0,432.0,5930.0,8320.0,3280.0,,
1976-06-24,940.0,455.0,424.0,12700.0,4120.0,3030.0,,
1976-06-25,776.0,611.0,452.0,8830.0,6470.0,2530.0,,
1976-06-28,702.0,700.0,429.0,7640.0,7070.0,2780.0,,
1976-06-29,808.0,604.0,461.0,11330.0,5290.0,3000.0,,
1976-06-30,960.0,457.0,441.0,14890.0,5480.0,3460.0,,
1976-07-01,571.0,889.0,390.0,6170.0,12690.0,2270.0,,
1976-07-02,891.0,521.0,416.0,10860.0,3890.0,1980.0,,
1976-07-06,644.0,737.0,464.0,5400.0,7740.0,2990.0,,
1976-07-07,813.0,577.0,474.0,9840.0,5860.0,2770.0,,
1976-07-08,801.0,579.0,475.0,10600.0,7330.0,3780.0,,
1976-07-09,981.0,426.0,453.0,16150.0,3910.0,3440.0,,
1976-07-12,1030.0,440.0,422.0,16270.0,4210.0,3270.0,,
1976-07-13,745.0,710.0,438.0,11700.0,11180.0,4670.0,,
1976-07-14,856.0,563.0,473.0,14190.0,5430.0,4220.0,,
1976-07-15,544.0,867.0,454.0,4780.0,12090.0,3530.0,,
1976-07-16,493.0,914.0,438.0,5190.0,11630.0,3630.0,,
1976-07-19,644.0,766.0,452.0,6710.0,8730.0,2760.0,,
1976-07-20,416.0,1043.0,432.0,4180.0,11500.0,3130.0,,
1976-07-21,747.0,644.0,457.0,9620.0,5590.0,3140.0,,
1976-07-22,673.0,700.0,489.0,6680.0,6110.0,2810.0,,
1976-07-23,735.0,591.0,511.0,7330.0,5110.0,3430.0,,
1976-07-26,616.0,749.0,483.0,4780.0,6110.0,2640.0,,
1976-07-27,488.0,870.0,482.0,4270.0,8830.0,2480.0,,
1976-07-28,456.0,922.0,477.0,4580.0,9190.0,2230.0,,
1976-07-29,572.0,698.0,548.0,4880.0,6070.0,2380.0,,
1976-07-30,770.0,531.0,518.0,7900.0,4140.0,2790.0,,
1976-08-02,631.0,703.0,483.0,5540.0,6100.0,2230.0,,
1976-08-03,996.0,444.0,393.0,13330.0,3040.0,2130.0,,
1976-08-04,826.0,558.0,478.0,10480.0,6630.0,3540.0,,
1976-08-05,573.0,776.0,487.0,4990.0,7530.0,3010.0,,
1976-08-06,646.0,723.0,477.0,5380.0,5740.0,2810.0,,
1976-08-09,556.0,737.0,515.0,3600.0,5800.0,2300.0,,
1976-08-10,912.0,478.0,484.0,11380.0,2780.0,2530.0,,
1976-08-11,668.0,698.0,515.0,7100.0,8140.0,3470.0,,
1976-08-12,628.0,723.0,491.0,6710.0,6180.0,2670.0,,
1976-08-13,698.0,611.0,515.0,6140.0,5110.0,2680.0,,
1976-08-16,769.0,643.0,469.0,7820.0,5140.0,3250.0,,
1976-08-17,767.0,634.0,499.0,10120.0,5390.0,2990.0,,
1976-08-18,628.0,726.0,505.0,6420.0,7740.0,2990.0,,
1976-08-19,302.0,1165.0,372.0,1430.0,14280.0,1520.0,,
1976-08-20,337.0,1032.0,451.0,2000.0,10510.0,2410.0,,
1976-08-23,410.0,958.0,475.0,3800.0,8980.0,2670.0,,
1976-08-24,576.0,801.0,482.0,4610.0,9220.0,2910.0,,
1976-08-25,817.0,566.0,472.0,10860.0,4110.0,2430.0,,
1976-08-26,575.0,776.0,493.0,3890.0,8860.0,2520.0,,
1976-08-27,668.0,682.0,464.0,5610.0,4540.0,1970.0,,
1976-08-30,864.0,488.0,467.0,6430.0,2650.0,2060.0,,
1976-08-31,1003.0,399.0,450.0,10920.0,2000.0,2560.0,,
1976-09-01,999.0,386.0,468.0,13230.0,2220.0,3190.0,,
1976-09-02,772.0,646.0,476.0,7690.0,7600.0,3630.0,,
1976-09-03,835.0,489.0,494.0,7780.0,3100.0,2400.0,,
1976-09-07,939.0,477.0,451.0,10770.0,3130.0,2410.0,,
1976-09-08,765.0,666.0,493.0,8700.0,7750.0,3300.0,,
1976-09-09,529.0,867.0,491.0,4290.0,9110.0,3140.0,,
1976-09-10,778.0,592.0,496.0,9500.0,4430.0,3000.0,,
1976-09-13,661.0,747.0,477.0,5390.0,7190.0,3520.0,,
1976-09-14,556.0,826.0,486.0,5050.0,7480.0,3020.0,,
1976-09-15,703.0,641.0,529.0,8400.0,5740.0,3430.0,,
1976-09-16,995.0,438.0,462.0,13160.0,3450.0,3010.0,,
1976-09-17,1089.0,406.0,421.0,20360.0,4740.0,3170.0,,
1976-09-20,888.0,576.0,448.0,11440.0,6750.0,3540.0,,
1976-09-21,1132.0,375.0,427.0,23500.0,3390.0,3410.0,,
1976-09-22,782.0,697.0,464.0,12200.0,15620.0,5150.0,,
1976-09-23,534.0,910.0,484.0,6720.0,13730.0,3760.0,,
1976-09-24,639.0,737.0,498.0,7020.0,6820.0,3560.0,,
1976-09-27,827.0,568.0,478.0,10220.0,4220.0,2990.0,,
1976-09-28,397.0,1107.0,407.0,3240.0,14690.0,2510.0,,
1976-09-29,439.0,966.0,493.0,4090.0,10630.0,3370.0,,
1976-09-30,621.0,755.0,492.0,5190.0,6480.0,3030.0,,
1976-10-01,453.0,996.0,428.0,2890.0,14760.0,2970.0,,
1976-10-04,663.0,699.0,480.0,4500.0,6210.0,1920.0,,
1976-10-05,418.0,1022.0,457.0,3420.0,12880.0,2900.0,,
1976-10-06,455.0,947.0,465.0,6770.0,10440.0,3660.0,,
1976-10-07,886.0,542.0,462.0,11800.0,5250.0,2780.0,,
1976-10-08,463.0,954.0,450.0,3090.0,11030.0,2620.0,,
1976-10-11,247.0,1207.0,424.0,1130.0,11570.0,1920.0,,
1976-10-12,410.0,987.0,500.0,3560.0,11470.0,3180.0,,
1976-10-13,1022.0,407.0,451.0,16140.0,2730.0,2820.0,,
1976-10-14,436.0,985.0,444.0,2280.0,13720.0,2610.0,,
1976-10-15,750.0,614.0,474.0,6990.0,6010.0,3210.0,,
1976-10-18,932.0,489.0,445.0,9660.0,3690.0,2360.0,,
1976-10-19,648.0,731.0,503.0,5540.0,7580.0,3080.0,,
1976-10-20,777.0,596.0,515.0,7950.0,4930.0,2980.0,,
1976-10-21,547.0,889.0,456.0,3950.0,11430.0,2600.0,,
1976-10-22,379.0,1019.0,444.0,3100.0,12230.0,2540.0,,
1976-10-25,664.0,686.0,490.0,5340.0,5660.0,2310.0,,
1976-10-26,991.0,427.0,460.0,10920.0,2720.0,1850.0,,
1976-10-27,853.0,543.0,466.0,8900.0,4600.0,2290.0,,
1976-10-28,670.0,689.0,497.0,5960.0,8060.0,2900.0,,
1976-10-29,1067.0,375.0,429.0,12050.0,2560.0,2420.0,,
1976-11-01,829.0,572.0,502.0,9440.0,5580.0,3370.0,,
1976-11-03,313.0,1193.0,376.0,2790.0,14550.0,2010.0,,
1976-11-04,1197.0,347.0,336.0,15320.0,4550.0,1830.0,,
1976-11-05,534.0,939.0,400.0,4230.0,14210.0,2340.0,,
1976-11-08,374.0,1124.0,370.0,2670.0,11620.0,2230.0,,
1976-11-09,565.0,873.0,459.0,6690.0,9540.0,2980.0,,
1976-11-10,565.0,843.0,481.0,6010.0,9470.0,3410.0,,
1976-11-11,786.0,560.0,490.0,7950.0,3020.0,2260.0,,
1976-11-12,631.0,740.0,495.0,5230.0,7310.0,3010.0,,
1976-11-15,808.0,579.0,492.0,9610.0,4300.0,2800.0,,
1976-11-16,900.0,543.0,467.0,10510.0,6740.0,3770.0,,
1976-11-17,963.0,469.0,434.0,12880.0,4180.0,2840.0,,
1976-11-18,1165.0,353.0,383.0,18830.0,2780.0,2390.0,,
1976-11-19,919.0,543.0,444.0,12360.0,8170.0,4020.0,,
1976-11-22,1057.0,450.0,419.0,13810.0,4330.0,2790.0,,
1976-11-23,688.0,741.0,464.0,6180.0,8940.0,3970.0,,
1976-11-24,968.0,476.0,451.0,12620.0,4610.0,3190.0,,
1976-11-26,945.0,438.0,459.0,9500.0,3010.0,2490.0,,
1976-11-29,636.0,813.0,442.0,5520.0,10410.0,2820.0,,
1976-11-30,614.0,796.0,481.0,5840.0,8060.0,3130.0,,
1976-12-01,899.0,528.0,475.0,13500.0,5100.0,3360.0,,
1976-12-02,763.0,667.0,483.0,9650.0,9610.0,4040.0,,
1976-12-03,982.0,479.0,462.0,14720.0,4250.0,3670.0,,
1976-12-06,1169.0,353.0,415.0,17860.0,3740.0,3230.0,,
1976-12-07,855.0,662.0,441.0,11870.0,9540.0,4730.0,,
1976-12-08,968.0,505.0,444.0,14840.0,5740.0,3980.0,,
1976-12-09,1039.0,482.0,403.0,20950.0,7300.0,3550.0,,
1976-12-10,904.0,594.0,430.0,13090.0,7960.0,4910.0,,
1976-12-13,877.0,636.0,444.0,12360.0,7950.0,4520.0,,
1976-12-14,863.0,620.0,459.0,13510.0,7710.0,3910.0,,
1976-12-15,896.0,636.0,448.0,13210.0,10080.0,5010.0,,
1976-12-16,647.0,851.0,445.0,8930.0,11570.0,3420.0,,
1976-12-17,690.0,782.0,476.0,7470.0,11560.0,4840.0,,
1976-12-20,523.0,1004.0,427.0,5460.0,11590.0,3640.0,,
1976-12-21,826.0,661.0,474.0,13560.0,6800.0,4030.0,,
1976-12-22,985.0,509.0,449.0,16450.0,5950.0,4570.0,,
1976-12-23,726.0,786.0,447.0,10420.0,9980.0,4160.0,,
1976-12-27,1110.0,409.0,389.0,14020.0,2790.0,3320.0,,
1976-12-28,1050.0,450.0,441.0,16920.0,4940.0,3930.0,,
1976-12-29,708.0,749.0,502.0,7720.0,9630.0,4560.0,,
1976-12-30,1061.0,433.0,457.0,14750.0,4320.0,4630.0,,
1976-12-31,1125.0,394.0,393.0,12490.0,3460.0,3220.0,,
1977-01-03,861.0,645.0,438.0,9290.0,8520.0,3470.0,,
1977-01-04,588.0,965.0,386.0,5910.0,14150.0,2680.0,,
1977-01-05,491.0,1047.0,397.0,5540.0,15770.0,3700.0,,
1977-01-06,949.0,548.0,461.0,13490.0,6880.0,3550.0,,
1977-01-07,843.0,635.0,456.0,12120.0,6620.0,2980.0,,
1977-01-10,813.0,677.0,450.0,9700.0,7740.0,3420.0,,
1977-01-11,452.0,1077.0,391.0,4260.0,16950.0,2890.0,,
1977-01-12,410.0,1140.0,384.0,6110.0,13440.0,3120.0,,
1977-01-13,1038.0,451.0,414.0,17850.0,3790.0,3140.0,,
1977-01-14,817.0,622.0,458.0,12560.0,7710.0,4210.0,,
1977-01-17,656.0,799.0,455.0,7630.0,9680.0,3750.0,,
1977-01-18,634.0,850.0,454.0,7940.0,13470.0,2970.0,,
1977-01-19,998.0,503.0,402.0,17710.0,6080.0,3330.0,,
1977-01-20,547.0,914.0,456.0,7430.0,15310.0,3780.0,,
1977-01-21,928.0,567.0,423.0,14480.0,6240.0,3210.0,,
1977-01-24,804.0,685.0,424.0,11750.0,7850.0,3290.0,,
1977-01-25,882.0,583.0,459.0,13970.0,9120.0,3250.0,,
1977-01-26,549.0,907.0,449.0,7590.0,16870.0,3380.0,,
1977-01-27,492.0,957.0,436.0,6280.0,14190.0,3890.0,,
1977-01-28,699.0,777.0,402.0,9790.0,9740.0,3170.0,,
1977-01-31,603.0,922.0,376.0,8340.0,11600.0,2980.0,,
1977-02-01,923.0,529.0,440.0,14340.0,5790.0,3570.0,,
1977-02-02,729.0,723.0,440.0,11570.0,10760.0,3370.0,,
1977-02-03,542.0,877.0,457.0,7770.0,12700.0,3320.0,,
1977-02-04,844.0,601.0,437.0,12030.0,7530.0,3570.0,,
1977-02-07,735.0,693.0,467.0,9050.0,8350.0,3300.0,,
1977-02-08,671.0,737.0,493.0,8500.0,11450.0,4090.0,,
1977-02-09,405.0,1029.0,449.0,4780.0,15590.0,3270.0,,
1977-02-10,728.0,722.0,438.0,10340.0,8980.0,3020.0,,
1977-02-11,540.0,864.0,467.0,4430.0,12210.0,3870.0,,
1977-02-14,738.0,701.0,442.0,9180.0,6640.0,3410.0,,
1977-02-15,840.0,602.0,462.0,10740.0,7610.0,3270.0,,
1977-02-16,884.0,572.0,445.0,13160.0,6280.0,3990.0,,
1977-02-17,480.0,918.0,482.0,4010.0,11220.0,3810.0,,
1977-02-18,573.0,798.0,492.0,5940.0,8400.0,3700.0,,
1977-02-22,670.0,780.0,469.0,6850.0,7330.0,3550.0,,
1977-02-23,609.0,796.0,477.0,5950.0,8610.0,3680.0,,
1977-02-24,459.0,992.0,440.0,4050.0,12330.0,3350.0,,
1977-02-25,555.0,841.0,478.0,6170.0,8360.0,3080.0,,
1977-02-28,709.0,694.0,472.0,7010.0,5670.0,3540.0,,
1977-03-01,1041.0,409.0,422.0,13800.0,2750.0,2930.0,,
1977-03-02,682.0,701.0,484.0,6200.0,8300.0,3510.0,,
1977-03-03,811.0,563.0,499.0,9610.0,4430.0,3520.0,,
1977-03-04,873.0,501.0,488.0,11130.0,4330.0,3490.0,,
1977-03-07,791.0,623.0,492.0,8060.0,6060.0,3290.0,,
1977-03-08,650.0,761.0,492.0,5980.0,10200.0,3340.0,,
1977-03-09,433.0,995.0,450.0,4250.0,12640.0,2790.0,,
1977-03-10,822.0,566.0,488.0,10960.0,4900.0,2760.0,,
1977-03-11,796.0,584.0,475.0,9030.0,6400.0,2800.0,,
1977-03-14,896.0,545.0,464.0,12360.0,4060.0,2870.0,,
1977-03-15,964.0,514.0,452.0,14240.0,5580.0,4120.0,,
1977-03-16,809.0,630.0,461.0,12070.0,6080.0,3990.0,,
1977-03-17,676.0,709.0,498.0,8540.0,8410.0,3750.0,,
1977-03-18,650.0,729.0,501.0,7580.0,9290.0,2970.0,,
1977-03-21,552.0,894.0,459.0,4970.0,10330.0,2740.0,,
1977-03-22,562.0,801.0,505.0,6070.0,8680.0,3910.0,,
1977-03-23,474.0,895.0,521.0,5080.0,11490.0,2790.0,,
1977-03-24,506.0,870.0,506.0,5890.0,10280.0,3480.0,,
1977-03-25,513.0,893.0,473.0,3980.0,9800.0,2770.0,,
1977-03-28,480.0,882.0,509.0,5670.0,7970.0,3070.0,,
1977-03-29,866.0,508.0,491.0,10860.0,3530.0,2640.0,,
1977-03-30,375.0,1051.0,459.0,2620.0,13390.0,2800.0,,
1977-03-31,601.0,759.0,483.0,5920.0,7780.0,2810.0,,
1977-04-01,972.0,438.0,439.0,11540.0,3040.0,2470.0,,
1977-04-04,442.0,994.0,442.0,3190.0,10640.0,2420.0,,
1977-04-05,485.0,888.0,484.0,5090.0,9880.0,3360.0,,
1977-04-06,651.0,691.0,507.0,6210.0,7560.0,2830.0,,
1977-04-07,779.0,580.0,504.0,8560.0,5660.0,3040.0,,
1977-04-11,857.0,536.0,495.0,10210.0,4360.0,3080.0,,
1977-04-12,1192.0,312.0,397.0,19690.0,2300.0,1770.0,,
1977-04-13,780.0,625.0,498.0,10420.0,7420.0,3960.0,,
1977-04-14,1142.0,370.0,403.0,21500.0,4960.0,4030.0,,
1977-04-15,754.0,686.0,470.0,9630.0,7340.0,3260.0,,
1977-04-18,610.0,811.0,490.0,5720.0,9160.0,2950.0,,
1977-04-19,653.0,805.0,455.0,6710.0,9710.0,3090.0,,
1977-04-20,886.0,538.0,470.0,14910.0,7040.0,3140.0,,
1977-04-21,564.0,907.0,419.0,5760.0,13090.0,3890.0,,
1977-04-22,383.0,1098.0,400.0,2650.0,15900.0,2150.0,,
1977-04-25,304.0,1213.0,382.0,2970.0,15010.0,2460.0,,
1977-04-26,611.0,742.0,532.0,7300.0,8990.0,3750.0,,
1977-04-27,1068.0,372.0,446.0,14540.0,3560.0,2490.0,,
1977-04-28,784.0,632.0,457.0,9370.0,5960.0,3040.0,,
1977-04-29,838.0,545.0,497.0,8560.0,6280.0,3490.0,,
1977-05-02,891.0,488.0,492.0,10850.0,4100.0,3020.0,,
1977-05-03,963.0,475.0,451.0,14080.0,4380.0,3490.0,,
1977-05-04,922.0,499.0,482.0,15100.0,5010.0,3220.0,,
1977-05-05,825.0,610.0,479.0,12810.0,6890.0,3750.0,,
1977-05-06,595.0,802.0,488.0,6770.0,9410.0,3190.0,,
1977-05-09,607.0,743.0,509.0,5920.0,6380.0,2930.0,,
1977-05-10,855.0,578.0,470.0,12510.0,5550.0,3030.0,,
1977-05-11,533.0,874.0,497.0,5700.0,9810.0,3470.0,,
1977-05-12,652.0,708.0,522.0,10020.0,8460.0,3500.0,,
1977-05-13,859.0,537.0,495.0,11430.0,4840.0,3510.0,,
1977-05-16,930.0,530.0,454.0,12410.0,5680.0,3080.0,,
1977-05-17,751.0,661.0,483.0,10830.0,7460.0,4000.0,,
1977-05-18,965.0,467.0,482.0,17700.0,6150.0,3950.0,,
1977-05-19,607.0,773.0,517.0,6950.0,10070.0,4260.0,,
1977-05-20,592.0,797.0,493.0,6370.0,9040.0,3540.0,,
1977-05-23,327.0,1175.0,405.0,1990.0,13740.0,2560.0,,
1977-05-24,415.0,1055.0,444.0,4460.0,12030.0,3560.0,,
1977-05-25,411.0,1073.0,431.0,3080.0,15320.0,2310.0,,
1977-05-26,628.0,775.0,479.0,9240.0,6890.0,2490.0,,
1977-05-27,503.0,862.0,509.0,3810.0,9370.0,2550.0,,
1977-05-31,509.0,902.0,457.0,6180.0,8600.0,3020.0,,
1977-06-01,973.0,442.0,482.0,12370.0,3240.0,2710.0,,
1977-06-02,698.0,695.0,494.0,7250.0,7920.0,3450.0,,
1977-06-03,1025.0,394.0,449.0,13840.0,3910.0,2580.0,,
1977-06-06,599.0,775.0,514.0,5890.0,9710.0,3330.0,,
1977-06-07,782.0,592.0,495.0,11510.0,6060.0,3540.0,,
1977-06-08,963.0,473.0,462.0,13540.0,5140.0,3520.0,,
1977-06-09,755.0,652.0,468.0,10090.0,7090.0,2220.0,,
1977-06-10,860.0,542.0,467.0,11720.0,5720.0,3190.0,,
1977-06-13,782.0,599.0,504.0,10370.0,5950.0,3930.0,,
1977-06-14,1072.0,422.0,443.0,18230.0,4440.0,2720.0,,
1977-06-15,726.0,704.0,486.0,8400.0,9940.0,4300.0,,
1977-06-16,799.0,574.0,511.0,13080.0,5930.0,5300.0,,
1977-06-17,807.0,563.0,514.0,12980.0,5340.0,3640.0,,
1977-06-20,911.0,513.0,460.0,13390.0,5090.0,4470.0,,
1977-06-21,876.0,561.0,485.0,15800.0,8850.0,5080.0,,
1977-06-22,669.0,782.0,459.0,9500.0,11480.0,4090.0,,
1977-06-23,865.0,504.0,541.0,12640.0,7140.0,4550.0,,
1977-06-24,975.0,469.0,437.0,17510.0,5160.0,3820.0,,
1977-06-27,710.0,708.0,455.0,8560.0,7960.0,3350.0,,
1977-06-28,524.0,920.0,443.0,5380.0,14000.0,3290.0,,
1977-06-29,670.0,716.0,486.0,8130.0,7980.0,2890.0,,
1977-06-30,845.0,546.0,463.0,9870.0,5840.0,3700.0,,
1977-07-01,674.0,694.0,473.0,5450.0,9170.0,3540.0,,
1977-07-05,749.0,645.0,477.0,7480.0,6520.0,2850.0,,
1977-07-06,577.0,848.0,475.0,5960.0,11950.0,3320.0,,
1977-07-07,795.0,604.0,489.0,11550.0,5990.0,4200.0,,
1977-07-08,796.0,570.0,508.0,10700.0,8710.0,4410.0,,
1977-07-11,683.0,736.0,478.0,7070.0,8940.0,3780.0,,
1977-07-12,680.0,744.0,476.0,8580.0,10600.0,3290.0,,
1977-07-13,695.0,704.0,480.0,11510.0,7950.0,3700.0,,
1977-07-15,896.0,572.0,459.0,16070.0,8550.0,4500.0,,
1977-07-18,937.0,530.0,436.0,16460.0,7060.0,3370.0,,
1977-07-19,954.0,539.0,427.0,20130.0,7840.0,3960.0,,
1977-07-20,768.0,703.0,444.0,12370.0,12480.0,4530.0,,
1977-07-21,655.0,765.0,481.0,9850.0,12000.0,5030.0,,
1977-07-22,789.0,624.0,476.0,10830.0,8770.0,3510.0,,
1977-07-25,470.0,952.0,453.0,4430.0,13270.0,2730.0,,
1977-07-26,479.0,946.0,485.0,5730.0,12160.0,3500.0,,
1977-07-27,262.0,1327.0,320.0,2070.0,22030.0,2340.0,,
1977-07-28,609.0,839.0,432.0,11010.0,11560.0,3770.0,,
1977-07-29,630.0,785.0,465.0,7520.0,8970.0,3860.0,,
1977-08-01,828.0,604.0,441.0,8350.0,6330.0,3240.0,,
1977-08-02,430.0,998.0,462.0,2600.0,12280.0,3030.0,,
1977-08-03,486.0,909.0,483.0,6620.0,10390.0,4160.0,,
1977-08-04,901.0,473.0,497.0,11630.0,4430.0,2810.0,,
1977-08-05,777.0,636.0,451.0,9070.0,7440.0,3430.0,,
1977-08-08,475.0,950.0,450.0,3420.0,10240.0,2210.0,,
1977-08-09,682.0,687.0,515.0,8820.0,7140.0,3940.0,,
1977-08-10,908.0,490.0,492.0,12090.0,2950.0,3240.0,,
1977-08-11,594.0,784.0,489.0,6100.0,12660.0,2980.0,,
1977-08-12,469.0,893.0,480.0,4570.0,8610.0,3690.0,,
1977-08-15,649.0,738.0,488.0,7450.0,5880.0,2420.0,,
1977-08-16,572.0,813.0,492.0,5260.0,11060.0,3020.0,,
1977-08-17,582.0,735.0,539.0,8140.0,8620.0,4160.0,,
1977-08-18,658.0,695.0,510.0,9650.0,7770.0,3620.0,,
1977-08-19,558.0,765.0,535.0,7140.0,9880.0,3780.0,,
1977-08-22,719.0,672.0,498.0,9080.0,5960.0,2830.0,,
1977-08-23,695.0,712.0,480.0,9010.0,8040.0,3240.0,,
1977-08-24,575.0,844.0,461.0,5050.0,9950.0,3170.0,,
1977-08-25,379.0,1013.0,471.0,3080.0,13140.0,3180.0,,
1977-08-26,550.0,787.0,521.0,6630.0,8450.0,3400.0,,
1977-08-29,1011.0,389.0,467.0,10430.0,2620.0,2230.0,,
1977-08-30,555.0,781.0,530.0,5130.0,9990.0,3100.0,,
1977-08-31,686.0,697.0,494.0,8310.0,7480.0,3290.0,,
1977-09-01,854.0,514.0,472.0,9680.0,6070.0,3070.0,,
1977-09-02,934.0,413.0,484.0,10450.0,2680.0,2490.0,,
1977-09-06,737.0,605.0,509.0,7380.0,5430.0,3320.0,,
1977-09-07,774.0,599.0,520.0,9840.0,5040.0,3190.0,,
1977-09-08,534.0,849.0,507.0,4310.0,10780.0,3200.0,,
1977-09-09,388.0,1032.0,461.0,2550.0,12920.0,2630.0,,
1977-09-12,495.0,893.0,489.0,4810.0,10560.0,3330.0,,
1977-09-13,609.0,706.0,528.0,5620.0,6470.0,2810.0,,
1977-09-14,823.0,547.0,479.0,10050.0,4270.0,3010.0,,
1977-09-15,917.0,539.0,406.0,9650.0,4780.0,3800.0,,
1977-09-16,664.0,720.0,480.0,6460.0,8800.0,3080.0,,
1977-09-19,449.0,935.0,518.0,4050.0,10080.0,2760.0,,
1977-09-20,583.0,748.0,538.0,7190.0,7800.0,4040.0,,
1977-09-21,461.0,985.0,458.0,4630.0,14500.0,3070.0,,
1977-09-22,571.0,735.0,515.0,6760.0,6690.0,3210.0,,
1977-09-23,679.0,671.0,515.0,7360.0,7350.0,4050.0,,
1977-09-26,624.0,724.0,516.0,8060.0,5880.0,4290.0,,
1977-09-27,617.0,701.0,541.0,6370.0,8820.0,3890.0,,
1977-09-28,613.0,715.0,520.0,7270.0,6850.0,3840.0,,
1977-09-29,864.0,483.0,495.0,13500.0,4800.0,2860.0,,
1977-09-30,1041.0,386.0,436.0,14710.0,3620.0,2840.0,,
1977-10-03,875.0,553.0,457.0,9910.0,6180.0,3370.0,,
1977-10-04,603.0,796.0,484.0,5600.0,11760.0,3490.0,,
1977-10-05,527.0,789.0,549.0,5700.0,9230.0,3370.0,,
1977-10-06,779.0,581.0,524.0,9620.0,5280.0,3590.0,,
1977-10-07,740.0,617.0,507.0,7000.0,6440.0,2810.0,,
1977-10-10,567.0,735.0,528.0,3530.0,4660.0,2390.0,,
1977-10-11,442.0,972.0,455.0,3730.0,11430.0,2710.0,,
1977-10-12,252.0,1251.0,382.0,2040.0,17320.0,3080.0,,
1977-10-13,321.0,1121.0,430.0,4060.0,16300.0,3510.0,,
1977-10-14,658.0,699.0,498.0,8260.0,8710.0,3440.0,,
1977-10-17,553.0,848.0,465.0,6700.0,7750.0,2890.0,,
1977-10-18,697.0,622.0,560.0,8260.0,7190.0,4680.0,,
1977-10-19,426.0,962.0,475.0,4100.0,14880.0,3050.0,,
1977-10-20,680.0,733.0,452.0,9860.0,7410.0,3250.0,,
1977-10-21,594.0,793.0,474.0,6910.0,9840.0,3480.0,,
1977-10-24,450.0,972.0,447.0,3480.0,12960.0,2770.0,,
1977-10-25,336.0,1154.0,394.0,4220.0,16270.0,3100.0,,
1977-10-26,1006.0,454.0,419.0,16240.0,5200.0,3420.0,,
1977-10-27,926.0,488.0,435.0,12740.0,6180.0,3000.0,,
1977-10-28,838.0,531.0,484.0,9920.0,4720.0,3410.0,,
1977-10-31,658.0,698.0,503.0,6290.0,7220.0,3560.0,,
1977-11-01,358.0,1103.0,396.0,2840.0,12320.0,2010.0,,
1977-11-02,451.0,966.0,463.0,4820.0,11760.0,4180.0,,
1977-11-03,655.0,670.0,521.0,8790.0,6260.0,3040.0,,
1977-11-04,1115.0,353.0,388.0,16340.0,3340.0,2020.0,,
1977-11-07,1059.0,394.0,397.0,13890.0,5030.0,2350.0,,
1977-11-08,790.0,560.0,506.0,9490.0,5750.0,3970.0,,
1977-11-09,887.0,509.0,457.0,12420.0,5310.0,3600.0,,
1977-11-10,1376.0,229.0,323.0,26740.0,2970.0,2270.0,,
1977-11-11,1237.0,313.0,315.0,26930.0,4720.0,3610.0,,
1977-11-14,679.0,817.0,399.0,6720.0,12720.0,3780.0,,
1977-11-15,978.0,486.0,436.0,18530.0,5600.0,3610.0,,
1977-11-16,700.0,764.0,427.0,9510.0,11640.0,3800.0,,
1977-11-17,654.0,743.0,480.0,11650.0,9350.0,4110.0,,
1977-11-18,821.0,586.0,446.0,12590.0,7470.0,3870.0,,
1977-11-21,704.0,681.0,493.0,8220.0,8190.0,3700.0,,
1977-11-22,1062.0,432.0,393.0,18400.0,4500.0,5700.0,,
1977-11-23,1048.0,441.0,412.0,19440.0,5590.0,4120.0,,
1977-11-25,871.0,518.0,434.0,10160.0,4550.0,3200.0,,
1977-11-28,604.0,862.0,437.0,5710.0,11910.0,3950.0,,
1977-11-29,361.0,1169.0,389.0,2880.0,17530.0,2540.0,,
1977-11-30,752.0,676.0,465.0,11950.0,6870.0,3850.0,,
1977-12-01,844.0,596.0,443.0,10620.0,9750.0,3850.0,,
1977-12-02,777.0,640.0,475.0,9350.0,7700.0,4110.0,,
1977-12-05,591.0,854.0,465.0,5920.0,10360.0,2880.0,,
1977-12-06,255.0,1350.0,322.0,1760.0,20370.0,1640.0,,
1977-12-07,579.0,821.0,509.0,7500.0,9520.0,4030.0,,
1977-12-08,750.0,593.0,534.0,8300.0,7370.0,4730.0,,
1977-12-09,897.0,501.0,486.0,12160.0,3730.0,3320.0,,
1977-12-12,731.0,685.0,521.0,7350.0,7080.0,3750.0,,
1977-12-13,628.0,776.0,514.0,7310.0,7950.0,3930.0,,
1977-12-14,763.0,653.0,485.0,10980.0,6610.0,4520.0,,
1977-12-15,661.0,755.0,496.0,6240.0,12010.0,3360.0,,
1977-12-16,650.0,727.0,527.0,7100.0,8590.0,4580.0,,
1977-12-19,412.0,1063.0,457.0,3290.0,13400.0,4460.0,,
1977-12-20,456.0,963.0,505.0,6440.0,12560.0,4250.0,,
1977-12-21,883.0,561.0,455.0,14540.0,5840.0,4130.0,,
1977-12-22,939.0,577.0,441.0,18390.0,5280.0,4430.0,,
1977-12-23,1053.0,413.0,401.0,13900.0,2770.0,3410.0,,
1977-12-27,649.0,769.0,469.0,6070.0,6710.0,3970.0,,
1977-12-28,719.0,663.0,535.0,8290.0,6590.0,4750.0,,
1977-12-29,801.0,616.0,500.0,12100.0,6540.0,4970.0,,
1977-12-30,813.0,653.0,442.0,11470.0,7510.0,4580.0,,
1978-01-03,426.0,1055.0,392.0,2240.0,13490.0,1990.0,,
1978-01-04,503.0,933.0,441.0,7550.0,12530.0,4010.0,,
1978-01-05,559.0,845.0,499.0,4770.0,14240.0,4560.0,,
1978-01-06,257.0,1279.0,351.0,3070.0,19700.0,3380.0,,
1978-01-09,273.0,1307.0,322.0,3650.0,22040.0,2300.0,,
1978-01-10,438.0,1029.0,423.0,7320.0,13620.0,4240.0,,
1978-01-11,541.0,881.0,445.0,6020.0,13060.0,3800.0,,
1978-01-12,753.0,606.0,492.0,10670.0,7980.0,4080.0,,
1978-01-13,751.0,606.0,488.0,7400.0,7360.0,3250.0,,
1978-01-16,471.0,938.0,463.0,5550.0,10230.0,2980.0,,
1978-01-17,920.0,490.0,437.0,11910.0,4580.0,2870.0,,
1978-01-18,1024.0,414.0,440.0,14290.0,3300.0,3800.0,,
1978-01-19,671.0,711.0,483.0,7280.0,10740.0,3480.0,,
1978-01-20,538.0,622.0,520.0,2400.0,3360.0,1820.0,,
1978-01-23,453.0,929.0,485.0,4920.0,11680.0,2780.0,,
1978-01-24,678.0,695.0,492.0,7630.0,7450.0,3610.0,,
1978-01-25,750.0,582.0,493.0,9520.0,6000.0,3170.0,,
1978-01-26,461.0,893.0,465.0,4450.0,12370.0,2780.0,,
1978-01-27,577.0,733.0,478.0,7680.0,6790.0,3130.0,,
1978-01-30,873.0,506.0,465.0,10030.0,4550.0,2820.0,,
1978-01-31,689.0,676.0,480.0,7690.0,8730.0,3450.0,,
1978-02-01,943.0,430.0,469.0,14170.0,4220.0,3850.0,,
1978-02-02,899.0,498.0,439.0,11630.0,8000.0,3410.0,,
1978-02-03,684.0,637.0,488.0,7670.0,8650.0,3080.0,,
1978-02-06,571.0,659.0,513.0,4450.0,4780.0,2400.0,,
1978-02-07,872.0,409.0,469.0,10070.0,2330.0,2330.0,,
1978-02-08,959.0,451.0,442.0,13020.0,5170.0,3110.0,,
1978-02-09,570.0,787.0,467.0,6010.0,8930.0,3000.0,,
1978-02-10,678.0,690.0,461.0,8290.0,7910.0,3280.0,,
1978-02-13,580.0,794.0,462.0,5460.0,8550.0,2800.0,,
1978-02-14,418.0,984.0,436.0,4680.0,13420.0,2370.0,,
1978-02-15,487.0,830.0,492.0,6310.0,10580.0,3280.0,,
1978-02-16,383.0,1041.0,435.0,3780.0,15210.0,2580.0,,
1978-02-17,689.0,662.0,471.0,6580.0,8100.0,3820.0,,
1978-02-21,496.0,925.0,447.0,5820.0,12890.0,3180.0,,
1978-02-22,733.0,611.0,493.0,8040.0,6610.0,3800.0,,
1978-02-23,726.0,606.0,507.0,8830.0,6160.0,3730.0,,
1978-02-24,1021.0,405.0,401.0,15930.0,3620.0,2960.0,,
1978-02-27,536.0,850.0,483.0,4140.0,12310.0,3540.0,,
1978-02-28,396.0,1039.0,449.0,3860.0,12880.0,3010.0,,
1978-03-01,658.0,669.0,513.0,9280.0,7160.0,4570.0,,
1978-03-02,743.0,570.0,535.0,10380.0,6010.0,3890.0,,
1978-03-03,754.0,543.0,528.0,9770.0,6100.0,4250.0,,
1978-03-06,445.0,891.0,503.0,4090.0,9880.0,3260.0,,
1978-03-07,847.0,512.0,486.0,12410.0,4310.0,3180.0,,
1978-03-08,890.0,454.0,505.0,12620.0,4680.0,4730.0,,
1978-03-09,849.0,480.0,498.0,10890.0,6380.0,4550.0,,
1978-03-10,1147.0,327.0,379.0,20330.0,3880.0,2880.0,,
1978-03-13,787.0,603.0,457.0,11590.0,8780.0,3700.0,,
1978-03-14,800.0,555.0,499.0,13020.0,7000.0,4280.0,,
1978-03-15,685.0,709.0,470.0,9960.0,9160.0,4220.0,,
1978-03-16,845.0,513.0,480.0,14560.0,5680.0,5160.0,,
1978-03-17,1011.0,434.0,397.0,20040.0,5100.0,3330.0,,
1978-03-20,1014.0,472.0,387.0,18000.0,6180.0,4180.0,,
1978-03-21,491.0,932.0,452.0,5070.0,15700.0,3640.0,,
1978-03-22,556.0,790.0,482.0,7710.0,10660.0,3580.0,,
1978-03-23,717.0,609.0,505.0,10050.0,7730.0,3510.0,,
1978-03-27,578.0,765.0,509.0,5250.0,9790.0,3830.0,,
1978-03-28,909.0,504.0,457.0,14440.0,4360.0,2800.0,,
1978-03-29,883.0,507.0,491.0,14070.0,6610.0,4770.0,,
1978-03-30,599.0,754.0,500.0,6610.0,8990.0,4860.0,,
1978-03-31,587.0,755.0,485.0,7620.0,9090.0,3420.0,,
1978-04-03,405.0,1071.0,423.0,3240.0,14480.0,2510.0,,
1978-04-04,841.0,506.0,501.0,11480.0,4890.0,3760.0,,
1978-04-05,1027.0,428.0,425.0,18860.0,4740.0,3660.0,,
1978-04-06,821.0,601.0,437.0,13290.0,9300.0,4770.0,,
1978-04-07,878.0,543.0,429.0,15610.0,5480.0,4070.0,,
1978-04-10,793.0,618.0,463.0,13690.0,7590.0,4460.0,,
1978-04-11,614.0,750.0,503.0,8270.0,10470.0,5560.0,,
1978-04-12,742.0,637.0,482.0,13100.0,9090.0,4020.0,,
1978-04-13,1039.0,407.0,429.0,22830.0,4660.0,4090.0,,
1978-04-14,1238.0,350.0,330.0,43480.0,4740.0,4060.0,,
1978-04-17,1061.0,542.0,345.0,43100.0,13400.0,7010.0,,
1978-04-18,441.0,1108.0,387.0,8600.0,26460.0,3890.0,,
1978-04-19,878.0,623.0,427.0,21240.0,9190.0,4630.0,,
1978-04-20,1031.0,475.0,409.0,27770.0,9020.0,6440.0,,
1978-04-21,724.0,715.0,465.0,12940.0,12090.0,6510.0,,
1978-04-24,1029.0,469.0,408.0,25210.0,4860.0,4440.0,,
1978-04-25,989.0,593.0,364.0,36660.0,13240.0,5900.0,,
1978-04-26,773.0,749.0,409.0,20880.0,17030.0,6520.0,,
1978-04-27,448.0,1044.0,420.0,8660.0,22150.0,4660.0,,
1978-04-28,940.0,532.0,451.0,22730.0,5940.0,4180.0,,
1978-05-01,1008.0,517.0,404.0,26590.0,6640.0,3790.0,,
1978-05-02,676.0,810.0,428.0,17190.0,17460.0,6750.0,,
1978-05-03,577.0,898.0,444.0,13610.0,19150.0,4800.0,,
1978-05-04,692.0,774.0,426.0,18260.0,14210.0,5050.0,,
1978-05-05,1005.0,496.0,409.0,29480.0,8390.0,4810.0,,
1978-05-08,699.0,806.0,423.0,13310.0,16360.0,5010.0,,
1978-05-09,692.0,790.0,445.0,12410.0,13450.0,5000.0,,
1978-05-10,805.0,597.0,508.0,18170.0,10580.0,4580.0,,
1978-05-11,1010.0,514.0,390.0,26630.0,5820.0,4180.0,,
1978-05-12,1018.0,503.0,396.0,32370.0,8660.0,5570.0,,
1978-05-15,827.0,651.0,451.0,19140.0,9560.0,5190.0,,
1978-05-16,997.0,533.0,435.0,31180.0,10720.0,6270.0,,
1978-05-17,793.0,684.0,428.0,24240.0,16330.0,4920.0,,
1978-05-18,581.0,949.0,377.0,12920.0,24470.0,4890.0,,
1978-05-19,580.0,893.0,433.0,13200.0,16690.0,4470.0,,
1978-05-22,942.0,568.0,408.0,19460.0,5910.0,3310.0,,
1978-05-23,497.0,1003.0,425.0,9060.0,19860.0,4310.0,,
1978-05-24,323.0,1230.0,351.0,5880.0,22750.0,2820.0,,
1978-05-25,685.0,779.0,445.0,11560.0,12030.0,4820.0,,
1978-05-26,600.0,814.0,463.0,7820.0,9030.0,4560.0,,
1978-05-30,741.0,629.0,461.0,11120.0,6120.0,3800.0,,
1978-05-31,941.0,531.0,424.0,17010.0,7620.0,4440.0,,
1978-06-01,715.0,722.0,461.0,13520.0,10830.0,4400.0,,
1978-06-02,927.0,541.0,423.0,21290.0,6700.0,3870.0,,
1978-06-05,1160.0,405.0,356.0,31790.0,4970.0,2820.0,,
1978-06-06,1032.0,561.0,348.0,31530.0,14020.0,6420.0,,
1978-06-07,726.0,787.0,414.0,15220.0,13160.0,4680.0,,
1978-06-08,883.0,599.0,439.0,21550.0,12140.0,5690.0,,
1978-06-09,706.0,729.0,457.0,13980.0,12820.0,5670.0,,
1978-06-12,648.0,831.0,437.0,10180.0,14560.0,4700.0,,
1978-06-13,660.0,837.0,412.0,13700.0,12490.0,4570.0,,
1978-06-14,798.0,674.0,449.0,18440.0,13540.0,5310.0,,
1978-06-15,359.0,1132.0,389.0,5740.0,20780.0,2760.0,,
1978-06-16,359.0,1099.0,417.0,4880.0,19150.0,3680.0,,
1978-06-19,515.0,1016.0,378.0,9430.0,12330.0,3740.0,,
1978-06-20,422.0,1086.0,409.0,6320.0,17920.0,3680.0,,
1978-06-21,348.0,1154.0,378.0,6430.0,19160.0,3510.0,,
1978-06-22,755.0,650.0,454.0,15790.0,6550.0,4820.0,,
1978-06-23,699.0,747.0,442.0,13240.0,11230.0,4060.0,,
1978-06-26,316.0,1214.0,367.0,3990.0,22920.0,2340.0,,
1978-06-27,643.0,787.0,462.0,12230.0,11980.0,5070.0,,
1978-06-28,828.0,573.0,469.0,13430.0,6160.0,3670.0,,
1978-06-29,831.0,585.0,463.0,11310.0,6890.0,3470.0,,
1978-06-30,689.0,662.0,484.0,7430.0,7270.0,3400.0,,
1978-07-03,588.0,729.0,474.0,3130.0,6290.0,2140.0,,
1978-07-05,379.0,1119.0,373.0,5050.0,16000.0,2680.0,,
1978-07-06,602.0,843.0,443.0,9170.0,12040.0,3780.0,,
1978-07-07,971.0,458.0,440.0,14790.0,5430.0,3250.0,,
1978-07-10,808.0,645.0,445.0,12060.0,6970.0,3440.0,,
1978-07-11,945.0,526.0,415.0,17010.0,7050.0,3410.0,,
1978-07-12,883.0,514.0,483.0,15590.0,6980.0,4070.0,,
1978-07-13,695.0,722.0,460.0,10090.0,8390.0,5130.0,,
1978-07-14,1073.0,419.0,392.0,21440.0,3980.0,2950.0,,
1978-07-17,914.0,590.0,416.0,14540.0,10130.0,4510.0,,
1978-07-18,492.0,969.0,440.0,5540.0,14020.0,3300.0,,
1978-07-19,994.0,448.0,435.0,24730.0,3740.0,2380.0,,
1978-07-20,823.0,657.0,417.0,15190.0,13710.0,4450.0,,
1978-07-21,577.0,868.0,443.0,7710.0,14650.0,3720.0,,
1978-07-24,624.0,829.0,433.0,9480.0,10090.0,3710.0,,
1978-07-25,909.0,517.0,436.0,16920.0,4780.0,3700.0,,
1978-07-26,980.0,476.0,439.0,23440.0,8250.0,5140.0,,
1978-07-27,1018.0,491.0,389.0,22200.0,8140.0,3650.0,,
1978-07-28,968.0,535.0,385.0,20530.0,8220.0,4670.0,,
1978-07-31,1081.0,478.0,368.0,22660.0,6040.0,5290.0,,
1978-08-01,842.0,679.0,373.0,16100.0,13620.0,5090.0,,
1978-08-02,1292.0,322.0,320.0,38700.0,4080.0,4690.0,,
1978-08-03,1007.0,636.0,321.0,37890.0,19760.0,8720.0,,
1978-08-04,891.0,670.0,383.0,21390.0,10840.0,5740.0,,
1978-08-07,876.0,648.0,404.0,14780.0,13460.0,5110.0,,
1978-08-08,915.0,594.0,418.0,21070.0,8900.0,4320.0,,
1978-08-09,1118.0,510.0,328.0,31370.0,12660.0,4770.0,,
1978-08-10,635.0,898.0,381.0,12240.0,22790.0,4800.0,,
1978-08-11,871.0,618.0,411.0,19820.0,8750.0,5060.0,,
1978-08-14,854.0,672.0,395.0,17190.0,10930.0,4200.0,,
1978-08-15,608.0,875.0,415.0,11560.0,14410.0,3790.0,,
1978-08-16,1016.0,528.0,374.0,24040.0,7990.0,4090.0,,
1978-08-17,1026.0,529.0,359.0,29240.0,11970.0,4150.0,,
1978-08-18,730.0,774.0,387.0,15570.0,14790.0,4390.0,,
1978-08-21,430.0,1091.0,375.0,6400.0,19200.0,3840.0,,
1978-08-22,761.0,701.0,428.0,15070.0,9760.0,4790.0,,
1978-08-23,1030.0,483.0,390.0,27130.0,8090.0,4410.0,,
1978-08-24,884.0,609.0,411.0,23180.0,10400.0,4990.0,,
1978-08-25,766.0,753.0,412.0,17990.0,13320.0,4880.0,,
1978-08-28,514.0,1060.0,354.0,11150.0,16910.0,3700.0,,
1978-08-29,569.0,961.0,401.0,13290.0,16350.0,4140.0,,
1978-08-30,807.0,678.0,402.0,18880.0,13530.0,5340.0,,
1978-08-31,659.0,826.0,396.0,15140.0,14700.0,4080.0,,
1978-09-01,871.0,593.0,438.0,17830.0,12190.0,5050.0,,
1978-09-05,844.0,653.0,418.0,18910.0,9110.0,4150.0,,
1978-09-06,1137.0,431.0,387.0,30260.0,8230.0,4110.0,,
1978-09-07,890.0,602.0,426.0,22040.0,12390.0,5950.0,,
1978-09-08,1161.0,424.0,349.0,30730.0,6000.0,5440.0,,
1978-09-11,960.0,604.0,367.0,23830.0,11250.0,4590.0,,
1978-09-12,707.0,767.0,454.0,15860.0,13050.0,5490.0,,
1978-09-13,712.0,867.0,373.0,18030.0,19780.0,5530.0,,
1978-09-14,382.0,1198.0,349.0,10610.0,23930.0,2930.0,,
1978-09-15,368.0,1200.0,359.0,9480.0,24440.0,3370.0,,
1978-09-18,389.0,1191.0,344.0,5550.0,26380.0,3930.0,,
1978-09-19,420.0,1106.0,388.0,6980.0,20570.0,4110.0,,
1978-09-20,354.0,1161.0,380.0,5060.0,25570.0,4450.0,,
1978-09-21,613.0,897.0,366.0,15460.0,13650.0,4630.0,,
1978-09-22,807.0,652.0,422.0,13340.0,10800.0,3820.0,,
1978-09-25,656.0,802.0,423.0,8760.0,8650.0,3560.0,,
1978-09-26,1001.0,460.0,421.0,18440.0,4900.0,2990.0,,
1978-09-27,511.0,974.0,407.0,5010.0,20160.0,3200.0,,
1978-09-28,695.0,742.0,430.0,12800.0,7660.0,3930.0,,
1978-09-29,941.0,504.0,439.0,14010.0,5790.0,3810.0,,
1978-10-02,784.0,614.0,442.0,9340.0,6170.0,3190.0,,
1978-10-03,641.0,827.0,400.0,7960.0,11410.0,3170.0,,
1978-10-04,738.0,702.0,456.0,13640.0,7130.0,4320.0,,
1978-10-05,878.0,591.0,430.0,15290.0,8770.0,3880.0,,
1978-10-06,830.0,623.0,433.0,13720.0,9440.0,4220.0,,
1978-10-09,1015.0,441.0,390.0,13930.0,3140.0,2650.0,,
1978-10-10,720.0,752.0,434.0,10320.0,11590.0,3560.0,,
1978-10-11,802.0,592.0,459.0,12500.0,5610.0,3630.0,,
1978-10-12,663.0,811.0,419.0,10040.0,15230.0,5060.0,,
1978-10-13,534.0,870.0,488.0,7930.0,10240.0,3750.0,,
1978-10-16,224.0,1376.0,320.0,1570.0,20850.0,2180.0,,
1978-10-17,145.0,1546.0,236.0,2190.0,33570.0,2110.0,,
1978-10-18,300.0,1219.0,372.0,6110.0,23510.0,3320.0,,
1978-10-19,273.0,1261.0,371.0,3950.0,24160.0,3700.0,,
1978-10-20,144.0,1561.0,229.0,3150.0,38400.0,2120.0,,
1978-10-23,522.0,1052.0,356.0,14220.0,18020.0,3850.0,,
1978-10-24,665.0,841.0,395.0,7780.0,16560.0,4540.0,,
1978-10-25,634.0,846.0,398.0,10010.0,16840.0,4530.0,,
1978-10-26,163.0,1471.0,253.0,2260.0,28100.0,1630.0,,
1978-10-27,189.0,1468.0,235.0,2870.0,34620.0,3060.0,,
1978-10-30,451.0,1284.0,233.0,24650.0,30100.0,4730.0,,
1978-10-31,492.0,1118.0,329.0,5810.0,33660.0,3250.0,,
1978-11-01,1506.0,235.0,192.0,47640.0,1700.0,1110.0,,
1978-11-02,677.0,878.0,361.0,9870.0,25970.0,5190.0,,
1978-11-03,833.0,657.0,401.0,14420.0,8280.0,3290.0,,
1978-11-06,600.0,906.0,381.0,5350.0,12260.0,2840.0,,
1978-11-07,206.0,1421.0,267.0,1980.0,21030.0,2310.0,,
1978-11-08,688.0,768.0,399.0,12780.0,7320.0,3460.0,,
1978-11-09,890.0,564.0,405.0,10360.0,9130.0,3830.0,,
1978-11-10,974.0,469.0,407.0,10540.0,3670.0,2540.0,,
1978-11-13,301.0,1263.0,327.0,1800.0,17420.0,1740.0,,
1978-11-14,251.0,1325.0,329.0,4230.0,23680.0,2700.0,,
1978-11-15,901.0,556.0,440.0,14850.0,7750.0,3680.0,,
1978-11-16,950.0,495.0,440.0,14700.0,3800.0,2840.0,,
1978-11-17,1133.0,360.0,387.0,17920.0,4000.0,3250.0,,
1978-11-20,1120.0,420.0,361.0,17160.0,4320.0,2960.0,,
1978-11-21,744.0,665.0,470.0,7730.0,9090.0,3930.0,,
1978-11-22,971.0,499.0,407.0,12710.0,4510.0,2790.0,,
1978-11-24,879.0,460.0,454.0,9730.0,2560.0,2300.0,,
1978-11-27,837.0,629.0,416.0,10120.0,6740.0,2930.0,,
1978-11-28,532.0,906.0,442.0,4750.0,14910.0,3080.0,,
1978-11-29,267.0,1262.0,349.0,2790.0,16320.0,2050.0,,
1978-11-30,924.0,513.0,429.0,13620.0,3500.0,2780.0,,
1978-12-01,1293.0,270.0,327.0,21980.0,2890.0,1960.0,,
1978-12-04,804.0,660.0,444.0,9660.0,9100.0,3260.0,,
1978-12-05,1106.0,421.0,390.0,19220.0,3890.0,2560.0,,
1978-12-06,889.0,588.0,451.0,12970.0,11610.0,5100.0,,
1978-12-07,614.0,829.0,454.0,6240.0,11390.0,3540.0,,
1978-12-08,535.0,860.0,466.0,4920.0,10160.0,3480.0,,
1978-12-11,837.0,656.0,436.0,11880.0,5400.0,3720.0,,
1978-12-12,521.0,941.0,458.0,5110.0,13060.0,4040.0,,
1978-12-13,458.0,1008.0,443.0,5710.0,13330.0,3440.0,,
1978-12-14,578.0,890.0,448.0,7990.0,8830.0,4020.0,,
1978-12-15,418.0,1065.0,444.0,5000.0,14690.0,3930.0,,
1978-12-18,132.0,1580.0,224.0,1420.0,30020.0,1460.0,,
1978-12-19,816.0,642.0,472.0,14060.0,7190.0,5710.0,,
1978-12-20,818.0,662.0,471.0,13430.0,8370.0,3720.0,,
1978-12-21,822.0,687.0,432.0,13540.0,9260.0,5870.0,,
1978-12-22,1228.0,316.0,353.0,19410.0,2350.0,2030.0,,
1978-12-26,879.0,557.0,433.0,13350.0,4820.0,3300.0,,
1978-12-27,455.0,1043.0,449.0,4800.0,14960.0,3820.0,,
1978-12-28,465.0,1049.0,447.0,6600.0,14450.0,4390.0,,
1978-12-29,800.0,758.0,422.0,12440.0,11630.0,5960.0,,
1979-01-02,1017.0,466.0,360.0,10860.0,4790.0,2690.0,,
1979-01-03,1349.0,263.0,284.0,24140.0,2730.0,2310.0,,
1979-01-04,1242.0,340.0,330.0,23960.0,4950.0,4380.0,,
1979-01-05,1160.0,386.0,361.0,19250.0,5920.0,3720.0,,
1979-01-08,586.0,873.0,428.0,6590.0,11350.0,3500.0,,
1979-01-09,1003.0,468.0,424.0,18270.0,5460.0,3610.0,,
1979-01-10,583.0,861.0,438.0,7780.0,13660.0,3550.0,,
1979-01-11,736.0,648.0,460.0,13690.0,7120.0,3770.0,,
1979-01-12,1195.0,334.0,341.0,28330.0,4950.0,3840.0,,
1979-01-15,906.0,571.0,395.0,17590.0,6220.0,3710.0,,
1979-01-16,433.0,1101.0,368.0,5260.0,22360.0,2720.0,,
1979-01-17,595.0,857.0,402.0,11890.0,10220.0,3200.0,,
1979-01-18,921.0,520.0,411.0,15710.0,8300.0,3250.0,,
1979-01-19,792.0,606.0,461.0,12360.0,9940.0,4500.0,,
1979-01-22,664.0,773.0,434.0,9920.0,11060.0,3410.0,,
1979-01-23,957.0,515.0,406.0,19390.0,7470.0,3270.0,,
1979-01-24,665.0,828.0,396.0,11860.0,14960.0,4910.0,,
1979-01-25,1042.0,450.0,388.0,23360.0,5160.0,2920.0,,
1979-01-26,980.0,500.0,414.0,22130.0,7520.0,4580.0,,
1979-01-29,706.0,763.0,435.0,9540.0,10930.0,3700.0,,
1979-01-30,608.0,786.0,478.0,8330.0,13750.0,4830.0,,
1979-01-31,472.0,1041.0,370.0,6390.0,20090.0,3850.0,,
1979-02-01,637.0,760.0,460.0,11760.0,11400.0,4770.0,,
1979-02-02,655.0,736.0,444.0,9530.0,12410.0,3410.0,,
1979-02-05,324.0,1259.0,294.0,3830.0,20510.0,2150.0,,
1979-02-06,693.0,722.0,447.0,11030.0,8530.0,4010.0,,
1979-02-07,316.0,1185.0,357.0,5380.0,20010.0,3060.0,,
1979-02-08,887.0,526.0,432.0,14720.0,5560.0,3080.0,,
1979-02-09,804.0,551.0,471.0,12400.0,7800.0,4120.0,,
1979-02-12,643.0,736.0,458.0,9900.0,6620.0,4090.0,,
1979-02-13,1058.0,405.0,386.0,20220.0,4180.0,4070.0,,
1979-02-14,707.0,702.0,436.0,11270.0,11820.0,4130.0,,
1979-02-15,598.0,797.0,450.0,8690.0,10400.0,3460.0,,
1979-02-16,725.0,654.0,466.0,9590.0,7600.0,3920.0,,
1979-02-20,877.0,541.0,432.0,13740.0,4750.0,3520.0,,
1979-02-21,660.0,745.0,462.0,9850.0,12190.0,4010.0,,
1979-02-22,487.0,901.0,456.0,5970.0,16570.0,3750.0,,
1979-02-23,461.0,922.0,438.0,5290.0,14580.0,2880.0,,
1979-02-26,574.0,760.0,495.0,7640.0,10570.0,4410.0,,
1979-02-27,189.0,1409.0,284.0,2140.0,27250.0,2080.0,,
1979-02-28,655.0,736.0,443.0,12420.0,8570.0,4100.0,,
1979-03-01,945.0,443.0,434.0,16060.0,4370.0,3400.0,,
1979-03-02,797.0,599.0,449.0,11980.0,7290.0,3860.0,,
1979-03-05,1113.0,361.0,388.0,19520.0,3210.0,2960.0,,
1979-03-06,604.0,737.0,529.0,9090.0,10700.0,4700.0,,
1979-03-07,1034.0,383.0,419.0,20320.0,4710.0,3900.0,,
1979-03-08,1041.0,441.0,383.0,24310.0,4100.0,3590.0,,
1979-03-09,807.0,643.0,428.0,14480.0,14330.0,4600.0,,
1979-03-12,718.0,683.0,451.0,14050.0,7480.0,4210.0,,
1979-03-13,869.0,586.0,418.0,17930.0,9230.0,4010.0,,
1979-03-14,691.0,717.0,448.0,9880.0,10800.0,3950.0,,
1979-03-15,773.0,602.0,482.0,17780.0,7330.0,4260.0,,
1979-03-16,944.0,484.0,418.0,21890.0,6240.0,3570.0,,
1979-03-19,891.0,594.0,416.0,18690.0,11020.0,4910.0,,
1979-03-20,523.0,886.0,481.0,7440.0,16010.0,3730.0,,
1979-03-21,893.0,540.0,439.0,20660.0,6370.0,4090.0,,
1979-03-22,928.0,508.0,452.0,21320.0,7890.0,5170.0,,
1979-03-23,764.0,667.0,471.0,11960.0,10000.0,11610.0,,
1979-03-26,521.0,929.0,437.0,6790.0,13280.0,3360.0,,
1979-03-27,1091.0,413.0,401.0,26280.0,4260.0,2400.0,,
1979-03-28,747.0,786.0,389.0,14200.0,20920.0,4800.0,,
1979-03-29,758.0,637.0,484.0,14240.0,9850.0,4420.0,,
1979-03-30,662.0,757.0,485.0,12610.0,13240.0,4120.0,,
1979-04-02,438.0,1052.0,397.0,6220.0,19640.0,3130.0,,
1979-04-03,1176.0,363.0,372.0,25160.0,4380.0,3990.0,,
1979-04-04,929.0,582.0,418.0,22670.0,12990.0,6280.0,,
1979-04-05,911.0,566.0,427.0,20990.0,8910.0,4620.0,,
1979-04-06,750.0,691.0,463.0,15710.0,11890.0,7110.0,,
1979-04-09,576.0,903.0,438.0,9320.0,14080.0,3830.0,,
1979-04-10,885.0,547.0,463.0,19820.0,6970.0,5110.0,,
1979-04-11,461.0,991.0,432.0,7080.0,21010.0,4810.0,,
1979-04-12,609.0,788.0,482.0,10140.0,10510.0,6130.0,,
1979-04-16,362.0,1154.0,392.0,5960.0,19280.0,2810.0,,
1979-04-17,644.0,785.0,478.0,12280.0,12520.0,4460.0,,
1979-04-18,928.0,499.0,473.0,18350.0,7080.0,4080.0,,
1979-04-19,620.0,807.0,479.0,10880.0,16130.0,4140.0,,
1979-04-20,656.0,724.0,500.0,14260.0,10670.0,3900.0,,
1979-04-23,778.0,644.0,482.0,12750.0,9330.0,3530.0,,
1979-04-24,922.0,545.0,450.0,21480.0,8790.0,5270.0,,
1979-04-25,796.0,627.0,472.0,17760.0,9880.0,4110.0,,
1979-04-26,519.0,913.0,438.0,10390.0,17350.0,4660.0,,
1979-04-27,534.0,905.0,484.0,12680.0,12680.0,4250.0,,
1979-04-30,644.0,760.0,494.0,9880.0,11500.0,5060.0,,
1979-05-01,738.0,710.0,446.0,13440.0,13060.0,4540.0,,
1979-05-02,663.0,715.0,495.0,12310.0,13070.0,5130.0,,
1979-05-03,689.0,702.0,493.0,13300.0,12380.0,5190.0,,
1979-05-04,378.0,1067.0,449.0,5900.0,21480.0,3250.0,,
1979-05-07,193.0,1430.0,298.0,1200.0,27210.0,2070.0,,
1979-05-08,518.0,937.0,449.0,12780.0,15790.0,4150.0,,
1979-05-09,903.0,568.0,425.0,14290.0,9180.0,4200.0,,
1979-05-10,430.0,1046.0,412.0,4570.0,17880.0,2780.0,,
1979-05-11,716.0,650.0,484.0,11730.0,7840.0,4440.0,,
1979-05-14,512.0,905.0,473.0,7220.0,11660.0,3570.0,,
1979-05-15,702.0,683.0,510.0,12160.0,8710.0,5320.0,,
1979-05-16,694.0,668.0,509.0,14930.0,8370.0,5050.0,,
1979-05-17,1169.0,354.0,382.0,24940.0,3100.0,2510.0,,
1979-05-18,835.0,637.0,431.0,13290.0,10050.0,3250.0,,
1979-05-21,838.0,610.0,445.0,15100.0,7550.0,2900.0,,
1979-05-22,906.0,571.0,431.0,18080.0,8490.0,3830.0,,
1979-05-23,718.0,734.0,429.0,12150.0,14350.0,3890.0,,
1979-05-24,811.0,640.0,437.0,13800.0,8100.0,3810.0,,
1979-05-25,877.0,566.0,434.0,16500.0,7420.0,3890.0,,
1979-05-29,663.0,798.0,454.0,9690.0,12190.0,5160.0,,
1979-05-30,354.0,1126.0,402.0,5290.0,20920.0,3040.0,,
1979-05-31,729.0,751.0,407.0,15790.0,10670.0,3840.0,,
1979-06-01,761.0,644.0,480.0,12250.0,8230.0,4080.0,,
1979-06-04,759.0,664.0,460.0,11410.0,8830.0,3800.0,,
1979-06-05,1103.0,381.0,437.0,27450.0,3230.0,4370.0,,
1979-06-06,1003.0,575.0,344.0,26150.0,9000.0,4680.0,,
1979-06-07,1019.0,500.0,396.0,28270.0,9890.0,5220.0,,
1979-06-08,714.0,708.0,481.0,12610.0,13890.0,4970.0,,
1979-06-11,761.0,687.0,440.0,16320.0,7870.0,4080.0,,
1979-06-12,1247.0,368.0,327.0,34400.0,7660.0,3390.0,,
1979-06-13,791.0,719.0,426.0,19460.0,15990.0,5290.0,,
1979-06-14,645.0,839.0,404.0,16780.0,16000.0,5070.0,,
1979-06-15,765.0,657.0,452.0,16240.0,11870.0,12630.0,,
1979-06-18,558.0,872.0,463.0,9530.0,16730.0,4710.0,,
1979-06-19,747.0,696.0,454.0,14270.0,11800.0,4710.0,,
1979-06-20,781.0,634.0,508.0,18060.0,10640.0,5090.0,,
1979-06-21,876.0,566.0,451.0,20830.0,11040.0,4620.0,,
1979-06-22,894.0,592.0,413.0,22060.0,10370.0,3980.0,,
1979-06-25,515.0,979.0,401.0,8540.0,18410.0,4380.0,,
1979-06-26,582.0,856.0,453.0,10890.0,17910.0,5880.0,,
1979-06-27,869.0,522.0,492.0,21770.0,9060.0,5890.0,,
1979-06-28,886.0,544.0,447.0,24590.0,9280.0,4600.0,,
1979-06-29,755.0,731.0,388.0,15720.0,14370.0,4600.0,,
1979-07-02,431.0,1102.0,355.0,5740.0,22390.0,3930.0,,
1979-07-03,826.0,590.0,480.0,16750.0,9650.0,5270.0,,
1979-07-05,862.0,539.0,465.0,17360.0,8030.0,4900.0,,
1979-07-06,1084.0,389.0,419.0,27320.0,6310.0,4940.0,,
1979-07-09,1004.0,496.0,417.0,27630.0,10020.0,4810.0,,
1979-07-10,666.0,820.0,434.0,13550.0,19470.0,6710.0,,
1979-07-11,577.0,884.0,420.0,12930.0,19050.0,4670.0,,
1979-07-12,481.0,967.0,420.0,7070.0,20080.0,4630.0,,
1979-07-13,524.0,900.0,466.0,10360.0,17780.0,4940.0,,
1979-07-16,824.0,594.0,455.0,15760.0,6900.0,3960.0,,
1979-07-17,424.0,1066.0,400.0,5570.0,23770.0,4930.0,,
1979-07-18,469.0,976.0,431.0,12950.0,18040.0,4960.0,,
1979-07-19,790.0,614.0,472.0,11640.0,10640.0,4500.0,,
1979-07-20,777.0,605.0,488.0,13530.0,8530.0,13890.0,,
1979-07-23,572.0,834.0,449.0,10400.0,12430.0,4030.0,,
1979-07-24,820.0,594.0,477.0,14230.0,8680.0,6780.0,,
1979-07-25,1088.0,407.0,385.0,24990.0,5540.0,4360.0,,
1979-07-26,802.0,598.0,454.0,16060.0,10510.0,5700.0,,
1979-07-27,778.0,576.0,497.0,13030.0,8930.0,5800.0,,
1979-07-30,776.0,663.0,433.0,14910.0,9780.0,3950.0,,
1979-07-31,998.0,480.0,418.0,21170.0,8520.0,4670.0,,
1979-08-01,894.0,570.0,412.0,20050.0,10360.0,6160.0,,
1979-08-02,822.0,653.0,400.0,18810.0,14590.0,4320.0,,
1979-08-03,660.0,745.0,451.0,11640.0,12010.0,4510.0,,
1979-08-06,761.0,651.0,460.0,13940.0,8540.0,4710.0,,
1979-08-07,1153.0,403.0,345.0,35080.0,6570.0,3760.0,,
1979-08-08,932.0,526.0,416.0,24770.0,13120.0,7080.0,,
1979-08-09,672.0,766.0,446.0,13010.0,16020.0,5600.0,,
1979-08-10,995.0,458.0,419.0,26100.0,6230.0,4410.0,,
1979-08-13,1091.0,449.0,366.0,28830.0,8070.0,5080.0,,
1979-08-14,845.0,650.0,420.0,19600.0,15100.0,6210.0,,
1979-08-15,933.0,531.0,426.0,30130.0,10720.0,5280.0,,
1979-08-16,702.0,789.0,422.0,18720.0,21870.0,6410.0,,
1979-08-17,691.0,732.0,469.0,15830.0,11220.0,4580.0,,
1979-08-20,818.0,648.0,433.0,19960.0,7940.0,4400.0,,
1979-08-21,727.0,723.0,458.0,19190.0,13390.0,6280.0,,
1979-08-22,749.0,688.0,457.0,20290.0,13040.0,5120.0,,
1979-08-23,632.0,839.0,404.0,14920.0,15630.0,5160.0,,
1979-08-24,624.0,818.0,455.0,14050.0,13850.0,4830.0,,
1979-08-27,920.0,581.0,402.0,19880.0,7160.0,5010.0,,
1979-08-28,671.0,744.0,464.0,12850.0,11230.0,5350.0,,
1979-08-29,715.0,726.0,426.0,15750.0,10750.0,4310.0,,
1979-08-30,710.0,725.0,439.0,13910.0,10450.0,4940.0,,
1979-08-31,869.0,543.0,440.0,15880.0,6260.0,4230.0,,
1979-09-04,308.0,1246.0,317.0,3880.0,25690.0,3780.0,,
1979-09-05,216.0,1416.0,273.0,5760.0,32790.0,3100.0,,
1979-09-06,915.0,577.0,390.0,17510.0,8330.0,4490.0,,
1979-09-07,821.0,595.0,450.0,20690.0,9190.0,4480.0,,
1979-09-10,824.0,608.0,429.0,19840.0,8520.0,4620.0,,
1979-09-11,468.0,1050.0,397.0,11590.0,25790.0,5150.0,,
1979-09-12,816.0,655.0,404.0,23380.0,11820.0,4150.0,,
1979-09-13,746.0,718.0,421.0,17230.0,12910.0,5100.0,,
1979-09-14,1010.0,482.0,362.0,29450.0,7770.0,4760.0,,
1979-09-17,666.0,781.0,457.0,15040.0,17730.0,4840.0,,
1979-09-18,368.0,1140.0,397.0,8380.0,26150.0,4220.0,,
1979-09-19,700.0,711.0,470.0,17630.0,12710.0,5030.0,,
1979-09-20,918.0,576.0,391.0,29840.0,10900.0,4360.0,,
1979-09-21,850.0,668.0,402.0,25670.0,19570.0,7140.0,,
1979-09-24,475.0,1043.0,383.0,9240.0,20820.0,3730.0,,
1979-09-25,610.0,874.0,428.0,14260.0,12600.0,5550.0,,
1979-09-26,847.0,571.0,464.0,20600.0,11610.0,5490.0,,
1979-09-27,663.0,737.0,468.0,16430.0,11600.0,5080.0,,
1979-09-28,512.0,931.0,404.0,10520.0,21410.0,4020.0,,
1979-10-01,441.0,1012.0,408.0,6650.0,15510.0,2820.0,,
1979-10-02,932.0,548.0,419.0,24800.0,8900.0,4610.0,,
1979-10-03,836.0,638.0,426.0,18350.0,13960.0,4160.0,,
1979-10-04,890.0,602.0,420.0,23700.0,10140.0,4960.0,,
1979-10-05,975.0,531.0,405.0,31600.0,10320.0,6330.0,,
1979-10-08,300.0,1266.0,322.0,3640.0,25920.0,3050.0,,
1979-10-09,74.0,1765.0,98.0,720.0,54490.0,350.0,,
1979-10-10,133.0,1657.0,137.0,10090.0,66840.0,4690.0,,
1979-10-11,872.0,707.0,335.0,22550.0,19930.0,5050.0,,
1979-10-12,756.0,737.0,403.0,12760.0,17780.0,5850.0,,
1979-10-15,266.0,1313.0,326.0,4200.0,27400.0,3250.0,,
1979-10-16,634.0,822.0,431.0,12360.0,16080.0,5330.0,,
1979-10-17,851.0,570.0,450.0,15580.0,9160.0,4910.0,,
1979-10-18,731.0,695.0,432.0,13730.0,11320.0,4540.0,,
1979-10-19,162.0,1512.0,235.0,2430.0,37400.0,2600.0,,
1979-10-22,165.0,1548.0,209.0,6700.0,35060.0,3480.0,,
1979-10-23,545.0,971.0,401.0,11580.0,16110.0,5220.0,,
1979-10-24,766.0,683.0,441.0,15160.0,11460.0,4860.0,,
1979-10-25,649.0,799.0,431.0,9010.0,14660.0,4770.0,,
1979-10-26,965.0,514.0,393.0,17500.0,8350.0,3810.0,,
1979-10-29,753.0,669.0,455.0,10650.0,8250.0,3820.0,,
1979-10-30,1146.0,348.0,367.0,22930.0,2760.0,3200.0,,
1979-10-31,645.0,788.0,442.0,7300.0,16490.0,3990.0,,
1979-11-01,916.0,511.0,419.0,16370.0,5970.0,3540.0,,
1979-11-02,829.0,622.0,413.0,10790.0,9120.0,3760.0,,
1979-11-05,411.0,1002.0,441.0,3680.0,13710.0,3080.0,,
1979-11-06,453.0,975.0,442.0,4870.0,14110.0,2980.0,,
1979-11-07,283.0,1249.0,349.0,3670.0,24940.0,2220.0,,
1979-11-08,832.0,597.0,455.0,15750.0,6560.0,3960.0,,
1979-11-09,1159.0,312.0,368.0,23600.0,3040.0,3420.0,,
1979-11-12,1150.0,368.0,343.0,21270.0,2820.0,2550.0,,
1979-11-13,705.0,766.0,416.0,10570.0,15030.0,3640.0,,
1979-11-14,830.0,609.0,450.0,18010.0,8700.0,4260.0,,
1979-11-15,986.0,493.0,419.0,21240.0,6200.0,4940.0,,
1979-11-16,587.0,848.0,442.0,10900.0,14800.0,4360.0,,
1979-11-19,799.0,670.0,435.0,19020.0,10040.0,4030.0,,
1979-11-20,578.0,891.0,413.0,11630.0,19280.0,4100.0,,
1979-11-21,682.0,781.0,425.0,18680.0,12700.0,5640.0,,
1979-11-23,946.0,467.0,432.0,15130.0,5180.0,2990.0,,
1979-11-26,1460.0,250.0,243.0,42280.0,3240.0,2420.0,,
1979-11-27,1082.0,561.0,313.0,23120.0,16880.0,5140.0,,
1979-11-28,989.0,572.0,374.0,23060.0,11940.0,4690.0,,
1979-11-29,891.0,631.0,396.0,16670.0,11740.0,5140.0,,
1979-11-30,639.0,892.0,384.0,10560.0,15670.0,4250.0,,
1979-12-03,645.0,876.0,402.0,10810.0,13420.0,4800.0,,
1979-12-04,981.0,554.0,389.0,22360.0,6590.0,4560.0,,
1979-12-05,965.0,557.0,416.0,23240.0,10730.0,5330.0,,
1979-12-06,957.0,555.0,414.0,23860.0,7600.0,6050.0,,
1979-12-07,853.0,685.0,394.0,17390.0,19430.0,5550.0,,
1979-12-10,829.0,692.0,412.0,17390.0,10070.0,4810.0,,
1979-12-11,687.0,863.0,409.0,15630.0,15970.0,4560.0,,
1979-12-12,742.0,774.0,418.0,17060.0,12830.0,4740.0,,
1979-12-13,708.0,785.0,430.0,18530.0,13070.0,5090.0,,
1979-12-14,994.0,553.0,395.0,27510.0,8690.0,5600.0,,
1979-12-17,885.0,685.0,400.0,23640.0,14150.0,6040.0,,
1979-12-18,488.0,1084.0,419.0,11360.0,26770.0,5180.0,,
1979-12-19,614.0,871.0,476.0,16400.0,18570.0,6810.0,,
1979-12-20,796.0,722.0,446.0,21010.0,13000.0,6370.0,,
1979-12-21,586.0,934.0,426.0,11680.0,19690.0,9010.0,,
1979-12-24,714.0,699.0,461.0,9190.0,6890.0,3070.0,,
1979-12-26,738.0,701.0,479.0,12670.0,7700.0,4590.0,,
1979-12-27,706.0,795.0,476.0,13460.0,11790.0,6160.0,,
1979-12-28,743.0,739.0,486.0,16050.0,12820.0,5560.0,,
1979-12-31,755.0,756.0,469.0,14740.0,11310.0,5480.0,,
1980-01-02,442.0,1148.0,325.0,8220.0,29610.0,2780.0,,
1980-01-03,455.0,1143.0,324.0,15710.0,29160.0,5610.0,,
1980-01-04,1246.0,296.0,329.0,31870.0,4680.0,2580.0,,
1980-01-07,914.0,625.0,370.0,26060.0,13640.0,4800.0,,
1980-01-08,1208.0,341.0,337.0,41680.0,7450.0,4260.0,,
1980-01-09,1034.0,524.0,359.0,34980.0,24270.0,6010.0,,
1980-01-10,1082.0,451.0,346.0,34630.0,14530.0,6820.0,,
1980-01-11,965.0,585.0,350.0,29150.0,17690.0,6050.0,,
1980-01-14,910.0,662.0,355.0,31030.0,15740.0,6160.0,,
1980-01-15,776.0,761.0,369.0,27920.0,18460.0,5940.0,,
1980-01-16,801.0,747.0,343.0,28720.0,31660.0,7320.0,,
1980-01-17,661.0,850.0,372.0,23430.0,26250.0,4490.0,,
1980-01-18,713.0,809.0,389.0,21370.0,20300.0,5480.0,,
1980-01-21,917.0,643.0,371.0,29070.0,13400.0,5570.0,,
1980-01-22,549.0,980.0,381.0,14070.0,30910.0,5640.0,,
1980-01-23,979.0,538.0,377.0,35660.0,9940.0,5130.0,,
1980-01-24,867.0,681.0,390.0,31190.0,20730.0,7150.0,,
1980-01-25,660.0,832.0,407.0,20330.0,20910.0,5860.0,,
1980-01-28,877.0,671.0,363.0,31540.0,16330.0,5750.0,,
1980-01-29,527.0,1020.0,358.0,16840.0,32260.0,6380.0,,
1980-01-30,907.0,628.0,372.0,32480.0,13990.0,4700.0,,
1980-01-31,636.0,913.0,358.0,21090.0,37310.0,7500.0,,
1980-02-01,778.0,669.0,420.0,25940.0,15050.0,5620.0,,
1980-02-04,686.0,821.0,411.0,15930.0,21420.0,5720.0,,
1980-02-05,683.0,798.0,428.0,18130.0,17440.0,6310.0,,
1980-02-06,765.0,807.0,341.0,27990.0,19300.0,4660.0,,
1980-02-07,802.0,748.0,378.0,30180.0,21580.0,5930.0,,
1980-02-08,878.0,656.0,386.0,35550.0,15420.0,6890.0,,
1980-02-11,565.0,1000.0,369.0,19120.0,32800.0,6740.0,,
1980-02-12,744.0,772.0,401.0,26770.0,16130.0,5190.0,,
1980-02-13,799.0,750.0,385.0,31230.0,27340.0,6660.0,,
1980-02-14,415.0,1104.0,353.0,10270.0,34440.0,5830.0,,
1980-02-15,382.0,1130.0,372.0,11690.0,29880.0,5110.0,,
1980-02-19,351.0,1236.0,348.0,9140.0,26410.0,3930.0,,
1980-02-20,868.0,661.0,388.0,28910.0,11500.0,3930.0,,
1980-02-21,434.0,1134.0,351.0,11840.0,35370.0,4320.0,,
1980-02-22,374.0,1155.0,370.0,15320.0,28470.0,4420.0,,
1980-02-25,315.0,1263.0,355.0,5570.0,29140.0,4430.0,,
1980-02-26,654.0,822.0,404.0,20200.0,14800.0,5000.0,,
1980-02-27,479.0,1045.0,387.0,9870.0,31520.0,5040.0,,
1980-02-28,642.0,831.0,414.0,18020.0,16720.0,5590.0,,
1980-02-29,929.0,554.0,403.0,27040.0,8540.0,3230.0,,
1980-03-03,539.0,1005.0,373.0,9840.0,25580.0,3270.0,,
1980-03-04,466.0,1077.0,378.0,14650.0,24250.0,5410.0,,
1980-03-05,285.0,1304.0,314.0,7740.0,37640.0,3860.0,,
1980-03-06,174.0,1502.0,259.0,3260.0,43430.0,2920.0,,
1980-03-07,349.0,1235.0,339.0,12010.0,33800.0,5140.0,,
1980-03-10,428.0,1185.0,303.0,11700.0,27840.0,4210.0,,
1980-03-11,1088.0,475.0,338.0,30420.0,7150.0,3780.0,,
1980-03-12,537.0,946.0,394.0,8610.0,23640.0,5740.0,,
1980-03-13,507.0,936.0,425.0,7230.0,22390.0,3450.0,,
1980-03-14,604.0,875.0,398.0,12720.0,18590.0,3870.0,,
1980-03-17,202.0,1483.0,217.0,2060.0,34040.0,920.0,,
1980-03-18,800.0,779.0,333.0,31340.0,12930.0,3070.0,,
1980-03-19,887.0,583.0,391.0,17440.0,13430.0,5650.0,,
1980-03-20,512.0,949.0,391.0,6860.0,22200.0,3520.0,,
1980-03-21,478.0,983.0,401.0,7510.0,20450.0,4260.0,,
1980-03-24,136.0,1513.0,249.0,840.0,36710.0,1680.0,,
1980-03-25,412.0,1123.0,360.0,15590.0,23260.0,4940.0,,
1980-03-26,736.0,775.0,365.0,14030.0,18970.0,4370.0,,
1980-03-27,141.0,1590.0,168.0,9680.0,52400.0,1600.0,,
1980-03-28,1401.0,267.0,203.0,41080.0,4470.0,1170.0,,
1980-03-31,1190.0,428.0,278.0,23840.0,8860.0,3140.0,,
1980-04-01,963.0,565.0,330.0,18040.0,11000.0,3190.0,,
1980-04-02,1018.0,500.0,356.0,22330.0,9800.0,3080.0,,
1980-04-03,718.0,730.0,402.0,11240.0,12410.0,4320.0,,
1980-04-07,342.0,1217.0,323.0,3710.0,23440.0,1980.0,,
1980-04-08,968.0,551.0,368.0,20770.0,7120.0,3810.0,,
1980-04-09,1159.0,358.0,357.0,24330.0,4890.0,3800.0,,
1980-04-10,1237.0,356.0,312.0,23200.0,7720.0,3020.0,,
1980-04-11,963.0,615.0,334.0,14070.0,12590.0,3300.0,,
1980-04-14,497.0,1036.0,363.0,4080.0,16390.0,2590.0,,
1980-04-15,657.0,827.0,399.0,8280.0,14090.0,4300.0,,
1980-04-16,747.0,862.0,327.0,13760.0,22130.0,3840.0,,
1980-04-17,653.0,891.0,371.0,11920.0,17300.0,3550.0,,
1980-04-18,796.0,715.0,368.0,9810.0,12920.0,4150.0,,
1980-04-21,470.0,1036.0,399.0,5180.0,18640.0,3740.0,,
1980-04-22,1402.0,261.0,255.0,42800.0,2980.0,2140.0,,
1980-04-23,1087.0,488.0,346.0,22440.0,14340.0,5840.0,,
1980-04-24,1021.0,498.0,333.0,23340.0,8470.0,3980.0,,
1980-04-25,662.0,779.0,387.0,14300.0,10140.0,4150.0,,
1980-04-28,952.0,563.0,373.0,16960.0,10500.0,3140.0,,
1980-04-29,900.0,574.0,411.0,13100.0,10840.0,4000.0,,
1980-04-30,804.0,650.0,406.0,15800.0,10230.0,4820.0,,
1980-05-01,607.0,851.0,377.0,10150.0,18380.0,3950.0,,
1980-05-02,747.0,651.0,439.0,14310.0,10510.0,3220.0,,
1980-05-05,1027.0,480.0,356.0,23340.0,7110.0,3640.0,,
1980-05-06,973.0,565.0,367.0,20190.0,15810.0,4160.0,,
1980-05-07,1144.0,443.0,318.0,31430.0,8250.0,2920.0,,
1980-05-08,765.0,796.0,357.0,13090.0,21850.0,4340.0,,
1980-05-09,511.0,996.0,387.0,6170.0,20910.0,3200.0,,
1980-05-12,721.0,783.0,358.0,14460.0,10750.0,3010.0,,
1980-05-13,1075.0,425.0,359.0,26080.0,5510.0,3870.0,,
1980-05-14,1064.0,470.0,349.0,26790.0,10320.0,3730.0,,
1980-05-15,905.0,603.0,367.0,22910.0,13720.0,4490.0,,
1980-05-16,835.0,622.0,395.0,15300.0,12310.0,4100.0,,
1980-05-19,751.0,720.0,409.0,14120.0,12410.0,4440.0,,
1980-05-20,699.0,786.0,383.0,15190.0,12700.0,3910.0,,
1980-05-21,712.0,759.0,385.0,16780.0,13840.0,4210.0,,
1980-05-22,1095.0,399.0,362.0,27930.0,8640.0,4470.0,,
1980-05-23,1207.0,388.0,320.0,34850.0,6620.0,4320.0,,
1980-05-27,1011.0,512.0,373.0,25660.0,11070.0,4080.0,,
1980-05-28,839.0,671.0,413.0,22280.0,11080.0,5220.0,,
1980-05-29,506.0,1045.0,327.0,9440.0,29490.0,3070.0,,
1980-05-30,837.0,610.0,419.0,22740.0,8870.0,3210.0,,
1980-06-02,693.0,809.0,409.0,12650.0,15380.0,4680.0,,
1980-06-03,650.0,774.0,463.0,13040.0,15570.0,4540.0,,
1980-06-04,1161.0,381.0,346.0,34930.0,5770.0,3480.0,,
1980-06-05,931.0,586.0,376.0,26920.0,15780.0,6370.0,,
1980-06-06,913.0,550.0,431.0,23050.0,9150.0,5030.0,,
1980-06-09,837.0,671.0,394.0,20110.0,12120.0,4590.0,,
1980-06-10,969.0,550.0,410.0,26620.0,9900.0,5510.0,,
1980-06-11,983.0,559.0,388.0,28570.0,9880.0,5350.0,,
1980-06-12,694.0,811.0,399.0,17400.0,24820.0,5080.0,,
1980-06-13,1097.0,483.0,352.0,27870.0,9940.0,4070.0,,
1980-06-16,813.0,704.0,397.0,19480.0,12600.0,4110.0,,
1980-06-17,856.0,662.0,416.0,20580.0,15640.0,5770.0,,
1980-06-18,706.0,786.0,426.0,17680.0,18290.0,5990.0,,
1980-06-19,477.0,1063.0,356.0,8290.0,26480.0,3510.0,,
1980-06-20,563.0,890.0,431.0,13110.0,18210.0,5210.0,,
1980-06-23,839.0,602.0,448.0,18990.0,9900.0,5290.0,,
1980-06-24,883.0,569.0,439.0,22110.0,10520.0,5100.0,,
1980-06-25,1078.0,465.0,359.0,33890.0,8270.0,4340.0,,
1980-06-26,679.0,821.0,390.0,18960.0,22040.0,4110.0,,
1980-06-27,666.0,784.0,442.0,13670.0,15040.0,4400.0,,
1980-06-30,361.0,1175.0,336.0,5160.0,21930.0,2820.0,,
1980-07-01,834.0,641.0,419.0,20150.0,8830.0,5360.0,,
1980-07-02,926.0,540.0,417.0,26620.0,11570.0,4760.0,,
1980-07-03,1152.0,384.0,348.0,37260.0,5820.0,4150.0,,
1980-07-07,1035.0,501.0,370.0,26640.0,11030.0,4870.0,,
1980-07-08,758.0,787.0,368.0,19450.0,22250.0,4130.0,,
1980-07-09,836.0,670.0,380.0,27980.0,16820.0,7210.0,,
1980-07-10,568.0,907.0,416.0,13070.0,22070.0,8590.0,,
1980-07-11,914.0,592.0,396.0,22870.0,9540.0,5900.0,,
1980-07-14,1206.0,381.0,316.0,35050.0,6210.0,4240.0,,
1980-07-15,825.0,725.0,376.0,24120.0,30350.0,6450.0,,
1980-07-16,875.0,639.0,390.0,24860.0,17770.0,6510.0,,
1980-07-17,1077.0,445.0,363.0,34720.0,8360.0,5770.0,,
1980-07-18,953.0,578.0,369.0,33250.0,17600.0,7190.0,,
1980-07-21,820.0,724.0,376.0,21400.0,15990.0,5360.0,,
1980-07-22,760.0,761.0,402.0,21400.0,23800.0,7030.0,,
1980-07-23,644.0,873.0,398.0,17290.0,23980.0,4620.0,,
1980-07-24,684.0,792.0,422.0,17170.0,19400.0,5850.0,,
1980-07-25,469.0,1047.0,375.0,8720.0,24010.0,3520.0,,
1980-07-28,783.0,697.0,418.0,19070.0,11100.0,5160.0,,
1980-07-29,967.0,551.0,407.0,31440.0,9410.0,3990.0,,
1980-07-30,972.0,600.0,352.0,30320.0,22240.0,5500.0,,
1980-07-31,614.0,939.0,363.0,17860.0,31390.0,5360.0,,
1980-08-01,774.0,764.0,362.0,20920.0,20750.0,4770.0,,
1980-08-04,623.0,905.0,387.0,14500.0,22000.0,5050.0,,
1980-08-05,825.0,702.0,389.0,21000.0,17390.0,7120.0,,
1980-08-06,927.0,572.0,394.0,28720.0,11350.0,4980.0,,
1980-08-07,1149.0,471.0,299.0,47220.0,10010.0,4590.0,,
1980-08-08,907.0,635.0,379.0,31420.0,20590.0,6850.0,,
1980-08-11,957.0,601.0,363.0,30560.0,8910.0,5220.0,,
1980-08-12,563.0,972.0,382.0,14330.0,31520.0,6200.0,,
1980-08-13,669.0,790.0,432.0,18170.0,18490.0,7690.0,,
1980-08-14,1112.0,432.0,353.0,38240.0,5080.0,4380.0,,
1980-08-15,855.0,655.0,395.0,24200.0,14430.0,9150.0,,
1980-08-18,268.0,1392.0,266.0,5140.0,34480.0,2270.0,,
1980-08-19,458.0,1070.0,406.0,11850.0,24050.0,6030.0,,
1980-08-20,897.0,604.0,407.0,29250.0,8750.0,4560.0,,
1980-08-21,1187.0,379.0,344.0,39560.0,7070.0,4140.0,,
1980-08-22,1007.0,538.0,379.0,35880.0,15430.0,6900.0,,
1980-08-25,588.0,946.0,381.0,11230.0,19780.0,4390.0,,
1980-08-26,694.0,803.0,387.0,18240.0,17580.0,5880.0,,
1980-08-27,432.0,1111.0,371.0,11020.0,28520.0,4460.0,,
1980-08-28,386.0,1163.0,339.0,8380.0,28170.0,3340.0,,
1980-08-29,753.0,705.0,405.0,18060.0,10790.0,4660.0,,
1980-09-02,1049.0,511.0,323.0,24230.0,6560.0,4500.0,,
1980-09-03,1355.0,307.0,269.0,44400.0,5120.0,2850.0,,
1980-09-04,795.0,784.0,348.0,20870.0,31460.0,6700.0,,
1980-09-05,710.0,798.0,401.0,14450.0,17900.0,5640.0,,
1980-09-08,465.0,1124.0,335.0,11350.0,27030.0,3670.0,,
1980-09-09,840.0,689.0,389.0,26390.0,12760.0,5310.0,,
1980-09-10,1047.0,498.0,352.0,33080.0,12690.0,5660.0,,
1980-09-11,989.0,520.0,366.0,28640.0,11190.0,4940.0,,
1980-09-12,814.0,684.0,397.0,20850.0,19370.0,6960.0,,
1980-09-15,757.0,762.0,396.0,21350.0,17980.0,5300.0,,
1980-09-16,1056.0,503.0,365.0,37390.0,15000.0,4900.0,,
1980-09-17,1100.0,478.0,339.0,46870.0,11890.0,5230.0,,
1980-09-18,717.0,876.0,350.0,24420.0,30390.0,8580.0,,
1980-09-19,970.0,586.0,377.0,33750.0,12980.0,7050.0,,
1980-09-22,749.0,810.0,369.0,30190.0,18050.0,4900.0,,
1980-09-23,491.0,1153.0,308.0,18410.0,41440.0,4540.0,,
1980-09-24,603.0,939.0,381.0,26430.0,24500.0,5930.0,,
1980-09-25,485.0,1063.0,377.0,11190.0,34320.0,4000.0,,
1980-09-26,196.0,1478.0,248.0,3390.0,43640.0,2430.0,,
1980-09-29,143.0,1578.0,227.0,2469.0,42226.0,1715.0,,
1980-09-30,1133.0,447.0,347.0,31560.0,5220.0,3510.0,,
1980-10-01,907.0,627.0,361.0,28090.0,16550.0,4080.0,,
1980-10-02,955.0,581.0,360.0,29290.0,12410.0,4460.0,,
1980-10-03,1126.0,431.0,359.0,34380.0,8530.0,4600.0,,
1980-10-06,1265.0,388.0,288.0,40650.0,6100.0,3380.0,,
1980-10-07,724.0,870.0,342.0,16400.0,27390.0,6520.0,,
1980-10-08,885.0,652.0,378.0,26530.0,14880.0,5170.0,,
1980-10-09,675.0,849.0,373.0,15970.0,23670.0,4340.0,,
1980-10-10,596.0,896.0,405.0,15620.0,22630.0,5790.0,,
1980-10-13,964.0,542.0,350.0,21750.0,6180.0,3430.0,,
1980-10-14,816.0,702.0,385.0,21770.0,19930.0,7130.0,,
1980-10-15,949.0,587.0,392.0,32170.0,11030.0,5060.0,,
1980-10-16,543.0,1035.0,352.0,15550.0,42840.0,7060.0,,
1980-10-17,531.0,1005.0,374.0,14100.0,25160.0,4660.0,,
1980-10-20,744.0,774.0,411.0,21040.0,16140.0,3730.0,,
1980-10-21,572.0,935.0,416.0,14560.0,31440.0,5220.0,,
1980-10-22,735.0,754.0,418.0,21930.0,16610.0,4520.0,,
1980-10-23,380.0,1181.0,363.0,7750.0,36380.0,5070.0,,
1980-10-24,717.0,761.0,419.0,20060.0,15750.0,5240.0,,
1980-10-27,384.0,1176.0,356.0,5340.0,25900.0,3190.0,,
1980-10-28,597.0,912.0,418.0,17180.0,17630.0,5490.0,,
1980-10-29,674.0,775.0,437.0,16160.0,16320.0,4720.0,,
1980-10-30,378.0,1162.0,364.0,6040.0,28210.0,4810.0,,
1980-10-31,922.0,626.0,369.0,26120.0,9420.0,4570.0,,
1980-11-03,956.0,596.0,375.0,24180.0,7660.0,3980.0,,
1980-11-05,1215.0,429.0,320.0,61800.0,14040.0,8240.0,,
1980-11-06,268.0,1391.0,285.0,6520.0,39830.0,2540.0,,
1980-11-07,606.0,957.0,385.0,17840.0,17320.0,4910.0,,
1980-11-10,777.0,737.0,422.0,17360.0,13740.0,4620.0,,
1980-11-11,1067.0,488.0,361.0,30790.0,6720.0,4010.0,,
1980-11-12,1239.0,386.0,332.0,48654.0,6579.0,3267.0,,
1980-11-13,1135.0,469.0,382.0,54270.0,10230.0,4840.0,,
1980-11-14,869.0,696.0,383.0,39860.0,24450.0,7320.0,,
1980-11-17,638.0,941.0,389.0,25449.0,18557.0,6254.0,,
1980-11-18,1066.0,558.0,339.0,50230.0,14500.0,5650.0,,
1980-11-19,720.0,897.0,379.0,25600.0,35790.0,7840.0,,
1980-11-20,885.0,727.0,373.0,40471.0,13802.0,5907.0,,
1980-11-21,508.0,1101.0,345.0,13940.0,37170.0,4840.0,,
1980-11-24,484.0,1108.0,368.0,14310.0,32090.0,4720.0,,
1980-11-25,941.0,655.0,365.0,34400.0,15770.0,5670.0,,
1980-11-26,794.0,780.0,406.0,28220.0,22240.0,4880.0,,
1980-11-28,709.0,793.0,415.0,15610.0,14170.0,4460.0,,
1980-12-01,354.0,1327.0,310.0,6130.0,39070.0,2980.0,,
1980-12-02,543.0,1038.0,400.0,20420.0,26400.0,5520.0,,
1980-12-03,784.0,779.0,425.0,21000.0,16240.0,6190.0,,
1980-12-04,836.0,741.0,413.0,27920.0,17820.0,5430.0,,
1980-12-05,387.0,1239.0,344.0,6840.0,41790.0,3360.0,,
1980-12-08,194.0,1542.0,246.0,2120.0,48120.0,3150.0,,
1980-12-09,558.0,1045.0,392.0,18690.0,26380.0,8150.0,,
1980-12-10,401.0,1211.0,371.0,7160.0,37070.0,5630.0,,
1980-12-11,275.0,1411.0,306.0,12010.0,43010.0,5200.0,,
1980-12-12,1053.0,537.0,378.0,28730.0,6500.0,4300.0,,
1980-12-15,780.0,781.0,430.0,16190.0,17680.0,5830.0,,
1980-12-16,732.0,824.0,428.0,21930.0,15280.0,4420.0,,
1980-12-17,971.0,587.0,414.0,31290.0,11870.0,7640.0,,
1980-12-18,1093.0,561.0,333.0,37330.0,26450.0,5790.0,,
1980-12-19,1085.0,585.0,314.0,31390.0,14760.0,4620.0,,
1980-12-22,1236.0,446.0,331.0,38750.0,8940.0,4260.0,,
1980-12-23,999.0,695.0,319.0,26570.0,21520.0,7170.0,,
1980-12-24,947.0,637.0,383.0,16670.0,7970.0,4850.0,,
1980-12-26,850.0,581.0,444.0,9290.0,4060.0,2780.0,,
1980-12-29,558.0,1112.0,349.0,8790.0,23120.0,4150.0,,
1980-12-30,775.0,820.0,425.0,19190.0,15220.0,5340.0,,
1980-12-31,1037.0,592.0,389.0,24768.0,11291.0,5151.0,,
1981-01-02,1061.0,495.0,311.0,17560.0,8380.0,2930.0,,
1981-01-05,1326.0,433.0,217.0,41950.0,13890.0,2870.0,,
1981-01-06,1049.0,640.0,267.0,38500.0,23690.0,5210.0,,
1981-01-07,219.0,1552.0,170.0,5004.0,85483.0,2403.0,,
1981-01-08,574.0,1028.0,325.0,11720.0,39060.0,4570.0,,
1981-01-09,909.0,620.0,368.0,28950.0,15710.0,5530.0,,
1981-01-12,928.0,633.0,364.0,23820.0,19180.0,5760.0,,
1981-01-13,578.0,993.0,347.0,12410.0,24440.0,4040.0,,
1981-01-14,914.0,612.0,396.0,23370.0,13810.0,4210.0,,
1981-01-15,789.0,691.0,423.0,21560.0,13520.0,4560.0,,
1981-01-16,880.0,642.0,379.0,23230.0,14420.0,5610.0,,
1981-01-19,740.0,750.0,428.0,16100.0,15350.0,5020.0,,
1981-01-20,371.0,1172.0,334.0,5860.0,32590.0,3300.0,,
1981-01-21,547.0,954.0,395.0,11040.0,25150.0,3000.0,,
1981-01-22,467.0,1024.0,376.0,11040.0,25150.0,3690.0,,
1981-01-23,683.0,780.0,413.0,16580.0,16760.0,3880.0,,
1981-01-26,564.0,898.0,416.0,11940.0,20280.0,3160.0,,
1981-01-27,943.0,559.0,385.0,28170.0,8990.0,5100.0,,
1981-01-28,686.0,788.0,420.0,14320.0,18730.0,3640.0,,
1981-01-29,774.0,710.0,428.0,19120.0,14990.0,4060.0,,
1981-01-30,727.0,776.0,386.0,16840.0,19610.0,4710.0,,
1981-02-02,293.0,1320.0,303.0,3560.0,37450.0,3060.0,,
1981-02-03,914.0,606.0,364.0,31510.0,9830.0,4610.0,,
1981-02-04,923.0,554.0,415.0,24790.0,14860.0,5870.0,,
1981-02-05,1092.0,429.0,366.0,31950.0,8700.0,4670.0,,
1981-02-06,977.0,543.0,342.0,29270.0,10770.0,5780.0,,
1981-02-09,591.0,912.0,393.0,11610.0,22470.0,4250.0,,
1981-02-10,656.0,819.0,406.0,16230.0,18130.0,6460.0,,
1981-02-11,544.0,915.0,398.0,12650.0,21300.0,3820.0,,
1981-02-12,460.0,959.0,425.0,9360.0,21520.0,3820.0,,
1981-02-13,536.0,907.0,414.0,10520.0,18250.0,4590.0,,
1981-02-17,750.0,735.0,418.0,21100.0,11160.0,5680.0,,
1981-02-18,829.0,662.0,417.0,20630.0,14090.0,5690.0,,
1981-02-19,418.0,1117.0,376.0,6030.0,31810.0,3790.0,,
1981-02-20,639.0,835.0,423.0,15430.0,20410.0,6060.0,,
1981-02-23,838.0,641.0,400.0,23770.0,11660.0,4160.0,,
1981-02-24,886.0,569.0,410.0,23740.0,15720.0,4500.0,,
1981-02-25,756.0,719.0,405.0,26250.0,15460.0,4000.0,,
1981-02-26,1115.0,414.0,374.0,44710.0,10860.0,4730.0,,
1981-02-27,1032.0,466.0,360.0,36360.0,11840.0,5010.0,,
1981-03-02,947.0,618.0,346.0,30520.0,12480.0,4710.0,,
1981-03-03,635.0,867.0,394.0,14190.0,28360.0,6180.0,,
1981-03-04,813.0,668.0,400.0,28570.0,14040.0,4650.0,,
1981-03-05,720.0,767.0,428.0,18610.0,21290.0,5480.0,,
1981-03-06,796.0,677.0,406.0,20800.0,17530.0,5610.0,,
1981-03-09,992.0,564.0,352.0,32260.0,9910.0,4010.0,,
1981-03-10,730.0,802.0,393.0,20750.0,28900.0,6960.0,,
1981-03-11,655.0,870.0,374.0,17370.0,24860.0,5160.0,,
1981-03-12,1195.0,347.0,357.0,46859.0,4527.0,3254.0,,
1981-03-13,978.0,600.0,355.0,38810.0,24520.0,4960.0,,
1981-03-16,1086.0,498.0,368.0,36650.0,9810.0,3480.0,,
1981-03-17,835.0,763.0,381.0,25580.0,34400.0,5940.0,,
1981-03-18,966.0,619.0,363.0,34220.0,16850.0,4670.0,,
1981-03-19,868.0,692.0,385.0,27850.0,28910.0,5680.0,,
1981-03-20,1058.0,489.0,381.0,41850.0,15450.0,4680.0,,
1981-03-23,990.0,609.0,358.0,38390.0,13290.0,6200.0,,
1981-03-24,659.0,935.0,361.0,22040.0,37550.0,6810.0,,
1981-03-25,1097.0,510.0,337.0,44640.0,8220.0,3460.0,,
1981-03-26,703.0,860.0,368.0,22330.0,31920.0,6120.0,,
1981-03-27,498.0,1014.0,378.0,12210.0,30260.0,4460.0,,
1981-03-30,677.0,816.0,401.0,12390.0,16910.0,4200.0,,
1981-03-31,1156.0,416.0,354.0,38510.0,7350.0,5120.0,,
1981-04-01,932.0,614.0,379.0,32500.0,15810.0,6570.0,,
1981-04-02,769.0,753.0,397.0,23800.0,23480.0,5290.0,,
1981-04-03,638.0,888.0,368.0,17531.0,26244.0,4905.0,,
1981-04-06,397.0,1211.0,315.0,7290.0,32220.0,3680.0,,
1981-04-07,731.0,775.0,418.0,22170.0,17260.0,5110.0,,
1981-04-08,863.0,656.0,405.0,27850.0,15130.0,5020.0,,
1981-04-09,901.0,637.0,374.0,35591.0,18832.0,5097.0,,
1981-04-10,851.0,672.0,381.0,31500.0,19980.0,6650.0,,
1981-04-13,495.0,1107.0,314.0,11390.0,34140.0,4330.0,,
1981-04-14,556.0,942.0,391.0,16470.0,26680.0,5200.0,,
1981-04-15,1039.0,502.0,367.0,41570.0,9220.0,5250.0,,
1981-04-16,940.0,602.0,352.0,29980.0,16550.0,6420.0,,
1981-04-20,829.0,728.0,362.0,30220.0,15080.0,5720.0,,
1981-04-21,619.0,919.0,365.0,18840.0,35240.0,6200.0,,
1981-04-22,750.0,795.0,377.0,29720.0,25040.0,5900.0,,
1981-04-23,844.0,693.0,384.0,31600.0,25450.0,7150.0,,
1981-04-24,953.0,583.0,374.0,40520.0,14370.0,5110.0,,
1981-04-27,807.0,755.0,358.0,26720.0,19260.0,5100.0,,
1981-04-28,443.0,1179.0,315.0,14940.0,37390.0,5880.0,,
1981-04-29,418.0,1157.0,348.0,11170.0,37520.0,4650.0,,
1981-04-30,694.0,815.0,400.0,21680.0,20080.0,6210.0,,
1981-05-01,591.0,933.0,388.0,18870.0,23150.0,6340.0,,
1981-05-04,241.0,1441.0,259.0,3470.0,34700.0,2260.0,,
1981-05-05,474.0,1106.0,354.0,14480.0,29430.0,5090.0,,
1981-05-06,822.0,674.0,433.0,25780.0,14890.0,6430.0,,
1981-05-07,909.0,610.0,407.0,27440.0,11170.0,3980.0,,
1981-05-08,831.0,622.0,434.0,20340.0,15260.0,6260.0,,
1981-05-11,441.0,1146.0,360.0,6960.0,27720.0,2960.0,,
1981-05-12,815.0,685.0,421.0,24150.0,11890.0,4400.0,,
1981-05-13,857.0,648.0,400.0,22660.0,15020.0,4920.0,,
1981-05-14,955.0,555.0,377.0,27100.0,11660.0,3990.0,,
1981-05-15,1003.0,531.0,377.0,30620.0,10120.0,4720.0,,
1981-05-18,884.0,682.0,395.0,22270.0,14920.0,5320.0,,
1981-05-19,619.0,892.0,393.0,15440.0,21990.0,4790.0,,
1981-05-20,829.0,647.0,425.0,22850.0,13840.0,5680.0,,
1981-05-21,705.0,816.0,382.0,20770.0,20860.0,5190.0,,
1981-05-22,788.0,671.0,419.0,20100.0,15080.0,5530.0,,
1981-05-26,916.0,605.0,388.0,28310.0,10920.0,3530.0,,
1981-05-27,1039.0,527.0,370.0,38240.0,15700.0,4790.0,,
1981-05-28,900.0,657.0,371.0,28910.0,23740.0,6850.0,,
1981-05-29,772.0,802.0,369.0,21830.0,24610.0,5140.0,,
1981-06-01,927.0,689.0,332.0,30530.0,25340.0,6300.0,,
1981-06-02,478.0,1134.0,331.0,10540.0,39330.0,4060.0,,
1981-06-03,653.0,845.0,399.0,25360.0,23080.0,6260.0,,
1981-06-04,785.0,751.0,386.0,24470.0,18200.0,6270.0,,
1981-06-05,897.0,617.0,391.0,31840.0,10790.0,4550.0,,
1981-06-08,804.0,714.0,413.0,20110.0,16310.0,5160.0,,
1981-06-09,682.0,873.0,358.0,17520.0,22820.0,4260.0,,
1981-06-10,915.0,647.0,359.0,29710.0,16700.0,6790.0,,
1981-06-11,1146.0,442.0,348.0,44680.0,9160.0,5690.0,,
1981-06-12,888.0,680.0,352.0,33860.0,21680.0,5250.0,,
1981-06-15,1036.0,636.0,303.0,39490.0,18860.0,5000.0,,
1981-06-16,583.0,1022.0,347.0,14010.0,37830.0,5940.0,,
1981-06-17,782.0,751.0,376.0,29880.0,19580.0,6010.0,,
1981-06-18,459.0,1108.0,345.0,10400.0,34830.0,3170.0,,
1981-06-19,707.0,814.0,385.0,20820.0,19110.0,6500.0,,
1981-06-22,709.0,820.0,404.0,17540.0,19510.0,4740.0,,
1981-06-23,981.0,581.0,366.0,35060.0,11140.0,5640.0,,
1981-06-24,566.0,913.0,407.0,13580.0,26650.0,6420.0,,
1981-06-25,725.0,759.0,426.0,20210.0,17830.0,5880.0,,
1981-06-26,603.0,886.0,384.0,16020.0,18310.0,4910.0,,
1981-06-29,491.0,1049.0,359.0,13090.0,20980.0,3860.0,,
1981-06-30,479.0,1062.0,371.0,11340.0,25040.0,5170.0,,
1981-07-01,434.0,1120.0,345.0,13440.0,31880.0,3760.0,,
1981-07-02,450.0,1088.0,387.0,11240.0,28250.0,5610.0,,
1981-07-06,355.0,1193.0,329.0,9670.0,31290.0,3630.0,,
1981-07-07,695.0,819.0,394.0,25770.0,21480.0,6310.0,,
1981-07-08,667.0,777.0,451.0,19890.0,20130.0,5980.0,,
1981-07-09,856.0,614.0,410.0,27350.0,12940.0,5220.0,,
1981-07-10,770.0,647.0,440.0,21320.0,13460.0,5170.0,,
1981-07-13,767.0,708.0,399.0,19820.0,12090.0,6190.0,,
1981-07-14,524.0,957.0,412.0,16020.0,23260.0,5950.0,,
1981-07-15,901.0,604.0,400.0,31066.0,14290.0,3594.0,,
1981-07-16,761.0,689.0,423.0,19670.0,14990.0,4350.0,,
1981-07-17,794.0,621.0,449.0,21150.0,16110.0,5520.0,,
1981-07-20,298.0,1302.0,293.0,4790.0,33000.0,2450.0,,
1981-07-21,387.0,1088.0,389.0,15353.0,27191.0,4736.0,,
1981-07-22,498.0,951.0,433.0,10150.0,32680.0,4670.0,,
1981-07-23,597.0,872.0,412.0,19720.0,16370.0,5700.0,,
1981-07-24,947.0,478.0,414.0,23880.0,11010.0,3990.0,,
1981-07-27,958.0,550.0,411.0,25710.0,8500.0,5400.0,,
1981-07-28,544.0,894.0,436.0,11540.0,20980.0,5640.0,,
1981-07-29,695.0,734.0,439.0,17400.0,15800.0,4410.0,,
1981-07-30,896.0,560.0,416.0,27080.0,9740.0,4740.0,,
1981-07-31,986.0,509.0,384.0,29690.0,8060.0,5730.0,,
1981-08-03,569.0,929.0,369.0,15961.0,19006.0,4683.0,,
1981-08-04,698.0,743.0,440.0,20557.0,13923.0,4980.0,,
1981-08-05,951.0,545.0,401.0,35596.0,14507.0,4187.0,,
1981-08-06,830.0,644.0,405.0,28418.0,18703.0,4949.0,,
1981-08-07,552.0,857.0,449.0,12574.0,19987.0,5809.0,,
1981-08-10,696.0,748.0,443.0,21503.0,12535.0,4332.0,,
1981-08-11,918.0,569.0,408.0,35150.0,11550.0,5900.0,,
1981-08-12,760.0,721.0,400.0,23040.0,23990.0,6620.0,,
1981-08-13,701.0,715.0,458.0,22350.0,14700.0,5410.0,,
1981-08-14,553.0,904.0,419.0,14500.0,22780.0,5300.0,,
1981-08-17,391.0,1149.0,358.0,9220.0,26530.0,5090.0,,
1981-08-18,378.0,1157.0,354.0,9030.0,32330.0,5910.0,,
1981-08-19,741.0,706.0,439.0,18600.0,14790.0,6000.0,,
1981-08-20,775.0,635.0,473.0,19680.0,13570.0,5020.0,,
1981-08-21,422.0,1009.0,448.0,7660.0,25630.0,4380.0,,
1981-08-24,150.0,1555.0,221.0,1164.0,44187.0,1399.0,,
1981-08-25,373.0,1218.0,317.0,18180.0,28180.0,8240.0,,
1981-08-26,652.0,807.0,417.0,18230.0,17360.0,4390.0,,
1981-08-27,411.0,1073.0,413.0,7720.0,31050.0,5130.0,,
1981-08-28,779.0,644.0,446.0,20280.0,12610.0,5130.0,,
1981-08-31,495.0,1017.0,383.0,7480.0,28560.0,4320.0,,
1981-09-01,598.0,863.0,421.0,20390.0,19650.0,5070.0,,
1981-09-02,861.0,564.0,442.0,20000.0,12330.0,5240.0,,
1981-09-03,305.0,1237.0,329.0,4180.0,34980.0,2570.0,,
1981-09-04,422.0,1080.0,380.0,10050.0,28640.0,4070.0,,
1981-09-08,212.0,1405.0,277.0,4820.0,39360.0,3160.0,,
1981-09-09,822.0,642.0,383.0,26690.0,12570.0,4650.0,,
1981-09-10,1164.0,399.0,339.0,35740.0,6960.0,4730.0,,
1981-09-11,1125.0,399.0,358.0,29360.0,8250.0,4560.0,,
1981-09-14,599.0,930.0,368.0,8650.0,21600.0,3790.0,,
1981-09-15,634.0,820.0,442.0,11490.0,21810.0,5280.0,,
1981-09-16,415.0,1102.0,379.0,8810.0,30820.0,4030.0,,
1981-09-17,368.0,1157.0,383.0,6560.0,37790.0,3950.0,,
1981-09-18,472.0,1027.0,387.0,11900.0,30200.0,5250.0,,
1981-09-21,789.0,711.0,378.0,26590.0,13410.0,4570.0,,
1981-09-22,665.0,815.0,420.0,13570.0,26160.0,7100.0,,
1981-09-23,309.0,1274.0,311.0,11020.0,37210.0,4470.0,,
1981-09-24,629.0,808.0,437.0,16920.0,26150.0,5810.0,,
1981-09-25,155.0,1504.0,222.0,3864.0,48075.0,761.0,,
1981-09-28,918.0,660.0,324.0,46019.0,10760.0,4541.0,,
1981-09-29,1205.0,366.0,311.0,30770.0,13170.0,5860.0,,
1981-09-30,791.0,710.0,378.0,19340.0,16760.0,4600.0,,
1981-10-01,833.0,624.0,422.0,21580.0,14680.0,5340.0,,
1981-10-02,1275.0,311.0,285.0,43680.0,6870.0,3990.0,,
1981-10-05,1031.0,544.0,338.0,26660.0,18010.0,6620.0,,
1981-10-06,668.0,794.0,391.0,22000.0,19470.0,3990.0,,
1981-10-07,1157.0,361.0,373.0,37800.0,8380.0,3850.0,,
1981-10-08,1048.0,446.0,361.0,31220.0,10630.0,5240.0,,
1981-10-09,783.0,740.0,347.0,19090.0,26370.0,4600.0,,
1981-10-12,751.0,705.0,386.0,12670.0,13690.0,3670.0,,
1981-10-13,720.0,744.0,417.0,17070.0,20780.0,5510.0,,
1981-10-14,384.0,1116.0,374.0,6100.0,31443.0,2717.0,,
1981-10-15,777.0,683.0,399.0,26010.0,11410.0,5410.0,,
1981-10-16,657.0,800.0,412.0,11560.0,21170.0,5070.0,,
1981-10-19,610.0,899.0,393.0,17550.0,18950.0,5090.0,,
1981-10-20,974.0,538.0,388.0,37550.0,9800.0,4180.0,,
1981-10-21,680.0,807.0,390.0,20820.0,22740.0,4930.0,,
1981-10-22,500.0,949.0,422.0,12250.0,22460.0,5920.0,,
1981-10-23,485.0,976.0,399.0,11270.0,25660.0,5060.0,,
1981-10-26,543.0,915.0,406.0,13353.0,20322.0,4535.0,,
1981-10-27,996.0,484.0,424.0,36054.0,11868.0,5108.0,,
1981-10-28,843.0,613.0,424.0,24554.0,18612.0,4934.0,,
1981-10-29,589.0,871.0,437.0,13361.0,20574.0,6135.0,,
1981-10-30,1211.0,369.0,330.0,48449.0,6499.0,4622.0,,
1981-11-02,1286.0,335.0,324.0,51870.0,9250.0,3980.0,,
1981-11-03,911.0,611.0,402.0,28740.0,18210.0,7670.0,,
1981-11-04,785.0,727.0,408.0,25430.0,19780.0,8240.0,,
1981-11-05,676.0,821.0,413.0,15860.0,28920.0,6080.0,,
1981-11-06,613.0,898.0,406.0,14990.0,23250.0,5220.0,,
1981-11-09,902.0,680.0,371.0,25850.0,17320.0,5140.0,,
1981-11-10,833.0,733.0,371.0,23920.0,23540.0,6480.0,,
1981-11-11,771.0,720.0,432.0,19450.0,16080.0,6390.0,,
1981-11-12,988.0,567.0,398.0,31110.0,18240.0,6370.0,,
1981-11-13,622.0,964.0,356.0,9140.0,29740.0,6670.0,,
1981-11-16,435.0,1186.0,329.0,9150.0,30870.0,3720.0,,
1981-11-17,876.0,673.0,420.0,23840.0,13460.0,5890.0,,
1981-11-18,743.0,732.0,440.0,19420.0,23070.0,7490.0,,
1981-11-19,772.0,721.0,429.0,26920.0,16500.0,5470.0,,
1981-11-20,1048.0,508.0,388.0,34570.0,12040.0,5400.0,,
1981-11-23,718.0,831.0,389.0,18530.0,20040.0,6680.0,,
1981-11-24,1057.0,501.0,414.0,37170.0,10710.0,5320.0,,
1981-11-25,1017.0,543.0,370.0,32220.0,19100.0,7250.0,,
1981-11-27,969.0,487.0,399.0,23060.0,5710.0,4000.0,,
1981-11-30,998.0,569.0,380.0,29090.0,11960.0,6530.0,,
1981-12-01,688.0,849.0,424.0,20480.0,24530.0,8970.0,,
1981-12-02,482.0,1059.0,439.0,9280.0,29390.0,5840.0,,
1981-12-03,741.0,774.0,446.0,23650.0,13270.0,6850.0,,
1981-12-04,1025.0,504.0,416.0,35880.0,12390.0,6770.0,,
1981-12-07,520.0,1036.0,411.0,10900.0,29270.0,5550.0,,
1981-12-08,471.0,1039.0,445.0,12780.0,25390.0,6970.0,,
1981-12-09,751.0,717.0,475.0,23890.0,14510.0,6410.0,,
1981-12-10,754.0,741.0,469.0,23640.0,16510.0,6870.0,,
1981-12-11,566.0,947.0,447.0,13430.0,26530.0,5890.0,,
1981-12-14,243.0,1373.0,350.0,6040.0,35200.0,3500.0,,
1981-12-15,790.0,741.0,431.0,21930.0,15420.0,6780.0,,
1981-12-16,585.0,888.0,460.0,14380.0,22440.0,5950.0,,
1981-12-17,742.0,716.0,486.0,25420.0,14620.0,7190.0,,
1981-12-18,957.0,571.0,440.0,32420.0,11320.0,7200.0,,
1981-12-21,566.0,978.0,426.0,12750.0,23460.0,5080.0,,
1981-12-22,601.0,879.0,480.0,16110.0,23040.0,9170.0,,
1981-12-23,586.0,914.0,475.0,12030.0,23970.0,6910.0,,
1981-12-24,797.0,611.0,484.0,11250.0,7130.0,5560.0,,
1981-12-28,562.0,907.0,478.0,8930.0,13950.0,5440.0,,
1981-12-29,549.0,985.0,444.0,8930.0,20610.0,5760.0,,
1981-12-30,820.0,668.0,511.0,24880.0,10020.0,8060.0,,
1981-12-31,942.0,618.0,443.0,22960.0,10790.0,7030.0,,
1982-01-04,964.0,577.0,343.0,20540.0,12390.0,3830.0,,
1982-01-05,402.0,1185.0,333.0,3430.0,41340.0,2740.0,,
1982-01-06,464.0,1047.0,392.0,13750.0,30780.0,6980.0,,
1982-01-07,663.0,789.0,427.0,16010.0,20420.0,6980.0,,
1982-01-08,912.0,558.0,398.0,23750.0,12960.0,5340.0,,
1982-01-11,246.0,1329.0,291.0,4350.0,43840.0,3710.0,,
1982-01-12,473.0,1036.0,362.0,14850.0,29750.0,5200.0,,
1982-01-13,389.0,1090.0,394.0,7880.0,36770.0,4480.0,,
1982-01-14,723.0,662.0,466.0,23750.0,13230.0,5960.0,,
1982-01-15,888.0,539.0,420.0,26920.0,11110.0,5280.0,,
1982-01-18,774.0,695.0,419.0,26400.0,13030.0,5490.0,,
1982-01-19,544.0,895.0,412.0,8850.0,30350.0,5870.0,,
1982-01-20,540.0,933.0,414.0,15170.0,28460.0,5230.0,,
1982-01-21,767.0,658.0,426.0,27400.0,15090.0,6120.0,,
1982-01-22,595.0,830.0,445.0,13490.0,24500.0,6380.0,,
1982-01-25,428.0,1056.0,399.0,12920.0,24670.0,5580.0,,
1982-01-26,699.0,734.0,465.0,17530.0,20770.0,6570.0,,
1982-01-27,779.0,638.0,453.0,26150.0,16990.0,6920.0,,
1982-01-28,1339.0,266.0,271.0,60790.0,3360.0,2540.0,,
1982-01-29,1143.0,431.0,315.0,48660.0,16250.0,8490.0,,
1982-02-01,401.0,1155.0,310.0,5810.0,39080.0,2830.0,,
1982-02-02,826.0,610.0,434.0,25380.0,12970.0,6670.0,,
1982-02-03,572.0,873.0,427.0,12510.0,31230.0,5820.0,,
1982-02-04,583.0,839.0,435.0,20540.0,26520.0,6240.0,,
1982-02-05,1040.0,402.0,414.0,37960.0,9970.0,5420.0,,
1982-02-08,276.0,1334.0,303.0,3670.0,42000.0,2830.0,,
1982-02-09,388.0,1071.0,409.0,11440.0,37200.0,5780.0,,
1982-02-10,911.0,524.0,441.0,28190.0,12590.0,5840.0,,
1982-02-11,649.0,728.0,485.0,18710.0,22350.0,5670.0,,
1982-02-12,703.0,650.0,484.0,14510.0,17450.0,5110.0,,
1982-02-16,505.0,976.0,422.0,16490.0,25960.0,6430.0,,
1982-02-17,698.0,696.0,471.0,18830.0,22040.0,6790.0,,
1982-02-18,740.0,701.0,441.0,33200.0,19440.0,8170.0,,
1982-02-19,574.0,859.0,441.0,17660.0,27170.0,6510.0,,
1982-02-22,622.0,878.0,416.0,13350.0,38050.0,6910.0,,
1982-02-23,674.0,815.0,411.0,26530.0,24550.0,9020.0,,
1982-02-24,1037.0,477.0,359.0,49960.0,10900.0,3940.0,,
1982-02-25,956.0,532.0,393.0,23160.0,23590.0,7410.0,,
1982-02-26,638.0,818.0,416.0,16060.0,21810.0,5970.0,,
1982-03-01,872.0,628.0,382.0,25720.0,20060.0,7230.0,,
1982-03-02,834.0,653.0,414.0,29890.0,26830.0,7080.0,,
1982-03-03,442.0,1109.0,335.0,15590.0,47750.0,6890.0,,
1982-03-04,490.0,1034.0,363.0,21470.0,46750.0,6120.0,,
1982-03-05,569.0,923.0,393.0,23530.0,35430.0,8480.0,,
1982-03-08,518.0,1037.0,370.0,12300.0,46260.0,8770.0,,
1982-03-09,810.0,689.0,398.0,51440.0,17980.0,6640.0,,
1982-03-10,866.0,578.0,462.0,32240.0,18830.0,8370.0,,
1982-03-11,661.0,766.0,438.0,21020.0,25990.0,5950.0,,
1982-03-12,427.0,997.0,453.0,10290.0,34290.0,5020.0,,
1982-03-15,695.0,729.0,439.0,22460.0,15040.0,5870.0,,
1982-03-16,773.0,633.0,456.0,21930.0,22240.0,6070.0,,
1982-03-17,674.0,779.0,419.0,19680.0,20050.0,9170.0,,
1982-03-18,1021.0,406.0,426.0,40290.0,8450.0,5530.0,,
1982-03-19,848.0,573.0,433.0,24020.0,15800.0,6430.0,,
1982-03-22,1210.0,303.0,359.0,49710.0,4050.0,3850.0,,
1982-03-23,972.0,528.0,419.0,43140.0,17500.0,6490.0,,
1982-03-24,663.0,763.0,439.0,18500.0,24980.0,5900.0,,
1982-03-25,854.0,582.0,394.0,28520.0,17210.0,6240.0,,
1982-03-26,497.0,927.0,452.0,7330.0,30460.0,4610.0,,
1982-03-29,676.0,733.0,431.0,16530.0,14700.0,5870.0,,
1982-03-30,676.0,668.0,500.0,20110.0,17480.0,6310.0,,
1982-03-31,707.0,683.0,475.0,18830.0,17230.0,7240.0,,
1982-04-01,1061.0,377.0,394.0,43550.0,7460.0,6090.0,,
1982-04-02,1042.0,466.0,365.0,40040.0,11780.0,7980.0,,
1982-04-05,739.0,719.0,423.0,18030.0,21880.0,6990.0,,
1982-04-06,807.0,603.0,453.0,23120.0,13750.0,6330.0,,
1982-04-07,787.0,612.0,451.0,28170.0,17310.0,7650.0,,
1982-04-08,885.0,526.0,455.0,36390.0,12580.0,11220.0,,
1982-04-12,669.0,767.0,460.0,17600.0,20990.0,7930.0,,
1982-04-13,796.0,627.0,459.0,24990.0,14980.0,8690.0,,
1982-04-14,613.0,798.0,491.0,16880.0,19900.0,8370.0,,
1982-04-15,829.0,587.0,458.0,26310.0,10940.0,8450.0,,
1982-04-16,954.0,491.0,438.0,32520.0,15310.0,8060.0,,
1982-04-19,799.0,656.0,432.0,27440.0,22740.0,8290.0,,
1982-04-20,578.0,918.0,415.0,13780.0,35330.0,5500.0,,
1982-04-21,841.0,598.0,450.0,30420.0,20400.0,7000.0,,
1982-04-22,957.0,469.0,461.0,44450.0,11510.0,8510.0,,
1982-04-23,1042.0,456.0,398.0,50050.0,11550.0,10240.0,,
1982-04-26,970.0,537.0,383.0,37260.0,15040.0,8200.0,,
1982-04-27,561.0,973.0,392.0,12710.0,37470.0,6300.0,,
1982-04-28,586.0,844.0,433.0,15430.0,28110.0,6990.0,,
1982-04-29,449.0,976.0,447.0,10900.0,33470.0,6960.0,,
1982-04-30,729.0,656.0,473.0,24500.0,17260.0,6440.0,,
1982-05-03,742.0,658.0,458.0,24530.0,14820.0,7140.0,,
1982-05-04,916.0,507.0,462.0,36510.0,11810.0,10400.0,,
1982-05-05,785.0,661.0,451.0,29180.0,23100.0,6580.0,,
1982-05-06,1073.0,439.0,401.0,48430.0,12910.0,6200.0,,
1982-05-07,951.0,554.0,400.0,40130.0,19700.0,7300.0,,
1982-05-10,523.0,967.0,438.0,10630.0,28850.0,6820.0,,
1982-05-11,927.0,505.0,462.0,36960.0,10540.0,7180.0,,
1982-05-12,681.0,780.0,439.0,24480.0,26070.0,8660.0,,
1982-05-13,599.0,841.0,446.0,18100.0,33630.0,6500.0,,
1982-05-14,673.0,718.0,483.0,22000.0,20520.0,7380.0,,
1982-05-17,371.0,1081.0,427.0,6670.0,32990.0,5940.0,,
1982-05-18,433.0,1025.0,442.0,9200.0,32850.0,6920.0,,
1982-05-19,455.0,967.0,461.0,11380.0,30750.0,6710.0,,
1982-05-20,459.0,957.0,455.0,17490.0,23720.0,7120.0,,
1982-05-21,718.0,694.0,457.0,24410.0,14020.0,6830.0,,
1982-05-24,604.0,790.0,484.0,14250.0,16720.0,7540.0,,
1982-05-25,681.0,730.0,482.0,14080.0,22730.0,7200.0,,
1982-05-26,323.0,1158.0,409.0,5530.0,40030.0,5690.0,,
1982-05-27,459.0,926.0,481.0,8670.0,28440.0,7620.0,,
1982-05-28,689.0,767.0,427.0,10880.0,26080.0,6940.0,,
1982-06-01,484.0,947.0,420.0,13710.0,23150.0,4790.0,,
1982-06-02,735.0,642.0,487.0,26190.0,16500.0,6530.0,,
1982-06-03,602.0,818.0,443.0,18490.0,24510.0,5450.0,,
1982-06-04,347.0,1103.0,395.0,7370.0,33480.0,3260.0,,
1982-06-07,556.0,886.0,449.0,17930.0,19680.0,7020.0,,
1982-06-08,531.0,854.0,491.0,11810.0,27140.0,7870.0,,
1982-06-09,418.0,975.0,460.0,12860.0,34630.0,8280.0,,
1982-06-10,747.0,642.0,463.0,27700.0,15930.0,7320.0,,
1982-06-11,1241.0,298.0,317.0,56970.0,7230.0,4410.0,,
1982-06-14,424.0,1063.0,383.0,5680.0,30390.0,4030.0,,
1982-06-15,525.0,905.0,431.0,12370.0,25030.0,7570.0,,
1982-06-16,620.0,820.0,424.0,18910.0,27770.0,9600.0,,
1982-06-17,394.0,1043.0,428.0,7680.0,35960.0,5590.0,,
1982-06-18,453.0,933.0,456.0,16290.0,28150.0,9360.0,,
1982-06-21,757.0,639.0,459.0,23590.0,19810.0,6970.0,,
1982-06-22,821.0,583.0,448.0,35430.0,12570.0,7290.0,,
1982-06-23,1036.0,426.0,413.0,46690.0,10670.0,5350.0,,
1982-06-24,772.0,660.0,417.0,21140.0,28390.0,6330.0,,
1982-06-25,468.0,902.0,441.0,9310.0,24870.0,4560.0,,
1982-06-28,879.0,511.0,453.0,26670.0,8490.0,5540.0,,
1982-06-29,698.0,702.0,446.0,20700.0,19840.0,6450.0,,
1982-06-30,801.0,602.0,460.0,28190.0,27340.0,9750.0,,
1982-07-01,459.0,914.0,435.0,9820.0,31980.0,6100.0,,
1982-07-02,536.0,854.0,421.0,10280.0,27180.0,6300.0,,
1982-07-06,567.0,831.0,444.0,13890.0,24180.0,6280.0,,
1982-07-07,622.0,778.0,453.0,17830.0,22760.0,6330.0,,
1982-07-08,587.0,819.0,445.0,29090.0,24750.0,9430.0,,
1982-07-09,1118.0,367.0,394.0,48550.0,12280.0,5040.0,,
1982-07-12,1061.0,456.0,356.0,44540.0,24430.0,5720.0,,
1982-07-13,664.0,752.0,449.0,27270.0,31110.0,7790.0,,
1982-07-14,672.0,740.0,441.0,30100.0,19990.0,8070.0,,
1982-07-15,715.0,675.0,451.0,26480.0,22520.0,12090.0,,
1982-07-16,770.0,623.0,435.0,32970.0,18800.0,6970.0,,
1982-07-19,739.0,702.0,441.0,22320.0,21130.0,9580.0,,
1982-07-20,861.0,582.0,443.0,35000.0,17580.0,8480.0,,
1982-07-21,812.0,630.0,449.0,29100.0,28780.0,8890.0,,
1982-07-22,767.0,648.0,442.0,27250.0,20370.0,6250.0,,
1982-07-23,652.0,754.0,469.0,17650.0,22250.0,7380.0,,
1982-07-26,482.0,951.0,440.0,9230.0,23590.0,4920.0,,
1982-07-27,503.0,886.0,455.0,12100.0,27280.0,6360.0,,
1982-07-28,272.0,1252.0,343.0,5160.0,44630.0,4040.0,,
1982-07-29,533.0,892.0,413.0,21170.0,26650.0,7860.0,,
1982-07-30,607.0,745.0,455.0,11540.0,22360.0,5370.0,,
1982-08-02,1103.0,365.0,392.0,42940.0,6390.0,4130.0,,
1982-08-03,740.0,767.0,390.0,16060.0,37300.0,7120.0,,
1982-08-04,383.0,1088.0,391.0,5680.0,43340.0,4420.0,,
1982-08-05,443.0,1020.0,391.0,13300.0,34780.0,6620.0,,
1982-08-06,448.0,970.0,424.0,7580.0,34190.0,6890.0,,
1982-08-09,402.0,1107.0,367.0,14000.0,33130.0,7430.0,,
1982-08-10,688.0,694.0,476.0,19470.0,25520.0,7690.0,,
1982-08-11,567.0,795.0,474.0,13940.0,26660.0,8440.0,,
1982-08-12,643.0,759.0,425.0,18850.0,24370.0,6860.0,,
1982-08-13,946.0,473.0,429.0,32400.0,7520.0,4800.0,,
1982-08-16,1146.0,411.0,374.0,32790.0,15890.0,6740.0,,
1982-08-17,1564.0,155.0,211.0,88910.0,2120.0,1830.0,,
1982-08-18,1247.0,484.0,252.0,66214.0,54058.0,12418.0,,
1982-08-19,793.0,705.0,430.0,42130.0,24030.0,12110.0,,
1982-08-20,1384.0,280.0,288.0,90590.0,2980.0,2320.0,,
1982-08-23,1352.0,349.0,297.0,93150.0,11400.0,5760.0,,
1982-08-24,960.0,696.0,340.0,50930.0,59640.0,11080.0,,
1982-08-25,1268.0,402.0,317.0,86470.0,12280.0,7450.0,,
1982-08-26,1189.0,460.0,328.0,87710.0,35790.0,13830.0,,
1982-08-27,556.0,1007.0,383.0,15780.0,51070.0,7560.0,,
1982-08-30,812.0,748.0,373.0,32650.0,19960.0,6950.0,,
1982-08-31,1205.0,383.0,357.0,64820.0,15380.0,6160.0,,
1982-09-01,684.0,889.0,381.0,26110.0,50070.0,6650.0,,
1982-09-02,1106.0,436.0,348.0,56230.0,10170.0,8340.0,,
1982-09-03,1182.0,455.0,306.0,97760.0,25030.0,8120.0,,
1982-09-07,599.0,995.0,361.0,18010.0,44490.0,6460.0,,
1982-09-08,963.0,579.0,398.0,49150.0,21260.0,7550.0,,
1982-09-09,878.0,638.0,406.0,33000.0,32020.0,8070.0,,
1982-09-10,478.0,1029.0,399.0,18020.0,41830.0,11230.0,,
1982-09-13,846.0,651.0,408.0,36740.0,16680.0,6100.0,,
1982-09-14,1094.0,486.0,379.0,53920.0,20830.0,8320.0,,
1982-09-15,980.0,553.0,399.0,45860.0,16420.0,7400.0,,
1982-09-16,836.0,727.0,368.0,32770.0,37730.0,8400.0,,
1982-09-17,471.0,1013.0,426.0,13540.0,41980.0,8430.0,,
1982-09-20,604.0,900.0,409.0,19810.0,30200.0,8510.0,,
1982-09-21,1208.0,380.0,340.0,64220.0,12260.0,6440.0,,
1982-09-22,858.0,723.0,372.0,42370.0,58750.0,12030.0,,
1982-09-23,638.0,880.0,382.0,29370.0,28190.0,10700.0,,
1982-09-24,680.0,788.0,419.0,18610.0,29400.0,6590.0,,
1982-09-27,682.0,733.0,451.0,19070.0,18230.0,7540.0,,
1982-09-28,763.0,731.0,434.0,27110.0,29920.0,8870.0,,
1982-09-29,409.0,1102.0,397.0,10630.0,44040.0,7880.0,,
1982-09-30,552.0,939.0,410.0,18280.0,37580.0,6750.0,,
1982-10-01,1000.0,525.0,369.0,48130.0,10830.0,6040.0,,
1982-10-04,620.0,830.0,455.0,18440.0,29810.0,7400.0,,
1982-10-05,950.0,535.0,451.0,38620.0,20440.0,10710.0,,
1982-10-06,1344.0,294.0,309.0,81550.0,7510.0,4510.0,,
1982-10-07,1384.0,338.0,265.0,121490.0,21380.0,4200.0,,
1982-10-08,1247.0,432.0,308.0,96260.0,20110.0,5880.0,,
1982-10-11,1504.0,292.0,229.0,119040.0,13240.0,6250.0,,
1982-10-12,932.0,776.0,318.0,61910.0,54620.0,9780.0,,
1982-10-13,1351.0,398.0,264.0,106160.0,27650.0,5990.0,,
1982-10-14,759.0,991.0,264.0,32530.0,66210.0,8790.0,,
1982-10-15,699.0,966.0,322.0,26380.0,46200.0,7710.0,,
1982-10-18,1238.0,450.0,309.0,66490.0,11890.0,5410.0,,
1982-10-19,930.0,748.0,339.0,45430.0,43930.0,11490.0,,
1982-10-20,1221.0,436.0,319.0,76450.0,14990.0,7240.0,,
1982-10-21,903.0,767.0,332.0,55860.0,56060.0,10540.0,,
1982-10-22,1014.0,659.0,338.0,53800.0,39090.0,8230.0,,
1982-10-25,196.0,1586.0,200.0,2240.0,80370.0,1110.0,,
1982-10-26,690.0,944.0,347.0,55210.0,34360.0,12510.0,,
1982-10-27,1213.0,443.0,319.0,51790.0,20910.0,8970.0,,
1982-10-28,637.0,967.0,345.0,18520.0,49270.0,5800.0,,
1982-10-29,827.0,755.0,366.0,35750.0,30130.0,8950.0,,
1982-11-01,1091.0,561.0,320.0,52480.0,13820.0,7230.0,,
1982-11-02,1353.0,357.0,263.0,83353.0,13574.0,7843.0,,
1982-11-03,1518.0,251.0,221.0,121500.0,10300.0,5210.0,,
1982-11-04,940.0,824.0,257.0,59020.0,75540.0,14790.0,,
1982-11-05,1017.0,622.0,341.0,57860.0,26380.0,12310.0,,
1982-11-08,614.0,1056.0,332.0,18850.0,48370.0,8020.0,,
1982-11-09,1336.0,397.0,272.0,83700.0,17280.0,10240.0,,
1982-11-10,764.0,926.0,310.0,37340.0,66280.0,9620.0,,
1982-11-11,849.0,708.0,381.0,42610.0,27720.0,8080.0,,
1982-11-12,735.0,901.0,344.0,28180.0,59640.0,7260.0,,
1982-11-15,422.0,1265.0,282.0,14120.0,57990.0,6790.0,,
1982-11-16,349.0,1334.0,298.0,14430.0,76260.0,12220.0,,
1982-11-17,1166.0,428.0,375.0,65490.0,12350.0,6600.0,,
1982-11-18,944.0,649.0,346.0,43700.0,26500.0,7420.0,,
1982-11-19,722.0,862.0,378.0,20980.0,40710.0,8620.0,,
1982-11-22,448.0,1188.0,328.0,13280.0,55560.0,6120.0,,
1982-11-23,575.0,1065.0,323.0,17150.0,48080.0,7690.0,,
1982-11-24,937.0,644.0,339.0,39820.0,19720.0,7680.0,,
1982-11-26,937.0,520.0,382.0,24830.0,8750.0,5230.0,,
1982-11-29,686.0,920.0,340.0,19380.0,35280.0,6420.0,,
1982-11-30,1255.0,416.0,283.0,74520.0,11780.0,7170.0,,
1982-12-01,998.0,671.0,306.0,55180.0,41510.0,11160.0,,
1982-12-02,736.0,819.0,391.0,33110.0,35800.0,8690.0,,
1982-12-03,726.0,813.0,416.0,27930.0,33360.0,10250.0,,
1982-12-06,1031.0,592.0,321.0,61660.0,13300.0,8920.0,,
1982-12-07,1017.0,628.0,325.0,68230.0,32280.0,11110.0,,
1982-12-08,796.0,826.0,341.0,37250.0,49660.0,10520.0,,
1982-12-09,522.0,1118.0,318.0,28920.0,55920.0,5480.0,,
1982-12-10,613.0,976.0,345.0,32790.0,47210.0,6430.0,,
1982-12-13,768.0,792.0,374.0,31510.0,22950.0,8680.0,,
1982-12-14,629.0,991.0,351.0,21800.0,69190.0,7390.0,,
1982-12-15,332.0,1282.0,336.0,13430.0,61000.0,6600.0,,
1982-12-16,652.0,915.0,405.0,29240.0,36310.0,8130.0,,
1982-12-17,1069.0,524.0,372.0,52030.0,15670.0,13330.0,,
1982-12-20,597.0,990.0,384.0,19750.0,36610.0,5850.0,,
1982-12-21,981.0,607.0,382.0,51850.0,16530.0,9630.0,,
1982-12-22,899.0,671.0,413.0,46360.0,28040.0,9070.0,,
1982-12-23,942.0,605.0,409.0,39020.0,16760.0,7100.0,,
1982-12-27,1053.0,535.0,364.0,47740.0,11670.0,5280.0,,
1982-12-28,657.0,934.0,375.0,17460.0,34420.0,6730.0,,
1982-12-29,840.0,719.0,414.0,28230.0,17780.0,8800.0,,
1982-12-30,669.0,901.0,395.0,21450.0,28440.0,6490.0,,
1982-12-31,924.0,602.0,414.0,25850.0,10670.0,5590.0,,
1983-01-03,590.0,1040.0,295.0,12270.0,41600.0,5210.0,,
1983-01-04,1093.0,497.0,349.0,58260.0,12040.0,5230.0,,
1983-01-05,1049.0,554.0,346.0,55990.0,31830.0,7570.0,,
1983-01-06,1450.0,303.0,208.0,111350.0,12350.0,5710.0,,
1983-01-07,945.0,706.0,327.0,60640.0,55550.0,11100.0,,
1983-01-10,1152.0,519.0,307.0,69150.0,22230.0,10510.0,,
1983-01-11,765.0,894.0,340.0,32450.0,55120.0,10680.0,,
1983-01-12,1068.0,557.0,362.0,75360.0,26130.0,8360.0,,
1983-01-13,702.0,915.0,364.0,26380.0,41510.0,9140.0,,
1983-01-14,1005.0,584.0,389.0,56600.0,21340.0,8540.0,,
1983-01-17,982.0,650.0,351.0,48080.0,29780.0,11350.0,,
1983-01-18,761.0,867.0,370.0,34050.0,34210.0,10120.0,,
1983-01-19,554.0,1076.0,352.0,24230.0,49370.0,7300.0,,
1983-01-20,827.0,749.0,391.0,46270.0,29970.0,6550.0,,
1983-01-21,389.0,1185.0,367.0,9790.0,60680.0,6640.0,,
1983-01-24,173.0,1631.0,189.0,6160.0,82480.0,2160.0,,
1983-01-25,1095.0,534.0,336.0,53680.0,20590.0,5470.0,,
1983-01-26,877.0,709.0,377.0,32470.0,32760.0,8490.0,,
1983-01-27,1186.0,441.0,321.0,68540.0,10790.0,8790.0,,
1983-01-28,914.0,695.0,343.0,44280.0,37410.0,7800.0,,
1983-01-31,897.0,679.0,360.0,35630.0,22450.0,9060.0,,
1983-02-01,610.0,1005.0,356.0,19850.0,54860.0,8040.0,,
1983-02-02,762.0,818.0,368.0,37010.0,30300.0,9910.0,,
1983-02-03,981.0,567.0,372.0,49270.0,20900.0,8720.0,,
1983-02-04,1085.0,483.0,359.0,61110.0,18080.0,7810.0,,
1983-02-07,1104.0,542.0,323.0,49460.0,26470.0,10100.0,,
1983-02-08,711.0,897.0,354.0,24460.0,43680.0,8440.0,,
1983-02-09,768.0,819.0,369.0,29180.0,48120.0,7220.0,,
1983-02-10,1171.0,450.0,331.0,73630.0,11720.0,8160.0,,
1983-02-11,899.0,665.0,384.0,43210.0,31050.0,12440.0,,
1983-02-14,1016.0,548.0,376.0,45470.0,18170.0,9000.0,,
1983-02-15,823.0,789.0,352.0,38010.0,41440.0,9590.0,,
1983-02-16,671.0,927.0,353.0,25140.0,45970.0,10990.0,,
1983-02-17,695.0,897.0,395.0,32630.0,34640.0,7660.0,,
1983-02-18,941.0,638.0,356.0,39960.0,25360.0,12100.0,,
1983-02-22,554.0,1110.0,318.0,23250.0,53910.0,6920.0,,
1983-02-23,959.0,636.0,350.0,49550.0,22790.0,11760.0,,
1983-02-24,1184.0,440.0,354.0,87950.0,13410.0,11860.0,,
1983-02-25,908.0,749.0,345.0,53290.0,36470.0,11210.0,,
1983-02-28,723.0,909.0,344.0,24140.0,49580.0,10030.0,,
1983-03-01,1196.0,437.0,337.0,79680.0,15900.0,8170.0,,
1983-03-02,1177.0,481.0,323.0,78460.0,24680.0,9460.0,,
1983-03-03,1174.0,497.0,327.0,80110.0,24630.0,9700.0,,
1983-03-04,892.0,723.0,371.0,47520.0,31460.0,11950.0,,
1983-03-07,908.0,731.0,366.0,39180.0,34130.0,10710.0,,
1983-03-08,520.0,1140.0,332.0,17550.0,54880.0,6980.0,,
1983-03-09,1011.0,610.0,369.0,55030.0,19390.0,9830.0,,
1983-03-10,738.0,857.0,380.0,31820.0,51440.0,12150.0,,
1983-03-11,609.0,937.0,411.0,19360.0,35090.0,12790.0,,
1983-03-14,545.0,1016.0,410.0,15670.0,36520.0,9700.0,,
1983-03-15,840.0,730.0,415.0,29460.0,22620.0,10330.0,,
1983-03-16,753.0,865.0,370.0,30080.0,45790.0,7700.0,,
1983-03-17,672.0,911.0,393.0,25050.0,36560.0,8680.0,,
1983-03-18,865.0,693.0,379.0,37860.0,29030.0,8220.0,,
1983-03-21,848.0,729.0,385.0,39130.0,23800.0,9230.0,,
1983-03-22,831.0,765.0,368.0,31300.0,40110.0,8200.0,,
1983-03-23,1094.0,518.0,355.0,69760.0,18200.0,7020.0,,
1983-03-24,977.0,646.0,357.0,54600.0,29740.0,8000.0,,
1983-03-25,709.0,878.0,370.0,30750.0,37570.0,9010.0,,
1983-03-28,527.0,1049.0,396.0,14790.0,36930.0,6790.0,,
1983-03-29,681.0,827.0,439.0,24120.0,29990.0,11190.0,,
1983-03-30,992.0,539.0,386.0,45940.0,18090.0,11770.0,,
1983-03-31,765.0,830.0,371.0,51200.0,40970.0,8400.0,,
1983-04-04,689.0,914.0,378.0,29000.0,28860.0,8150.0,,
1983-04-05,702.0,851.0,404.0,21450.0,44500.0,10860.0,,
1983-04-06,542.0,1061.0,358.0,21900.0,47060.0,8180.0,,
1983-04-07,840.0,690.0,429.0,37370.0,23320.0,8790.0,,
1983-04-08,910.0,602.0,427.0,39220.0,19140.0,9350.0,,
1983-04-11,1124.0,482.0,382.0,59860.0,13330.0,8250.0,,
1983-04-12,936.0,650.0,390.0,44380.0,25690.0,9830.0,,
1983-04-13,1047.0,569.0,363.0,67000.0,24000.0,9520.0,,
1983-04-14,1081.0,547.0,349.0,63690.0,16810.0,9660.0,,
1983-04-15,980.0,650.0,366.0,47420.0,28700.0,13470.0,,
1983-04-18,1001.0,626.0,391.0,55520.0,25530.0,7510.0,,
1983-04-19,678.0,961.0,368.0,30700.0,50300.0,10210.0,,
1983-04-20,1187.0,512.0,329.0,82140.0,19590.0,8510.0,,
1983-04-21,833.0,851.0,342.0,47290.0,49710.0,9170.0,,
1983-04-22,849.0,731.0,392.0,50550.0,30770.0,10950.0,,
1983-04-25,613.0,1059.0,335.0,24640.0,56630.0,8880.0,,
1983-04-26,1082.0,549.0,379.0,67150.0,19500.0,10600.0,,
1983-04-27,858.0,784.0,355.0,54960.0,50370.0,12810.0,,
1983-04-28,995.0,578.0,391.0,61210.0,22800.0,10400.0,,
1983-04-29,1013.0,632.0,346.0,66030.0,28700.0,11020.0,,
1983-05-02,578.0,1117.0,323.0,20610.0,58480.0,9080.0,,
1983-05-03,736.0,887.0,365.0,41790.0,38560.0,9200.0,,
1983-05-04,1147.0,507.0,344.0,65490.0,27190.0,9010.0,,
1983-05-05,1185.0,490.0,343.0,73580.0,27210.0,7070.0,,
1983-05-06,1244.0,467.0,321.0,97770.0,19600.0,10830.0,,
1983-05-09,863.0,787.0,363.0,44620.0,37420.0,11630.0,,
1983-05-10,1010.0,675.0,338.0,57780.0,36100.0,10130.0,,
1983-05-11,673.0,991.0,354.0,35150.0,55620.0,9050.0,,
1983-05-12,719.0,901.0,382.0,31790.0,41610.0,10660.0,,
1983-05-13,1080.0,553.0,351.0,48490.0,25040.0,9580.0,,
1983-05-16,407.0,1269.0,298.0,15190.0,55140.0,5920.0,,
1983-05-17,974.0,662.0,358.0,46970.0,23980.0,8560.0,,
1983-05-18,987.0,663.0,347.0,51250.0,36080.0,12450.0,,
1983-05-19,561.0,1080.0,361.0,25040.0,49430.0,8790.0,,
1983-05-20,733.0,845.0,390.0,31240.0,31150.0,10760.0,,
1983-05-23,835.0,790.0,364.0,49730.0,27170.0,8060.0,,
1983-05-24,1198.0,447.0,350.0,77730.0,22340.0,9780.0,,
1983-05-25,982.0,654.0,359.0,62640.0,42150.0,16260.0,,
1983-05-26,821.0,815.0,359.0,37600.0,46270.0,11110.0,,
1983-05-27,717.0,846.0,389.0,26970.0,39010.0,10310.0,,
1983-05-31,435.0,1219.0,343.0,15010.0,52900.0,6000.0,,
1983-06-01,714.0,881.0,389.0,37020.0,37850.0,9590.0,,
1983-06-02,1024.0,566.0,384.0,57730.0,21000.0,11020.0,,
1983-06-03,948.0,659.0,380.0,44210.0,29710.0,9190.0,,
1983-06-06,869.0,745.0,381.0,45860.0,33050.0,8760.0,,
1983-06-07,588.0,1044.0,350.0,26130.0,55400.0,7020.0,,
1983-06-08,455.0,1184.0,339.0,27210.0,61080.0,8310.0,,
1983-06-09,825.0,723.0,422.0,49270.0,29740.0,8430.0,,
1983-06-10,1022.0,574.0,359.0,47680.0,20040.0,10750.0,,
1983-06-13,1084.0,556.0,331.0,55550.0,25030.0,10120.0,,
1983-06-14,946.0,686.0,357.0,49520.0,35420.0,12770.0,,
1983-06-15,945.0,665.0,372.0,56400.0,28450.0,8560.0,,
1983-06-16,1064.0,599.0,323.0,80480.0,32990.0,11090.0,,
1983-06-17,735.0,904.0,367.0,41670.0,43220.0,8740.0,,
1983-06-20,741.0,901.0,376.0,38970.0,34620.0,10680.0,,
1983-06-21,879.0,754.0,374.0,61750.0,29640.0,11490.0,,
1983-06-22,890.0,748.0,343.0,57120.0,43200.0,9950.0,,
1983-06-23,648.0,950.0,394.0,32740.0,41420.0,15430.0,,
1983-06-24,785.0,796.0,412.0,46190.0,26900.0,7720.0,,
1983-06-27,422.0,1200.0,347.0,15960.0,46560.0,6840.0,,
1983-06-28,327.0,1388.0,277.0,10600.0,65400.0,6730.0,,
1983-06-29,835.0,787.0,345.0,46710.0,25080.0,9790.0,,
1983-06-30,1077.0,508.0,366.0,49130.0,16830.0,10350.0,,
1983-07-01,957.0,594.0,371.0,38650.0,20310.0,6150.0,,
1983-07-05,375.0,1279.0,289.0,11180.0,51050.0,5090.0,,
1983-07-06,1084.0,555.0,336.0,59750.0,17690.0,8230.0,,
1983-07-07,695.0,923.0,368.0,30350.0,56840.0,9940.0,,
1983-07-08,630.0,941.0,417.0,21290.0,36690.0,8540.0,,
1983-07-11,940.0,660.0,372.0,38250.0,16030.0,7330.0,,
1983-07-12,418.0,1287.0,308.0,10440.0,53370.0,6410.0,,
1983-07-13,648.0,998.0,332.0,30700.0,31900.0,6300.0,,
1983-07-14,925.0,631.0,412.0,44040.0,26860.0,12600.0,,
1983-07-15,462.0,1127.0,360.0,9900.0,46880.0,6380.0,,
1983-07-18,528.0,1081.0,358.0,19910.0,41280.0,7920.0,,
1983-07-19,946.0,653.0,371.0,41270.0,25720.0,7040.0,,
1983-07-20,1391.0,315.0,271.0,94550.0,9400.0,5360.0,,
1983-07-21,886.0,766.0,331.0,48620.0,44650.0,8560.0,,
1983-07-22,812.0,759.0,396.0,29010.0,30530.0,9310.0,,
1983-07-25,866.0,732.0,365.0,41530.0,26550.0,5600.0,,
1983-07-26,1030.0,592.0,339.0,54750.0,26740.0,9790.0,,
1983-07-27,477.0,1189.0,298.0,18630.0,73300.0,7360.0,,
1983-07-28,396.0,1227.0,340.0,12850.0,60410.0,5150.0,,
1983-07-29,346.0,1269.0,311.0,15030.0,73790.0,6420.0,,
1983-08-01,483.0,1134.0,333.0,24610.0,45270.0,7330.0,,
1983-08-02,715.0,833.0,391.0,33060.0,32080.0,9320.0,,
1983-08-03,790.0,791.0,382.0,42760.0,28050.0,9560.0,,
1983-08-04,413.0,1194.0,367.0,14920.0,77810.0,8140.0,,
1983-08-05,823.0,683.0,419.0,34630.0,23930.0,9290.0,,
1983-08-08,338.0,1312.0,325.0,9360.0,57380.0,4720.0,,
1983-08-09,734.0,853.0,361.0,44550.0,29550.0,7320.0,,
1983-08-10,992.0,584.0,354.0,54650.0,21520.0,6730.0,,
1983-08-11,839.0,680.0,439.0,35890.0,27170.0,7570.0,,
1983-08-12,946.0,576.0,412.0,43310.0,19770.0,8760.0,,
1983-08-15,1107.0,471.0,381.0,58030.0,16790.0,8380.0,,
1983-08-16,686.0,878.0,406.0,25570.0,37790.0,8420.0,,
1983-08-17,1046.0,576.0,338.0,60530.0,19270.0,8000.0,,
1983-08-18,674.0,906.0,350.0,22980.0,50390.0,8910.0,,
1983-08-19,747.0,756.0,426.0,30510.0,21520.0,6920.0,,
1983-08-22,810.0,725.0,417.0,40100.0,27050.0,9270.0,,
1983-08-23,530.0,1074.0,374.0,15050.0,44130.0,7620.0,,
1983-08-24,556.0,1000.0,391.0,17350.0,47970.0,6880.0,,
1983-08-25,618.0,875.0,436.0,25030.0,34560.0,10550.0,,
1983-08-26,884.0,626.0,420.0,39600.0,14700.0,7350.0,,
1983-08-29,627.0,880.0,443.0,21440.0,24700.0,6890.0,,
1983-08-30,895.0,668.0,395.0,34750.0,20940.0,6680.0,,
1983-08-31,1048.0,502.0,397.0,57360.0,15590.0,7850.0,,
1983-09-01,811.0,717.0,404.0,33020.0,35630.0,7470.0,,
1983-09-02,953.0,518.0,432.0,38490.0,13990.0,6820.0,,
1983-09-06,1275.0,399.0,305.0,72770.0,9600.0,5130.0,,
1983-09-07,891.0,735.0,351.0,45670.0,40900.0,7670.0,,
1983-09-08,871.0,693.0,363.0,35140.0,34100.0,10010.0,,
1983-09-09,747.0,773.0,416.0,32180.0,37780.0,8030.0,,
1983-09-12,816.0,842.0,349.0,37670.0,65570.0,10780.0,,
1983-09-13,551.0,1048.0,367.0,22720.0,43820.0,7430.0,,
1983-09-14,803.0,720.0,434.0,40700.0,23190.0,9480.0,,
1983-09-15,657.0,885.0,407.0,22820.0,39220.0,8380.0,,
1983-09-16,1008.0,551.0,394.0,55570.0,12930.0,7030.0,,
1983-09-19,1116.0,482.0,351.0,60490.0,17080.0,8060.0,,
1983-09-20,1016.0,591.0,378.0,65880.0,25800.0,11370.0,,
1983-09-21,707.0,858.0,410.0,33930.0,46780.0,10570.0,,
1983-09-22,956.0,620.0,401.0,63270.0,23500.0,10280.0,,
1983-09-23,785.0,809.0,402.0,39830.0,43980.0,9370.0,,
1983-09-26,942.0,672.0,354.0,48710.0,28150.0,9540.0,,
1983-09-27,461.0,1137.0,371.0,15750.0,57770.0,7580.0,,
1983-09-28,651.0,853.0,432.0,27650.0,39200.0,8970.0,,
1983-09-29,654.0,871.0,444.0,27740.0,36830.0,9160.0,,
1983-09-30,606.0,956.0,398.0,19090.0,41990.0,9780.0,,
1983-10-03,669.0,935.0,360.0,31680.0,35330.0,10220.0,,
1983-10-04,947.0,647.0,382.0,50060.0,29700.0,10510.0,,
1983-10-05,1012.0,600.0,373.0,68320.0,27430.0,5960.0,,
1983-10-06,1149.0,529.0,336.0,89460.0,20340.0,8470.0,,
1983-10-07,954.0,645.0,391.0,53250.0,39370.0,11010.0,,
1983-10-10,906.0,665.0,396.0,39686.0,19625.0,7739.0,,
1983-10-11,512.0,1150.0,362.0,12441.0,61051.0,6018.0,,
1983-10-12,544.0,1048.0,396.0,25117.0,43398.0,7115.0,,
1983-10-13,672.0,869.0,424.0,27499.0,30503.0,9748.0,,
1983-10-14,762.0,779.0,423.0,31144.0,33788.0,6668.0,,
1983-10-17,863.0,760.0,372.0,41300.0,29310.0,7120.0,,
1983-10-18,406.0,1230.0,367.0,11710.0,72120.0,7250.0,,
1983-10-19,506.0,1140.0,356.0,30700.0,68210.0,8880.0,,
1983-10-20,875.0,698.0,404.0,44940.0,33070.0,7990.0,,
1983-10-21,592.0,986.0,403.0,31280.0,52330.0,8030.0,,
1983-10-24,607.0,985.0,391.0,41040.0,33580.0,10800.0,,
1983-10-25,896.0,692.0,387.0,44380.0,30440.0,7710.0,,
1983-10-26,650.0,922.0,395.0,26380.0,42100.0,11090.0,,
1983-10-27,628.0,934.0,404.0,27660.0,42640.0,9270.0,,
1983-10-28,582.0,986.0,387.0,18790.0,52740.0,9650.0,,
1983-10-31,791.0,836.0,369.0,37760.0,31160.0,10540.0,,
1983-11-01,725.0,877.0,365.0,38140.0,36170.0,10150.0,,
1983-11-02,1067.0,549.0,374.0,66060.0,21750.0,7400.0,,
1983-11-03,701.0,861.0,409.0,27540.0,47530.0,10280.0,,
1983-11-04,578.0,957.0,437.0,22070.0,40380.0,9630.0,,
1983-11-07,633.0,943.0,398.0,22670.0,38180.0,8550.0,,
1983-11-08,652.0,947.0,382.0,26770.0,31160.0,6970.0,,
1983-11-09,1026.0,604.0,362.0,55390.0,19810.0,7900.0,,
1983-11-10,936.0,649.0,424.0,48190.0,33030.0,7510.0,,
1983-11-11,1100.0,477.0,369.0,56050.0,10830.0,7390.0,,
1983-11-14,1021.0,632.0,367.0,50730.0,27970.0,8180.0,,
1983-11-15,715.0,888.0,407.0,24240.0,44000.0,9600.0,,
1983-11-16,934.0,655.0,407.0,45250.0,29240.0,8890.0,,
1983-11-17,874.0,707.0,409.0,40600.0,28820.0,11320.0,,
1983-11-18,763.0,818.0,417.0,32220.0,44630.0,11430.0,,
1983-11-21,903.0,683.0,431.0,52910.0,33380.0,11450.0,,
1983-11-22,998.0,658.0,375.0,68480.0,37640.0,11430.0,,
1983-11-23,810.0,820.0,402.0,55330.0,42580.0,10170.0,,
1983-11-25,841.0,601.0,451.0,34600.0,15940.0,7280.0,,
1983-11-28,680.0,870.0,459.0,28410.0,36120.0,13680.0,,
1983-11-29,1017.0,595.0,431.0,62780.0,26380.0,11300.0,,
1983-11-30,736.0,893.0,410.0,36480.0,63260.0,20390.0,,
1983-12-01,774.0,857.0,386.0,56990.0,40800.0,9180.0,,
1983-12-02,606.0,989.0,433.0,29670.0,51500.0,12790.0,,
1983-12-05,729.0,873.0,429.0,41920.0,36600.0,9810.0,,
1983-12-06,767.0,850.0,435.0,37570.0,43170.0,8950.0,,
1983-12-07,900.0,751.0,401.0,51030.0,40090.0,14550.0,,
1983-12-08,651.0,989.0,391.0,29590.0,53620.0,13320.0,,
1983-12-09,698.0,909.0,440.0,34230.0,50770.0,13280.0,,
1983-12-12,810.0,813.0,415.0,43120.0,25520.0,8700.0,,
1983-12-13,669.0,941.0,440.0,32230.0,45170.0,16100.0,,
1983-12-14,460.0,1157.0,416.0,15570.0,60440.0,9420.0,,
1983-12-15,501.0,1114.0,417.0,19090.0,46710.0,22500.0,,
1983-12-16,805.0,769.0,458.0,46710.0,24240.0,10080.0,,
1983-12-19,744.0,886.0,423.0,31530.0,32430.0,11220.0,,
1983-12-20,697.0,946.0,427.0,35650.0,39840.0,8250.0,,
1983-12-21,955.0,646.0,439.0,64220.0,30770.0,13090.0,,
1983-12-22,749.0,920.0,403.0,35250.0,57600.0,13410.0,,
1983-12-23,736.0,810.0,422.0,26410.0,22330.0,13970.0,,
1983-12-27,989.0,632.0,417.0,39540.0,16400.0,7860.0,,
1983-12-28,767.0,828.0,464.0,36920.0,36980.0,11760.0,,
1983-12-29,843.0,796.0,428.0,35680.0,39950.0,10930.0,,
1983-12-30,959.0,676.0,438.0,36800.0,21580.0,13460.0,,
1984-01-03,822.0,831.0,362.0,27810.0,36300.0,7230.0,,
1984-01-04,1279.0,470.0,288.0,91240.0,12960.0,8780.0,,
1984-01-05,1344.0,365.0,337.0,120340.0,27480.0,12170.0,,
1984-01-06,1075.0,616.0,365.0,81770.0,41850.0,13970.0,,
1984-01-09,827.0,855.0,403.0,48400.0,46420.0,12280.0,,
1984-01-10,795.0,867.0,388.0,40310.0,56490.0,12770.0,,
1984-01-11,789.0,836.0,415.0,39470.0,47720.0,11470.0,,
1984-01-12,881.0,715.0,426.0,47190.0,41160.0,11060.0,,
1984-01-13,744.0,893.0,405.0,40190.0,50350.0,11250.0,,
1984-01-16,734.0,893.0,423.0,42560.0,41780.0,9450.0,,
1984-01-17,894.0,736.0,438.0,47500.0,33070.0,12180.0,,
1984-01-18,803.0,851.0,398.0,46660.0,51550.0,10800.0,,
1984-01-19,705.0,901.0,439.0,37790.0,49020.0,11530.0,,
1984-01-20,578.0,1027.0,433.0,25350.0,58850.0,9160.0,,
1984-01-23,417.0,1256.0,371.0,21340.0,54270.0,6400.0,,
1984-01-24,827.0,752.0,453.0,61100.0,31540.0,10410.0,,
1984-01-25,717.0,911.0,405.0,38100.0,61480.0,13890.0,,
1984-01-26,685.0,940.0,392.0,37800.0,62360.0,10940.0,,
1984-01-27,640.0,931.0,416.0,42060.0,48140.0,13520.0,,
1984-01-30,493.0,1168.0,363.0,30580.0,60830.0,11710.0,,
1984-01-31,744.0,843.0,425.0,51000.0,50460.0,12050.0,,
1984-02-01,669.0,952.0,394.0,34700.0,60760.0,11640.0,,
1984-02-02,864.0,759.0,385.0,64840.0,37790.0,8700.0,,
1984-02-03,554.0,1103.0,360.0,19620.0,81180.0,8300.0,,
1984-02-06,339.0,1373.0,313.0,15680.0,85010.0,8400.0,,
1984-02-07,698.0,935.0,401.0,52170.0,45390.0,10080.0,,
1984-02-08,459.0,1217.0,345.0,10750.0,79200.0,6940.0,,
1984-02-09,525.0,1123.0,381.0,45200.0,71990.0,11000.0,,
1984-02-10,928.0,712.0,388.0,51750.0,31320.0,9150.0,,
1984-02-13,428.0,1237.0,371.0,11610.0,56700.0,10150.0,,
1984-02-14,1034.0,622.0,397.0,60880.0,22610.0,8310.0,,
1984-02-15,820.0,766.0,430.0,33910.0,47810.0,13150.0,,
1984-02-16,688.0,889.0,419.0,32880.0,41370.0,7500.0,,
1984-02-17,657.0,881.0,446.0,26270.0,40610.0,10400.0,,
1984-02-21,544.0,1073.0,394.0,15920.0,45170.0,10800.0,,
1984-02-22,656.0,928.0,422.0,33350.0,47380.0,9350.0,,
1984-02-23,559.0,1004.0,421.0,36660.0,51900.0,11660.0,,
1984-02-24,1336.0,330.0,323.0,82220.0,12890.0,7510.0,,
1984-02-27,1163.0,495.0,345.0,69450.0,20220.0,9470.0,,
1984-02-28,446.0,1169.0,371.0,22700.0,61950.0,6360.0,,
1984-02-29,862.0,672.0,414.0,50940.0,32460.0,9410.0,,
1984-03-01,983.0,616.0,390.0,55870.0,18410.0,7730.0,,
1984-03-02,1084.0,523.0,385.0,70580.0,28920.0,8770.0,,
1984-03-05,583.0,965.0,421.0,19660.0,41280.0,8930.0,,
1984-03-06,604.0,966.0,439.0,19150.0,55920.0,8520.0,,
1984-03-07,388.0,1214.0,396.0,18660.0,63130.0,8290.0,,
1984-03-08,830.0,697.0,433.0,44270.0,24130.0,12230.0,,
1984-03-09,598.0,947.0,403.0,19440.0,45490.0,8240.0,,
1984-03-12,963.0,615.0,405.0,60100.0,17740.0,6630.0,,
1984-03-13,1063.0,499.0,428.0,64600.0,28050.0,10000.0,,
1984-03-14,726.0,811.0,449.0,36290.0,31480.0,9480.0,,
1984-03-15,870.0,646.0,452.0,43720.0,24940.0,10860.0,,
1984-03-16,1143.0,437.0,427.0,89050.0,16090.0,12860.0,,
1984-03-19,394.0,1215.0,369.0,13340.0,43300.0,7420.0,,
1984-03-20,922.0,656.0,421.0,57990.0,19680.0,8790.0,,
1984-03-21,732.0,778.0,479.0,41690.0,35540.0,9940.0,,
1984-03-22,487.0,1093.0,397.0,16420.0,64290.0,6630.0,,
1984-03-23,692.0,830.0,440.0,33220.0,35900.0,10640.0,,
1984-03-26,701.0,820.0,444.0,33190.0,26550.0,9330.0,,
1984-03-27,752.0,733.0,498.0,34400.0,28960.0,10310.0,,
1984-03-28,1123.0,470.0,407.0,78590.0,18530.0,7750.0,,
1984-03-29,842.0,692.0,446.0,37210.0,34340.0,9920.0,,
1984-03-30,728.0,800.0,463.0,28310.0,32920.0,10360.0,,
1984-04-02,572.0,981.0,438.0,24070.0,50960.0,10650.0,,
1984-04-03,580.0,998.0,435.0,31410.0,48480.0,8090.0,,
1984-04-04,690.0,850.0,486.0,35150.0,45800.0,11910.0,,
1984-04-05,397.0,1267.0,370.0,15940.0,79610.0,6200.0,,
1984-04-06,619.0,927.0,472.0,38550.0,33680.0,14390.0,,
1984-04-09,699.0,852.0,454.0,30590.0,29470.0,11510.0,,
1984-04-10,847.0,710.0,446.0,41590.0,26840.0,10560.0,,
1984-04-11,645.0,921.0,426.0,24140.0,47430.0,8710.0,,
1984-04-12,1080.0,532.0,399.0,73960.0,14320.0,8050.0,,
1984-04-13,873.0,704.0,421.0,43720.0,47370.0,8530.0,,
1984-04-16,841.0,711.0,431.0,39190.0,25480.0,9200.0,,
1984-04-17,1030.0,577.0,406.0,57140.0,33120.0,7890.0,,
1984-04-18,613.0,945.0,440.0,22090.0,52920.0,10030.0,,
1984-04-19,693.0,813.0,475.0,32650.0,33920.0,9110.0,,
1984-04-23,534.0,1061.0,420.0,21070.0,45670.0,6340.0,,
1984-04-24,836.0,708.0,450.0,52280.0,25530.0,9250.0,,
1984-04-25,881.0,669.0,448.0,47550.0,27410.0,8560.0,,
1984-04-26,1065.0,531.0,410.0,71090.0,17870.0,9040.0,,
1984-04-27,752.0,773.0,476.0,36500.0,38640.0,13390.0,,
1984-04-30,712.0,810.0,458.0,35960.0,27080.0,9700.0,,
1984-05-01,1119.0,505.0,402.0,78960.0,19500.0,12090.0,,
1984-05-02,1022.0,592.0,397.0,58070.0,35810.0,13200.0,,
1984-05-03,793.0,783.0,426.0,40700.0,36690.0,14520.0,,
1984-05-04,515.0,1031.0,436.0,19190.0,70150.0,9240.0,,
1984-05-07,758.0,812.0,450.0,33690.0,28490.0,10580.0,,
1984-05-08,936.0,645.0,440.0,50940.0,21900.0,8770.0,,
1984-05-09,658.0,960.0,413.0,42550.0,46360.0,11680.0,,
1984-05-10,739.0,790.0,462.0,34560.0,54240.0,13010.0,,
1984-05-11,393.0,1196.0,408.0,16080.0,58380.0,8320.0,,
1984-05-14,464.0,1076.0,462.0,14510.0,42270.0,8120.0,,
1984-05-15,777.0,777.0,452.0,41320.0,33920.0,13010.0,,
1984-05-16,773.0,767.0,476.0,40700.0,34840.0,13670.0,,
1984-05-17,395.0,1209.0,413.0,17430.0,64200.0,8680.0,,
1984-05-18,514.0,1050.0,422.0,25920.0,47670.0,7680.0,,
1984-05-21,521.0,1011.0,451.0,12230.0,44210.0,16940.0,,
1984-05-22,450.0,1177.0,385.0,20860.0,59200.0,7970.0,,
1984-05-23,612.0,918.0,472.0,28500.0,42330.0,11860.0,,
1984-05-24,304.0,1332.0,346.0,13540.0,74480.0,11020.0,,
1984-05-25,764.0,806.0,427.0,37800.0,28860.0,11530.0,,
1984-05-29,512.0,1014.0,446.0,13070.0,48510.0,7480.0,,
1984-05-30,713.0,847.0,427.0,45650.0,47300.0,12710.0,,
1984-05-31,864.0,694.0,407.0,41000.0,30450.0,10440.0,,
1984-06-01,1269.0,379.0,344.0,81380.0,9580.0,5080.0,,
1984-06-04,1283.0,393.0,326.0,68540.0,17780.0,10420.0,,
1984-06-05,624.0,919.0,438.0,24690.0,44260.0,15890.0,,
1984-06-06,914.0,571.0,470.0,50920.0,21960.0,10560.0,,
1984-06-07,740.0,737.0,501.0,34770.0,36300.0,11050.0,,
1984-06-08,759.0,691.0,518.0,34140.0,22040.0,11660.0,,
1984-06-11,422.0,1160.0,393.0,9020.0,54530.0,5500.0,,
1984-06-12,540.0,953.0,489.0,20580.0,54190.0,9890.0,,
1984-06-13,685.0,776.0,480.0,25330.0,31100.0,11080.0,,
1984-06-14,484.0,1039.0,450.0,18030.0,50880.0,10210.0,,
1984-06-15,503.0,947.0,490.0,24500.0,50690.0,10270.0,,
1984-06-18,1067.0,522.0,384.0,74850.0,12140.0,7910.0,,
1984-06-19,988.0,586.0,421.0,57660.0,22760.0,8580.0,,
1984-06-20,855.0,667.0,450.0,72310.0,17740.0,9040.0,,
1984-06-21,829.0,731.0,413.0,62460.0,43250.0,17670.0,,
1984-06-22,768.0,758.0,449.0,39170.0,45120.0,14110.0,,
1984-06-25,728.0,806.0,421.0,32210.0,32030.0,8610.0,,
1984-06-26,514.0,1030.0,428.0,22040.0,52650.0,7910.0,,
1984-06-27,513.0,998.0,458.0,21180.0,47800.0,9860.0,,
1984-06-28,893.0,615.0,437.0,48540.0,16640.0,12480.0,,
1984-06-29,895.0,627.0,430.0,48330.0,30940.0,11500.0,,
1984-07-02,618.0,907.0,437.0,25590.0,33910.0,9730.0,,
1984-07-03,836.0,650.0,475.0,39090.0,21070.0,9800.0,,
1984-07-05,566.0,885.0,474.0,17490.0,39150.0,9460.0,,
1984-07-06,545.0,918.0,490.0,21000.0,31840.0,13010.0,,
1984-07-09,766.0,765.0,437.0,40900.0,22560.0,11370.0,,
1984-07-10,694.0,796.0,504.0,27460.0,35220.0,11330.0,,
1984-07-11,421.0,1098.0,448.0,10700.0,69220.0,9620.0,,
1984-07-12,502.0,942.0,506.0,26420.0,45820.0,13810.0,,
1984-07-13,887.0,625.0,453.0,39070.0,26530.0,23940.0,,
1984-07-16,705.0,790.0,450.0,32510.0,31010.0,9900.0,,
1984-07-17,884.0,628.0,465.0,49660.0,24750.0,8480.0,,
1984-07-18,594.0,917.0,458.0,23590.0,42990.0,10060.0,,
1984-07-19,498.0,990.0,487.0,22520.0,51340.0,11370.0,,
1984-07-20,504.0,999.0,456.0,20590.0,47750.0,10750.0,,
1984-07-23,431.0,1167.0,396.0,17680.0,48350.0,11960.0,,
1984-07-24,543.0,971.0,451.0,19160.0,47170.0,8040.0,,
1984-07-25,789.0,739.0,432.0,50270.0,32850.0,7400.0,,
1984-07-26,983.0,538.0,439.0,60170.0,23360.0,6880.0,,
1984-07-27,1069.0,532.0,377.0,68370.0,26250.0,6730.0,,
1984-07-30,657.0,856.0,449.0,21940.0,43180.0,7210.0,,
1984-07-31,857.0,669.0,456.0,45520.0,31720.0,9670.0,,
1984-08-01,1370.0,313.0,317.0,111990.0,10710.0,4820.0,,
1984-08-02,1477.0,263.0,268.0,151920.0,12790.0,8120.0,,
1984-08-03,1490.0,325.0,241.0,209010.0,21490.0,6070.0,,
1984-08-06,1093.0,672.0,313.0,118920.0,75180.0,8950.0,,
1984-08-07,723.0,894.0,433.0,57910.0,53630.0,16410.0,,
1984-08-08,703.0,920.0,398.0,42560.0,68340.0,10340.0,,
1984-08-09,1316.0,377.0,316.0,115170.0,10850.0,5170.0,,
1984-08-10,1113.0,551.0,366.0,92290.0,67240.0,11500.0,,
1984-08-13,694.0,866.0,435.0,34100.0,33390.0,10470.0,,
1984-08-14,694.0,884.0,424.0,25220.0,45250.0,11000.0,,
1984-08-15,570.0,975.0,433.0,23890.0,60220.0,7770.0,,
1984-08-16,1001.0,596.0,381.0,59750.0,25760.0,8100.0,,
1984-08-17,772.0,699.0,492.0,35940.0,25980.0,9580.0,,
1984-08-20,791.0,717.0,464.0,43170.0,23420.0,8860.0,,
1984-08-21,1274.0,366.0,360.0,106520.0,11900.0,9720.0,,
1984-08-22,855.0,751.0,381.0,45910.0,57180.0,12960.0,,
1984-08-23,770.0,768.0,462.0,38900.0,33670.0,10560.0,,
1984-08-24,855.0,652.0,474.0,35860.0,23150.0,10630.0,,
1984-08-27,539.0,1008.0,442.0,15740.0,33350.0,8570.0,,
1984-08-28,913.0,590.0,460.0,42290.0,19110.0,9160.0,,
1984-08-29,819.0,684.0,479.0,45750.0,35740.0,9170.0,,
1984-08-30,687.0,794.0,496.0,26970.0,33540.0,10330.0,,
1984-08-31,831.0,642.0,474.0,29130.0,19720.0,8610.0,,
1984-09-04,484.0,1085.0,393.0,13300.0,41320.0,7490.0,,
1984-09-05,580.0,931.0,478.0,22410.0,36770.0,10070.0,,
1984-09-06,1026.0,495.0,479.0,63320.0,19970.0,8630.0,,
1984-09-07,633.0,879.0,449.0,27880.0,45110.0,11120.0,,
1984-09-10,650.0,883.0,460.0,29320.0,33550.0,11540.0,,
1984-09-11,991.0,571.0,443.0,51760.0,32500.0,17100.0,,
1984-09-12,709.0,782.0,496.0,35520.0,29920.0,12540.0,,
1984-09-13,1200.0,428.0,366.0,94951.0,9844.0,5785.0,,
1984-09-14,1136.0,523.0,364.0,89800.0,38260.0,9360.0,,
1984-09-17,788.0,788.0,452.0,39920.0,38220.0,10650.0,,
1984-09-18,687.0,851.0,478.0,33190.0,59400.0,15170.0,,
1984-09-19,778.0,804.0,419.0,48590.0,59880.0,11500.0,,
1984-09-20,868.0,718.0,437.0,52810.0,28730.0,10490.0,,
1984-09-21,731.0,832.0,443.0,37620.0,68170.0,14850.0,,
1984-09-24,576.0,947.0,472.0,28599.0,37899.0,9882.0,,
1984-09-25,649.0,900.0,450.0,34010.0,42370.0,9870.0,,
1984-09-26,834.0,692.0,470.0,59450.0,26830.0,13920.0,,
1984-09-27,930.0,582.0,456.0,50300.0,23350.0,15230.0,,
1984-09-28,658.0,872.0,427.0,24240.0,44780.0,9930.0,,
1984-10-01,458.0,1101.0,422.0,14480.0,49160.0,9990.0,,
1984-10-02,530.0,926.0,528.0,23630.0,53600.0,12130.0,,
1984-10-03,496.0,1057.0,448.0,24650.0,56550.0,11200.0,,
1984-10-04,786.0,690.0,490.0,39240.0,25770.0,11690.0,,
1984-10-05,769.0,691.0,504.0,32630.0,37230.0,13090.0,,
1984-10-08,517.0,841.0,535.0,13780.0,24570.0,8010.0,,
1984-10-09,680.0,794.0,514.0,29740.0,33870.0,13230.0,,
1984-10-10,711.0,785.0,471.0,45030.0,35550.0,13690.0,,
1984-10-11,977.0,540.0,458.0,51100.0,25840.0,10080.0,,
1984-10-12,1067.0,482.0,449.0,64660.0,16040.0,11490.0,,
1984-10-15,1019.0,550.0,427.0,59560.0,17200.0,10830.0,,
1984-10-16,743.0,819.0,443.0,26670.0,46710.0,9550.0,,
1984-10-17,777.0,771.0,462.0,42890.0,46890.0,9960.0,,
1984-10-18,1263.0,433.0,335.0,116540.0,21450.0,11550.0,,
1984-10-19,1080.0,617.0,367.0,91470.0,81350.0,14080.0,,
1984-10-22,694.0,859.0,471.0,32280.0,40590.0,8150.0,,
1984-10-23,787.0,767.0,463.0,37890.0,39560.0,14810.0,,
1984-10-24,757.0,809.0,470.0,39970.0,35560.0,16090.0,,
1984-10-25,612.0,946.0,459.0,27680.0,53120.0,11960.0,,
1984-10-26,490.0,1050.0,465.0,15380.0,60100.0,8420.0,,
1984-10-29,598.0,904.0,495.0,20840.0,32210.0,10150.0,,
1984-10-30,1083.0,500.0,447.0,72930.0,13860.0,8410.0,,
1984-10-31,744.0,821.0,461.0,31250.0,47290.0,13350.0,,
1984-11-01,1035.0,571.0,416.0,75180.0,20020.0,12160.0,,
1984-11-02,914.0,645.0,454.0,54120.0,31960.0,10730.0,,
1984-11-05,1076.0,558.0,418.0,59620.0,16690.0,8420.0,,
1984-11-06,1117.0,470.0,444.0,75730.0,15720.0,9800.0,,
1984-11-07,629.0,986.0,419.0,28360.0,70840.0,11600.0,,
1984-11-08,766.0,775.0,485.0,36580.0,37520.0,14480.0,,
1984-11-09,790.0,733.0,503.0,32020.0,37140.0,14460.0,,
1984-11-12,581.0,891.0,514.0,14610.0,29360.0,11640.0,,
1984-11-13,480.0,1066.0,458.0,11180.0,48340.0,10270.0,,
1984-11-14,661.0,827.0,535.0,25300.0,32370.0,16270.0,,
1984-11-15,663.0,864.0,473.0,30230.0,41900.0,9400.0,,
1984-11-16,490.0,1057.0,464.0,12930.0,60360.0,9850.0,,
1984-11-19,455.0,1135.0,439.0,15680.0,44470.0,9580.0,,
1984-11-20,853.0,693.0,455.0,49880.0,21340.0,12020.0,,
1984-11-21,796.0,675.0,502.0,40800.0,26680.0,14140.0,,
1984-11-23,1218.0,332.0,411.0,62140.0,5860.0,5910.0,,
1984-11-26,659.0,901.0,468.0,19420.0,45090.0,12010.0,,
1984-11-27,918.0,644.0,461.0,56550.0,28340.0,10580.0,,
1984-11-28,589.0,919.0,513.0,20820.0,51160.0,14320.0,,
1984-11-29,506.0,1047.0,466.0,18390.0,44650.0,12820.0,,
1984-11-30,658.0,871.0,458.0,25060.0,39870.0,12650.0,,
1984-12-03,600.0,940.0,488.0,26770.0,47080.0,21450.0,,
1984-12-04,816.0,689.0,514.0,40010.0,28840.0,12400.0,,
1984-12-05,522.0,1032.0,471.0,27480.0,52350.0,8870.0,,
1984-12-06,810.0,766.0,457.0,47450.0,36980.0,12130.0,,
1984-12-07,682.0,803.0,525.0,31130.0,37890.0,11980.0,,
1984-12-10,790.0,783.0,472.0,37270.0,31770.0,12100.0,,
1984-12-11,845.0,682.0,506.0,40230.0,27770.0,12240.0,,
1984-12-12,676.0,806.0,540.0,27280.0,40390.0,11040.0,,
1984-12-13,678.0,823.0,518.0,30700.0,37800.0,12350.0,,
1984-12-14,922.0,617.0,502.0,60720.0,23030.0,11310.0,,
1984-12-17,935.0,646.0,448.0,49760.0,28180.0,11550.0,,
1984-12-18,1433.0,324.0,323.0,147910.0,13710.0,7460.0,,
1984-12-19,902.0,767.0,418.0,57940.0,68740.0,12950.0,,
1984-12-20,641.0,954.0,466.0,32490.0,49270.0,11460.0,,
1984-12-21,621.0,963.0,465.0,29720.0,56610.0,14940.0,,
1984-12-24,966.0,461.0,495.0,35800.0,13300.0,6450.0,,
1984-12-26,646.0,740.0,597.0,16770.0,20580.0,9350.0,,
1984-12-27,586.0,894.0,548.0,20060.0,37560.0,12480.0,,
1984-12-28,840.0,671.0,527.0,42250.0,22300.0,12520.0,,
1984-12-31,976.0,598.0,449.0,45300.0,24480.0,10480.0,,
1985-01-02,629.0,919.0,422.0,11740.0,48320.0,7760.0,,
1985-01-03,751.0,805.0,457.0,28700.0,46060.0,14120.0,,
1985-01-04,662.0,874.0,473.0,24790.0,42150.0,10540.0,,
1985-01-07,981.0,583.0,457.0,46140.0,31510.0,8540.0,,
1985-01-08,840.0,695.0,483.0,42030.0,34910.0,15170.0,,
1985-01-09,1075.0,519.0,444.0,66720.0,19980.0,12530.0,,
1985-01-10,1298.0,367.0,371.0,100870.0,14040.0,9770.0,,
1985-01-11,917.0,730.0,408.0,47460.0,50530.0,9600.0,,
1985-01-14,1326.0,370.0,364.0,96740.0,19700.0,8440.0,,
1985-01-15,1025.0,577.0,433.0,82720.0,52760.0,19780.0,,
1985-01-16,1092.0,541.0,423.0,79210.0,38150.0,18160.0,,
1985-01-17,815.0,745.0,456.0,40270.0,59570.0,13710.0,,
1985-01-18,966.0,616.0,445.0,54500.0,35140.0,15080.0,,
1985-01-21,1331.0,383.0,322.0,124950.0,14260.0,7620.0,,
1985-01-22,948.0,698.0,429.0,90170.0,65050.0,19550.0,,
1985-01-23,1180.0,499.0,392.0,101660.0,28690.0,14080.0,,
1985-01-24,919.0,756.0,402.0,78660.0,65860.0,16220.0,,
1985-01-25,977.0,616.0,450.0,78070.0,29900.0,14470.0,,
1985-01-28,971.0,674.0,416.0,61340.0,48350.0,18720.0,,
1985-01-29,1008.0,571.0,471.0,71220.0,31440.0,13070.0,,
1985-01-30,996.0,682.0,393.0,86490.0,64290.0,19240.0,,
1985-01-31,835.0,807.0,424.0,65430.0,50950.0,16090.0,,
1985-02-01,663.0,935.0,438.0,31640.0,58520.0,15280.0,,
1985-02-04,1100.0,525.0,408.0,84590.0,17530.0,11600.0,,
1985-02-05,1005.0,627.0,410.0,85490.0,46200.0,12210.0,,
1985-02-06,944.0,680.0,413.0,71000.0,57620.0,12360.0,,
1985-02-07,1119.0,562.0,368.0,102060.0,36340.0,13330.0,,
1985-02-08,928.0,706.0,411.0,63920.0,38870.0,13670.0,,
1985-02-11,611.0,1027.0,404.0,24500.0,68080.0,11420.0,,
1985-02-12,806.0,737.0,469.0,48390.0,47860.0,14870.0,,
1985-02-13,1230.0,403.0,400.0,115170.0,16220.0,11070.0,,
1985-02-14,809.0,831.0,409.0,55210.0,68220.0,16300.0,,
1985-02-15,681.0,914.0,419.0,39750.0,55940.0,10780.0,,
1985-02-19,666.0,905.0,451.0,35130.0,43400.0,11870.0,,
1985-02-20,826.0,772.0,426.0,56070.0,44880.0,17260.0,,
1985-02-21,510.0,1034.0,490.0,29470.0,60720.0,13830.0,,
1985-02-22,588.0,1006.0,423.0,27280.0,52600.0,13800.0,,
1985-02-25,487.0,1115.0,441.0,27930.0,50490.0,11320.0,,
1985-02-26,1018.0,563.0,426.0,76660.0,25290.0,12200.0,,
1985-02-27,768.0,808.0,451.0,44880.0,50540.0,12270.0,,
1985-02-28,814.0,714.0,488.0,51770.0,33840.0,15110.0,,
1985-03-01,1114.0,485.0,412.0,101360.0,23720.0,14790.0,,
1985-03-04,578.0,968.0,474.0,32660.0,57260.0,12160.0,,
1985-03-05,723.0,833.0,465.0,47260.0,53320.0,15790.0,,
1985-03-06,577.0,966.0,466.0,32860.0,70040.0,14040.0,,
1985-03-07,596.0,982.0,428.0,34020.0,60890.0,17190.0,,
1985-03-08,636.0,857.0,488.0,34510.0,47720.0,14160.0,,
1985-03-11,596.0,929.0,469.0,25710.0,44850.0,13550.0,,
1985-03-12,830.0,682.0,500.0,52140.0,24890.0,15810.0,,
1985-03-13,485.0,1037.0,473.0,28110.0,62420.0,11140.0,,
1985-03-14,729.0,778.0,473.0,39610.0,42910.0,20830.0,,
1985-03-15,644.0,876.0,472.0,34270.0,57760.0,13160.0,,
1985-03-18,616.0,940.0,445.0,41210.0,42530.0,10280.0,,
1985-03-19,1058.0,512.0,449.0,92230.0,16560.0,10380.0,,
1985-03-20,709.0,853.0,466.0,41920.0,52110.0,13500.0,,
1985-03-21,833.0,693.0,486.0,49060.0,33040.0,13830.0,,
1985-03-22,689.0,812.0,507.0,39640.0,46320.0,13290.0,,
1985-03-25,520.0,1034.0,446.0,18770.0,46890.0,8380.0,,
1985-03-26,814.0,692.0,484.0,47600.0,29940.0,12390.0,,
1985-03-27,1042.0,532.0,422.0,70090.0,20870.0,10080.0,,
1985-03-28,911.0,650.0,444.0,50530.0,36830.0,12420.0,,
1985-03-29,1044.0,513.0,441.0,67830.0,24650.0,8870.0,,
1985-04-01,852.0,700.0,448.0,48740.0,29130.0,12030.0,,
1985-04-02,724.0,840.0,452.0,39160.0,46350.0,16150.0,,
1985-04-03,514.0,1001.0,495.0,24760.0,60540.0,10180.0,,
1985-04-04,687.0,799.0,511.0,34490.0,38290.0,14130.0,,
1985-04-08,686.0,885.0,438.0,25550.0,42790.0,11620.0,,
1985-04-09,742.0,783.0,516.0,39510.0,33150.0,11320.0,,
1985-04-10,1068.0,503.0,452.0,66740.0,27790.0,13620.0,,
1985-04-11,937.0,633.0,465.0,69890.0,27090.0,11380.0,,
1985-04-12,816.0,695.0,495.0,46240.0,29930.0,10050.0,,
1985-04-15,872.0,643.0,479.0,44730.0,23670.0,12260.0,,
1985-04-16,795.0,735.0,513.0,46770.0,36320.0,15390.0,,
1985-04-17,895.0,630.0,488.0,47230.0,37420.0,11370.0,,
1985-04-18,698.0,823.0,491.0,32560.0,57740.0,10340.0,,
1985-04-19,801.0,762.0,467.0,36200.0,31580.0,13330.0,,
1985-04-22,639.0,856.0,503.0,30490.0,38610.0,10830.0,,
1985-04-23,935.0,574.0,519.0,63490.0,30200.0,15230.0,,
1985-04-24,781.0,764.0,448.0,47090.0,38170.0,14340.0,,
1985-04-25,903.0,609.0,474.0,60390.0,36960.0,11280.0,,
1985-04-26,639.0,852.0,476.0,23730.0,52400.0,10440.0,,
1985-04-29,438.0,1086.0,469.0,22950.0,54870.0,11040.0,,
1985-04-30,546.0,990.0,461.0,37740.0,61230.0,12840.0,,
1985-05-01,569.0,950.0,485.0,28400.0,61950.0,11200.0,,
1985-05-02,714.0,804.0,498.0,54150.0,41550.0,12040.0,,
1985-05-03,940.0,563.0,490.0,59630.0,25200.0,10040.0,,
1985-05-06,815.0,688.0,498.0,39560.0,34270.0,11820.0,,
1985-05-07,907.0,608.0,498.0,60090.0,25650.0,14410.0,,
1985-05-08,764.0,765.0,481.0,45990.0,42910.0,12370.0,,
1985-05-09,1078.0,498.0,451.0,81110.0,18270.0,11610.0,,
1985-05-10,1233.0,393.0,382.0,114050.0,17470.0,8740.0,,
1985-05-13,872.0,671.0,484.0,43750.0,30360.0,11720.0,,
1985-05-14,732.0,838.0,458.0,33940.0,47680.0,15740.0,,
1985-05-15,939.0,608.0,465.0,63130.0,27930.0,15060.0,,
1985-05-16,1024.0,567.0,431.0,65670.0,22070.0,11680.0,,
1985-05-17,1165.0,451.0,426.0,83770.0,25860.0,15000.0,,
1985-05-20,1280.0,430.0,355.0,115380.0,21830.0,9040.0,,
1985-05-21,782.0,817.0,466.0,54930.0,60780.0,14440.0,,
1985-05-22,515.0,1117.0,420.0,28570.0,65080.0,7720.0,,
1985-05-23,632.0,930.0,491.0,32910.0,54640.0,13450.0,,
1985-05-24,867.0,659.0,464.0,51150.0,21540.0,13280.0,,
1985-05-28,683.0,833.0,509.0,37280.0,39690.0,13630.0,,
1985-05-29,793.0,750.0,480.0,44620.0,35960.0,15960.0,,
1985-05-30,787.0,729.0,492.0,46480.0,45570.0,16280.0,,
1985-05-31,1057.0,548.0,433.0,95830.0,25320.0,12990.0,,
1985-06-03,930.0,691.0,431.0,58220.0,50740.0,16040.0,,
1985-06-04,1013.0,584.0,440.0,66540.0,34030.0,14850.0,,
1985-06-05,990.0,633.0,430.0,74150.0,51150.0,18570.0,,
1985-06-06,898.0,705.0,437.0,65750.0,36950.0,14480.0,,
1985-06-07,606.0,983.0,441.0,29240.0,56630.0,13760.0,,
1985-06-10,651.0,920.0,460.0,31950.0,40750.0,15240.0,,
1985-06-11,744.0,825.0,476.0,39390.0,45380.0,17290.0,,
1985-06-12,626.0,965.0,453.0,32280.0,55180.0,10240.0,,
1985-06-13,498.0,1128.0,415.0,15460.0,79510.0,12060.0,,
1985-06-14,1047.0,531.0,449.0,63250.0,21520.0,8320.0,,
1985-06-17,680.0,854.0,464.0,28880.0,43980.0,9310.0,,
1985-06-18,1000.0,614.0,447.0,63340.0,30850.0,12740.0,,
1985-06-19,813.0,793.0,424.0,44240.0,52380.0,11650.0,,
1985-06-20,714.0,823.0,487.0,34110.0,37720.0,15670.0,,
1985-06-21,1034.0,551.0,449.0,86320.0,24680.0,14400.0,,
1985-06-24,725.0,852.0,436.0,41880.0,41530.0,12630.0,,
1985-06-25,964.0,615.0,446.0,63870.0,37610.0,14180.0,,
1985-06-26,787.0,730.0,479.0,46210.0,34200.0,13720.0,,
1985-06-27,977.0,590.0,438.0,71040.0,22310.0,13380.0,,
1985-06-28,948.0,619.0,440.0,63280.0,28140.0,13820.0,,
1985-07-01,903.0,684.0,428.0,56780.0,27520.0,11780.0,,
1985-07-02,837.0,756.0,438.0,47670.0,47290.0,16110.0,,
1985-07-03,793.0,759.0,456.0,36640.0,46130.0,15640.0,,
1985-07-05,1118.0,400.0,463.0,41730.0,11350.0,9370.0,,
1985-07-08,658.0,917.0,450.0,29120.0,44140.0,10410.0,,
1985-07-09,696.0,837.0,493.0,36580.0,50670.0,11810.0,,
1985-07-10,993.0,584.0,432.0,70220.0,26030.0,11930.0,,
1985-07-11,971.0,627.0,427.0,72940.0,36510.0,13340.0,,
1985-07-12,873.0,670.0,498.0,63770.0,43010.0,13480.0,,
1985-07-15,875.0,691.0,458.0,47350.0,43150.0,13420.0,,
1985-07-16,1211.0,437.0,387.0,90720.0,26180.0,15600.0,,
1985-07-17,976.0,683.0,387.0,91530.0,52840.0,15550.0,,
1985-07-18,614.0,1009.0,428.0,50430.0,66770.0,14150.0,,
1985-07-19,1059.0,553.0,418.0,67350.0,33100.0,14380.0,,
1985-07-22,553.0,1053.0,440.0,29720.0,48780.0,15040.0,,
1985-07-23,622.0,983.0,428.0,49010.0,78030.0,16590.0,,
1985-07-24,669.0,1006.0,391.0,41320.0,74450.0,12830.0,,
1985-07-25,708.0,900.0,427.0,62360.0,47570.0,13360.0,,
1985-07-26,763.0,802.0,440.0,52340.0,40150.0,14460.0,,
1985-07-29,359.0,1314.0,362.0,11860.0,78310.0,5790.0,,
1985-07-30,703.0,880.0,428.0,50340.0,39580.0,12350.0,,
1985-07-31,977.0,611.0,414.0,79640.0,35060.0,9470.0,,
1985-08-01,1053.0,557.0,420.0,79490.0,29330.0,12660.0,,
1985-08-02,685.0,831.0,467.0,33000.0,41390.0,13470.0,,
1985-08-05,458.0,1156.0,410.0,25240.0,45540.0,8830.0,,
1985-08-06,398.0,1253.0,386.0,18440.0,75930.0,9610.0,,
1985-08-07,634.0,949.0,457.0,40190.0,47020.0,12830.0,,
1985-08-08,1096.0,484.0,428.0,69790.0,20760.0,12320.0,,
1985-08-09,659.0,895.0,432.0,31160.0,38770.0,11820.0,,
1985-08-12,574.0,947.0,467.0,26490.0,39790.0,11060.0,,
1985-08-13,708.0,782.0,517.0,31060.0,36170.0,13070.0,,
1985-08-14,883.0,616.0,505.0,40740.0,31240.0,13800.0,,
1985-08-15,768.0,710.0,523.0,34320.0,36580.0,15200.0,,
1985-08-16,422.0,1073.0,505.0,20230.0,56220.0,11460.0,,
1985-08-19,795.0,712.0,474.0,32440.0,24560.0,10930.0,,
1985-08-20,930.0,587.0,485.0,62500.0,17750.0,10980.0,,
1985-08-21,989.0,566.0,447.0,60280.0,22370.0,12230.0,,
1985-08-22,575.0,1004.0,439.0,24370.0,56670.0,9560.0,,
1985-08-23,708.0,758.0,512.0,29030.0,31840.0,14400.0,,
1985-08-26,790.0,732.0,462.0,32480.0,26230.0,11580.0,,
1985-08-27,877.0,626.0,504.0,43870.0,26770.0,11500.0,,
1985-08-28,845.0,620.0,510.0,45660.0,30760.0,12110.0,,
1985-08-29,799.0,674.0,510.0,41480.0,30390.0,13790.0,,
1985-08-30,760.0,700.0,508.0,36830.0,33620.0,11170.0,,
1985-09-03,510.0,1053.0,450.0,22670.0,48880.0,9640.0,,
1985-09-04,593.0,899.0,535.0,24790.0,44700.0,16020.0,,
1985-09-05,666.0,792.0,522.0,37830.0,40380.0,16270.0,,
1985-09-06,870.0,619.0,478.0,50430.0,27280.0,17330.0,,
1985-09-09,766.0,725.0,520.0,48390.0,26510.0,14950.0,,
1985-09-10,465.0,1094.0,454.0,29670.0,60860.0,14200.0,,
1985-09-11,345.0,1222.0,448.0,13440.0,76770.0,10170.0,,
1985-09-12,415.0,1133.0,475.0,22810.0,74130.0,10130.0,,
1985-09-13,474.0,1059.0,476.0,33890.0,62690.0,14810.0,,
1985-09-16,700.0,746.0,530.0,27010.0,27670.0,12020.0,,
1985-09-17,438.0,1162.0,425.0,22060.0,75040.0,14830.0,,
1985-09-18,658.0,872.0,481.0,46970.0,45270.0,13470.0,,
1985-09-19,1085.0,439.0,454.0,69550.0,19380.0,11390.0,,
1985-09-20,733.0,796.0,470.0,32670.0,56520.0,12200.0,,
1985-09-23,1074.0,491.0,446.0,82170.0,14270.0,8350.0,,
1985-09-24,507.0,996.0,470.0,21070.0,62480.0,14320.0,,
1985-09-25,415.0,1093.0,457.0,19550.0,60320.0,12250.0,,
1985-09-26,629.0,900.0,463.0,51740.0,43990.0,10370.0,,
1985-09-30,804.0,779.0,444.0,52490.0,38950.0,12180.0,,
1985-10-01,1100.0,471.0,428.0,96520.0,18960.0,14760.0,,
1985-10-02,772.0,754.0,493.0,57790.0,79900.0,9640.0,,
1985-10-03,791.0,717.0,482.0,61700.0,43670.0,22170.0,,
1985-10-04,634.0,869.0,469.0,33710.0,57220.0,10240.0,,
1985-10-07,581.0,959.0,445.0,23130.0,56960.0,15460.0,,
1985-10-08,652.0,841.0,503.0,40370.0,43480.0,13320.0,,
1985-10-09,855.0,622.0,509.0,58260.0,29320.0,11560.0,,
1985-10-10,823.0,653.0,510.0,46250.0,35210.0,9450.0,,
1985-10-11,981.0,493.0,504.0,67140.0,16660.0,12570.0,,
1985-10-14,987.0,462.0,476.0,57700.0,11900.0,8940.0,,
1985-10-15,755.0,724.0,496.0,47030.0,49000.0,14320.0,,
1985-10-16,966.0,533.0,487.0,78920.0,22140.0,16300.0,,
1985-10-17,817.0,720.0,471.0,69680.0,59650.0,11180.0,,
1985-10-18,740.0,770.0,491.0,49230.0,46030.0,11820.0,,
1985-10-21,674.0,889.0,435.0,39130.0,45570.0,10980.0,,
1985-10-22,934.0,602.0,464.0,71020.0,30210.0,10060.0,,
1985-10-23,878.0,632.0,506.0,73420.0,35910.0,12320.0,,
1985-10-24,729.0,808.0,449.0,52580.0,56290.0,14270.0,,
1985-10-25,558.0,915.0,526.0,30710.0,55910.0,15190.0,,
1985-10-28,712.0,815.0,487.0,43070.0,39310.0,15500.0,,
1985-10-29,999.0,558.0,466.0,71330.0,26020.0,13250.0,,
1985-10-30,983.0,574.0,470.0,69610.0,38570.0,12180.0,,
1985-10-31,792.0,688.0,524.0,50540.0,52890.0,18100.0,,
1985-11-01,1009.0,561.0,433.0,81020.0,37610.0,10730.0,,
1985-11-04,769.0,805.0,464.0,42000.0,48100.0,14840.0,,
1985-11-05,986.0,548.0,492.0,75500.0,25740.0,17950.0,,
1985-11-06,967.0,642.0,454.0,78060.0,37580.0,13840.0,,
1985-11-07,855.0,747.0,432.0,55140.0,50870.0,12940.0,,
1985-11-08,1135.0,478.0,446.0,70250.0,27700.0,17010.0,,
1985-11-11,1225.0,427.0,367.0,100700.0,16860.0,8980.0,,
1985-11-12,1116.0,566.0,380.0,101910.0,48630.0,20260.0,,
1985-11-13,586.0,1023.0,430.0,36370.0,58310.0,15010.0,,
1985-11-14,1136.0,491.0,428.0,91080.0,20850.0,13000.0,,
1985-11-15,729.0,848.0,469.0,52430.0,64830.0,12980.0,,
1985-11-18,764.0,893.0,392.0,54970.0,40890.0,12500.0,,
1985-11-19,1009.0,633.0,422.0,64440.0,46220.0,15480.0,,
1985-11-20,759.0,802.0,472.0,52790.0,38300.0,14010.0,,
1985-11-21,1263.0,423.0,381.0,106470.0,26870.0,16980.0,,
1985-11-22,968.0,643.0,446.0,75220.0,41740.0,16790.0,,
1985-11-25,558.0,1095.0,386.0,24330.0,56270.0,11110.0,,
1985-11-26,795.0,767.0,483.0,59780.0,46010.0,17260.0,,
1985-11-27,1021.0,565.0,436.0,91250.0,37130.0,15270.0,,
1985-11-29,832.0,662.0,458.0,39610.0,34650.0,9800.0,,
1985-12-02,566.0,1056.0,429.0,29890.0,62400.0,11240.0,,
1985-12-03,907.0,652.0,474.0,52250.0,41000.0,16440.0,,
1985-12-04,1298.0,377.0,389.0,124330.0,16600.0,12230.0,,
1985-12-05,870.0,791.0,417.0,74680.0,83030.0,23300.0,,
1985-12-06,508.0,1128.0,414.0,31420.0,78040.0,16080.0,,
1985-12-09,1029.0,659.0,389.0,90480.0,39440.0,14090.0,,
1985-12-10,892.0,769.0,429.0,79210.0,63150.0,14140.0,,
1985-12-11,1140.0,585.0,364.0,120530.0,43910.0,14030.0,,
1985-12-12,920.0,721.0,433.0,90850.0,59080.0,20610.0,,
1985-12-13,1305.0,417.0,357.0,137620.0,25340.0,14940.0,,
1985-12-16,1024.0,702.0,365.0,109960.0,48850.0,17220.0,,
1985-12-17,667.0,1042.0,392.0,49980.0,91610.0,13640.0,,
1985-12-18,673.0,986.0,424.0,48320.0,73180.0,16390.0,,
1985-12-19,852.0,810.0,402.0,58020.0,57600.0,14610.0,,
1985-12-20,1102.0,574.0,385.0,99050.0,50150.0,21070.0,,
1985-12-23,498.0,1199.0,383.0,19270.0,77910.0,10710.0,,
1985-12-24,534.0,971.0,494.0,23200.0,42430.0,12670.0,,
1985-12-26,859.0,618.0,489.0,31210.0,20470.0,10370.0,,
1985-12-27,1143.0,438.0,409.0,57870.0,12630.0,11060.0,,
1985-12-30,947.0,639.0,469.0,44010.0,30560.0,17400.0,,
1985-12-31,949.0,655.0,418.0,63360.0,33830.0,15460.0,,
1986-01-02,706.0,902.0,396.0,34240.0,52180.0,12540.0,,
1986-01-03,1136.0,499.0,403.0,65380.0,24870.0,14780.0,,
1986-01-06,781.0,875.0,393.0,42890.0,43140.0,13580.0,,
1986-01-07,1357.0,371.0,349.0,124040.0,17180.0,11730.0,,
1986-01-08,515.0,1254.0,321.0,27680.0,145760.0,6890.0,,
1986-01-09,336.0,1490.0,239.0,41930.0,125260.0,9270.0,,
1986-01-10,800.0,808.0,432.0,56690.0,46180.0,19910.0,,
1986-01-13,907.0,691.0,435.0,57570.0,40200.0,10910.0,,
1986-01-14,952.0,671.0,415.0,54170.0,45210.0,14540.0,,
1986-01-15,1090.0,495.0,446.0,80760.0,25700.0,15960.0,,
1986-01-16,917.0,653.0,433.0,70850.0,44720.0,14890.0,,
1986-01-17,835.0,741.0,432.0,51760.0,69220.0,11150.0,,
1986-01-20,655.0,922.0,428.0,24950.0,46760.0,13630.0,,
1986-01-21,609.0,1023.0,404.0,34750.0,80980.0,12580.0,,
1986-01-22,544.0,1055.0,419.0,34160.0,85500.0,11520.0,,
1986-01-23,805.0,768.0,461.0,56450.0,48580.0,25280.0,,
1986-01-24,1155.0,465.0,399.0,91170.0,22770.0,14990.0,,
1986-01-27,966.0,683.0,385.0,68860.0,43480.0,10590.0,,
1986-01-28,1095.0,569.0,368.0,98040.0,34090.0,13530.0,,
1986-01-29,797.0,886.0,363.0,99340.0,77150.0,17310.0,,
1986-01-30,866.0,737.0,427.0,48590.0,62990.0,13760.0,,
1986-01-31,1116.0,508.0,390.0,90330.0,39100.0,14080.0,,
1986-02-03,1093.0,543.0,395.0,96080.0,34550.0,14650.0,,
1986-02-04,797.0,867.0,397.0,67880.0,92640.0,15210.0,,
1986-02-05,844.0,794.0,420.0,57420.0,62310.0,14580.0,,
1986-02-06,977.0,653.0,405.0,77640.0,53400.0,15060.0,,
1986-02-07,964.0,646.0,425.0,80880.0,48460.0,15060.0,,
1986-02-10,1035.0,583.0,428.0,81010.0,34140.0,14760.0,,
1986-02-11,838.0,773.0,419.0,69780.0,58330.0,13140.0,,
1986-02-12,934.0,668.0,444.0,75750.0,46250.0,14370.0,,
1986-02-13,976.0,647.0,421.0,79440.0,36310.0,20740.0,,
1986-02-14,1156.0,523.0,381.0,104430.0,37050.0,14110.0,,
1986-02-18,1183.0,517.0,377.0,116180.0,30470.0,13550.0,,
1986-02-19,706.0,1009.0,356.0,38370.0,99840.0,13820.0,,
1986-02-20,1036.0,604.0,432.0,90900.0,32260.0,16580.0,,
1986-02-21,1329.0,398.0,365.0,132640.0,33760.0,11190.0,,
1986-02-24,803.0,911.0,375.0,67840.0,61910.0,14920.0,,
1986-02-25,806.0,849.0,434.0,73620.0,59160.0,15180.0,,
1986-02-26,838.0,767.0,467.0,80370.0,55300.0,22350.0,,
1986-02-27,1271.0,461.0,359.0,132690.0,33130.0,15920.0,,
1986-02-28,1064.0,685.0,347.0,100030.0,71370.0,20260.0,,
1986-03-03,817.0,885.0,403.0,59237.0,69892.0,13541.0,,
1986-03-04,995.0,727.0,370.0,87788.0,69583.0,17139.0,,
1986-03-05,718.0,975.0,390.0,64014.0,75245.0,15301.0,,
1986-03-06,1066.0,583.0,408.0,87337.0,54421.0,17232.0,,
1986-03-07,880.0,778.0,426.0,74803.0,71548.0,16879.0,,
1986-03-10,991.0,665.0,413.0,75392.0,39338.0,15200.0,,
1986-03-11,1363.0,371.0,329.0,155514.0,20292.0,11464.0,,
1986-03-12,1129.0,643.0,324.0,124726.0,65300.0,20224.0,,
1986-03-13,864.0,833.0,397.0,85353.0,69545.0,16582.0,,
1986-03-14,1028.0,646.0,400.0,123493.0,46634.0,11743.0,,
1986-03-17,522.0,1244.0,337.0,38514.0,87240.0,11706.0,,
1986-03-18,1038.0,667.0,384.0,89392.0,42867.0,15751.0,,
1986-03-19,772.0,885.0,429.0,60567.0,72115.0,17308.0,,
1986-03-20,925.0,720.0,421.0,82619.0,48267.0,17064.0,,
1986-03-21,1020.0,718.0,327.0,72540.0,101238.0,25442.0,,
1986-03-24,736.0,1018.0,338.0,77194.0,52704.0,13912.0,,
1986-03-25,684.0,987.0,374.0,54777.0,71286.0,13187.0,,
1986-03-26,1116.0,565.0,387.0,116804.0,34516.0,10140.0,,
1986-03-27,1159.0,549.0,372.0,117305.0,43369.0,17426.0,,
1986-03-31,853.0,862.0,368.0,60644.0,59601.0,14195.0,,
1986-04-01,644.0,1129.0,329.0,27102.0,123055.0,17233.0,,
1986-04-02,748.0,899.0,399.0,68655.0,58143.0,18502.0,,
1986-04-03,530.0,1178.0,371.0,36025.0,96139.0,16066.0,,
1986-04-04,454.0,1250.0,351.0,29587.0,105481.0,12202.0,,
1986-04-07,664.0,1015.0,367.0,48210.0,67918.0,13632.0,,
1986-04-08,1392.0,330.0,326.0,113673.0,22029.0,10588.0,,
1986-04-09,990.0,688.0,388.0,83365.0,56983.0,15902.0,,
1986-04-10,1097.0,536.0,415.0,126152.0,23023.0,35585.0,,
1986-04-11,815.0,817.0,403.0,65925.0,61129.0,12386.0,,
1986-04-14,981.0,653.0,417.0,57962.0,32960.0,15808.0,,
1986-04-15,840.0,798.0,407.0,53566.0,53441.0,16643.0,,
1986-04-16,1305.0,397.0,338.0,137742.0,26853.0,9235.0,,
1986-04-17,998.0,695.0,380.0,88675.0,58228.0,14497.0,,
1986-04-18,883.0,789.0,402.0,69619.0,65416.0,18605.0,,
1986-04-21,1032.0,675.0,361.0,80032.0,41996.0,14062.0,,
1986-04-22,659.0,1030.0,389.0,49101.0,95438.0,16971.0,,
1986-04-23,637.0,1073.0,339.0,51282.0,85450.0,12958.0,,
1986-04-24,815.0,784.0,418.0,72833.0,58829.0,14898.0,,
1986-04-25,762.0,876.0,414.0,64576.0,62129.0,15605.0,,
1986-04-28,761.0,812.0,421.0,56893.0,50946.0,16021.0,,
1986-04-29,499.0,1153.0,389.0,32551.0,104187.0,12032.0,,
1986-04-30,365.0,1353.0,354.0,17759.0,121639.0,8062.0,,
1986-05-01,643.0,1004.0,397.0,59609.0,70246.0,16625.0,,
1986-05-02,785.0,828.0,411.0,59851.0,52033.0,14386.0,,
1986-05-05,1119.0,528.0,379.0,73290.0,19908.0,9242.0,,
1986-05-06,801.0,754.0,446.0,55178.0,48271.0,17731.0,,
1986-05-07,579.0,1019.0,406.0,41365.0,74794.0,13731.0,,
1986-05-08,1008.0,589.0,399.0,85701.0,38628.0,11701.0,,
1986-05-09,853.0,741.0,419.0,72034.0,44529.0,20837.0,,
1986-05-12,698.0,899.0,409.0,58167.0,49142.0,18051.0,,
1986-05-13,681.0,896.0,434.0,35438.0,71155.0,12567.0,,
1986-05-14,778.0,767.0,454.0,73467.0,43488.0,15185.0,,
1986-05-15,451.0,1149.0,405.0,22673.0,89687.0,19210.0,,
1986-05-16,563.0,1002.0,438.0,27982.0,70160.0,15398.0,,
1986-05-19,714.0,790.0,480.0,40330.0,31436.0,14074.0,,
1986-05-20,979.0,597.0,417.0,74550.0,23804.0,14636.0,,
1986-05-21,774.0,759.0,464.0,51153.0,52119.0,13818.0,,
1986-05-22,1218.0,452.0,360.0,113382.0,21105.0,10433.0,,
1986-05-23,938.0,611.0,405.0,79562.0,33483.0,17115.0,,
1986-05-27,1198.0,485.0,301.0,94491.0,18480.0,8189.0,,
1986-05-28,996.0,652.0,378.0,99657.0,46681.0,13252.0,,
1986-05-29,835.0,754.0,427.0,77118.0,42894.0,15658.0,,
1986-05-30,736.0,836.0,427.0,60515.0,71745.0,18940.0,,
1986-06-02,534.0,1055.0,373.0,31884.0,72360.0,16346.0,,
1986-06-03,748.0,793.0,435.0,50572.0,46012.0,18126.0,,
1986-06-04,561.0,973.0,436.0,34092.0,64840.0,18028.0,,
1986-06-05,843.0,699.0,429.0,64710.0,31927.0,14283.0,,
1986-06-06,684.0,831.0,450.0,48097.0,47649.0,15164.0,,
1986-06-09,279.0,1420.0,274.0,12436.0,103677.0,7217.0,,
1986-06-10,628.0,941.0,405.0,42510.0,65731.0,16779.0,,
1986-06-11,959.0,582.0,436.0,72710.0,37956.0,16684.0,,
1986-06-12,807.0,732.0,419.0,53349.0,39540.0,16171.0,,
1986-06-13,1198.0,371.0,393.0,111929.0,15899.0,13372.0,,
1986-06-16,754.0,815.0,393.0,46517.0,51042.0,14561.0,,
1986-06-17,622.0,992.0,375.0,39864.0,72055.0,11171.0,,
1986-06-18,673.0,851.0,458.0,45163.0,53723.0,18154.0,,
1986-06-19,684.0,853.0,438.0,46240.0,64448.0,18292.0,,
1986-06-20,761.0,889.0,329.0,96959.0,40227.0,11954.0,,
1986-06-23,727.0,894.0,346.0,39046.0,68429.0,16275.0,,
1986-06-24,1061.0,520.0,406.0,93497.0,31039.0,16084.0,,
1986-06-25,969.0,609.0,399.0,100711.0,37174.0,23905.0,,
1986-06-26,737.0,772.0,439.0,59238.0,56310.0,18522.0,,
1986-06-27,882.0,664.0,413.0,75681.0,34867.0,13262.0,,
1986-06-30,1033.0,568.0,379.0,82502.0,35584.0,17044.0,,
1986-07-01,899.0,659.0,437.0,80330.0,51886.0,15454.0,,
1986-07-02,857.0,736.0,401.0,85124.0,51543.0,13333.0,,
1986-07-03,657.0,872.0,454.0,40495.0,49732.0,18033.0,,
1986-07-07,263.0,1469.0,238.0,8034.0,126184.0,4012.0,,
1986-07-08,298.0,1415.0,297.0,33645.0,130439.0,9976.0,,
1986-07-09,1024.0,546.0,410.0,72643.0,58370.0,11867.0,,
1986-07-10,818.0,758.0,404.0,89811.0,39628.0,16721.0,,
1986-07-11,874.0,711.0,403.0,56993.0,54380.0,13097.0,,
1986-07-14,424.0,1253.0,304.0,20639.0,96025.0,6506.0,,
1986-07-15,430.0,1265.0,313.0,24745.0,146322.0,12913.0,,
1986-07-16,925.0,680.0,389.0,85556.0,59881.0,15373.0,,
1986-07-17,902.0,649.0,420.0,68485.0,49962.0,13943.0,,
1986-07-18,688.0,862.0,406.0,62738.0,68546.0,18396.0,,
1986-07-21,707.0,832.0,444.0,47740.0,45179.0,13361.0,,
1986-07-22,975.0,651.0,366.0,87456.0,36616.0,14398.0,,
1986-07-23,855.0,740.0,386.0,72157.0,50082.0,11031.0,,
1986-07-24,648.0,923.0,400.0,46078.0,75551.0,13081.0,,
1986-07-25,970.0,593.0,407.0,85000.0,34694.0,12266.0,,
1986-07-28,378.0,1269.0,338.0,18762.0,100239.0,8989.0,,
1986-07-29,529.0,1067.0,384.0,30480.0,70146.0,15064.0,,
1986-07-30,780.0,820.0,371.0,75803.0,54691.0,16196.0,,
1986-07-31,695.0,884.0,392.0,42551.0,53351.0,16758.0,,
1986-08-01,670.0,845.0,423.0,36259.0,57028.0,21633.0,,
1986-08-04,651.0,920.0,382.0,57960.0,57954.0,14076.0,,
1986-08-05,908.0,667.0,389.0,91861.0,45515.0,15714.0,,
1986-08-06,693.0,862.0,413.0,51714.0,60797.0,14999.0,,
1986-08-07,881.0,670.0,408.0,69026.0,39863.0,13551.0,,
1986-08-08,795.0,727.0,427.0,53145.0,39918.0,13237.0,,
1986-08-11,1234.0,402.0,339.0,104580.0,12682.0,8338.0,,
1986-08-12,1171.0,484.0,352.0,104367.0,18453.0,8890.0,,
1986-08-13,1121.0,510.0,363.0,107260.0,35020.0,14120.0,,
1986-08-14,1030.0,554.0,398.0,75882.0,34142.0,13746.0,,
1986-08-15,895.0,683.0,390.0,70936.0,40677.0,11877.0,,
1986-08-18,786.0,828.0,372.0,52288.0,47276.0,13276.0,,
1986-08-19,760.0,863.0,391.0,46293.0,51541.0,11476.0,,
1986-08-20,1087.0,547.0,388.0,123786.0,22862.0,9952.0,,
1986-08-21,922.0,701.0,416.0,65579.0,52978.0,16623.0,,
1986-08-22,846.0,738.0,439.0,55762.0,44935.0,17433.0,,
1986-08-25,568.0,1056.0,377.0,28408.0,66809.0,9133.0,,
1986-08-26,1151.0,521.0,358.0,118407.0,27329.0,10904.0,,
1986-08-27,878.0,729.0,427.0,72839.0,53647.0,16784.0,,
1986-08-28,829.0,757.0,427.0,54098.0,57654.0,13328.0,,
1986-08-29,829.0,710.0,470.0,69693.0,37702.0,17875.0,,
1986-09-02,583.0,1070.0,371.0,28995.0,95309.0,11226.0,,
1986-09-03,826.0,814.0,389.0,90839.0,50629.0,12842.0,,
1986-09-04,1289.0,435.0,307.0,145107.0,30290.0,14023.0,,
1986-09-05,547.0,1165.0,310.0,49640.0,112412.0,18568.0,,
1986-09-08,539.0,1103.0,379.0,30949.0,109976.0,12375.0,,
1986-09-09,656.0,995.0,383.0,58281.0,65599.0,13640.0,,
1986-09-10,636.0,979.0,401.0,51334.0,68919.0,20047.0,,
1986-09-11,168.0,1695.0,182.0,6780.0,226461.0,4329.0,,
1986-09-12,409.0,1347.0,283.0,43603.0,180172.0,16715.0,,
1986-09-15,801.0,837.0,380.0,83000.0,59544.0,13076.0,,
1986-09-16,646.0,940.0,413.0,50825.0,59970.0,20385.0,,
1986-09-17,982.0,627.0,386.0,80878.0,46551.0,13611.0,,
1986-09-18,704.0,821.0,457.0,67021.0,46870.0,18349.0,,
1986-09-19,775.0,793.0,406.0,74652.0,64092.0,15116.0,,
1986-09-22,1130.0,468.0,366.0,93492.0,23124.0,9444.0,,
1986-09-23,947.0,638.0,413.0,74212.0,47626.0,10732.0,,
1986-09-24,918.0,643.0,420.0,75423.0,46099.0,13048.0,,
1986-09-25,408.0,1202.0,339.0,27951.0,97131.0,9208.0,,
1986-09-26,776.0,734.0,459.0,51272.0,47896.0,16102.0,,
1986-09-29,387.0,1203.0,398.0,22848.0,83842.0,8920.0,,
1986-09-30,1012.0,543.0,442.0,80492.0,28253.0,16135.0,,
1986-10-01,1041.0,559.0,374.0,97762.0,31264.0,14524.0,,
1986-10-02,807.0,752.0,425.0,61808.0,51732.0,14510.0,,
1986-10-03,758.0,776.0,464.0,56784.0,50168.0,21138.0,,
1986-10-06,829.0,693.0,436.0,50623.0,26026.0,11601.0,,
1986-10-07,724.0,804.0,467.0,63187.0,49379.0,12534.0,,
1986-10-08,964.0,585.0,449.0,101148.0,26088.0,14464.0,,
1986-10-09,796.0,731.0,448.0,66498.0,72902.0,13990.0,,
1986-10-10,743.0,773.0,448.0,42693.0,45246.0,17111.0,,
1986-10-13,729.0,642.0,476.0,23504.0,23601.0,7885.0,,
1986-10-14,676.0,819.0,464.0,47611.0,54785.0,14424.0,,
1986-10-15,1166.0,438.0,398.0,108392.0,22789.0,13129.0,,
1986-10-16,853.0,734.0,407.0,83208.0,54562.0,19150.0,,
1986-10-17,696.0,828.0,482.0,51796.0,56970.0,15344.0,,
1986-10-20,447.0,1109.0,415.0,27530.0,64907.0,16573.0,,
1986-10-21,788.0,737.0,477.0,46790.0,47901.0,15309.0,,
1986-10-22,781.0,733.0,485.0,58407.0,38893.0,16690.0,,
1986-10-23,1105.0,491.0,411.0,112637.0,26664.0,11639.0,,
1986-10-24,717.0,863.0,420.0,55701.0,64798.0,16981.0,,
1986-10-27,786.0,748.0,462.0,78595.0,37743.0,16902.0,,
1986-10-28,896.0,683.0,447.0,79298.0,53377.0,13195.0,,
1986-10-29,1028.0,584.0,406.0,115823.0,38196.0,10411.0,,
1986-10-30,1105.0,537.0,397.0,132989.0,45375.0,15856.0,,
1986-10-31,897.0,706.0,416.0,79836.0,52677.0,14697.0,,
1986-11-03,979.0,634.0,435.0,82805.0,38746.0,16669.0,,
1986-11-04,892.0,698.0,437.0,81405.0,59839.0,21996.0,,
1986-11-05,968.0,661.0,406.0,107658.0,57382.0,18130.0,,
1986-11-06,654.0,911.0,450.0,69653.0,73810.0,21827.0,,
1986-11-07,741.0,808.0,451.0,66127.0,59212.0,16961.0,,
1986-11-10,851.0,740.0,438.0,52665.0,49352.0,18203.0,,
1986-11-11,762.0,771.0,445.0,60341.0,40859.0,17320.0,,
1986-11-12,709.0,862.0,464.0,76661.0,67097.0,18432.0,,
1986-11-13,476.0,1098.0,440.0,43149.0,105339.0,15462.0,,
1986-11-14,825.0,733.0,439.0,97099.0,49353.0,25608.0,,
1986-11-17,545.0,1047.0,418.0,28537.0,89670.0,15043.0,,
1986-11-18,283.0,1390.0,357.0,8475.0,170337.0,6448.0,,
1986-11-19,571.0,1055.0,395.0,60908.0,102487.0,19895.0,,
1986-11-20,1308.0,373.0,356.0,133195.0,11730.0,13195.0,,
1986-11-21,1082.0,557.0,388.0,139898.0,26443.0,34309.0,,
1986-11-24,906.0,692.0,439.0,86567.0,47615.0,16638.0,,
1986-11-25,862.0,741.0,422.0,71766.0,56066.0,26738.0,,
1986-11-26,713.0,826.0,486.0,84534.0,48558.0,18898.0,,
1986-11-28,806.0,639.0,484.0,40156.0,43382.0,9992.0,,
1986-12-01,651.0,969.0,424.0,52536.0,66376.0,14838.0,,
1986-12-02,1326.0,372.0,351.0,179430.0,38485.0,12435.0,,
1986-12-03,757.0,850.0,431.0,96929.0,77253.0,25958.0,,
1986-12-04,713.0,839.0,494.0,71399.0,64701.0,20810.0,,
1986-12-05,550.0,987.0,487.0,32503.0,88300.0,19017.0,,
1986-12-08,672.0,898.0,472.0,47982.0,92736.0,18262.0,,
1986-12-09,532.0,1050.0,482.0,31740.0,82094.0,14856.0,,
1986-12-10,887.0,707.0,461.0,82172.0,39207.0,18291.0,,
1986-12-11,440.0,1181.0,428.0,29805.0,93501.0,12684.0,,
1986-12-12,536.0,1020.0,499.0,40493.0,70100.0,16017.0,,
1986-12-15,762.0,863.0,438.0,70808.0,59686.0,17726.0,,
1986-12-16,944.0,670.0,456.0,93601.0,41317.0,22122.0,,
1986-12-17,501.0,1145.0,417.0,34203.0,96878.0,17759.0,,
1986-12-18,634.0,958.0,476.0,51498.0,81430.0,22502.0,,
1986-12-19,1185.0,506.0,391.0,159312.0,62973.0,22395.0,,
1986-12-22,618.0,1032.0,434.0,49912.0,77161.0,30537.0,,
1986-12-23,467.0,1265.0,393.0,43280.0,124239.0,21181.0,,
1986-12-24,951.0,570.0,460.0,51555.0,29049.0,14806.0,,
1986-12-26,794.0,575.0,530.0,26670.0,13702.0,8488.0,,
1986-12-29,416.0,1200.0,432.0,16780.0,67315.0,15705.0,,
1986-12-30,483.0,1137.0,469.0,31421.0,73402.0,21357.0,,
1986-12-31,799.0,842.0,451.0,50090.0,60440.0,28640.0,,
1987-01-02,1483.0,164.0,273.0,79568.0,3756.0,8556.0,,
1987-01-05,1613.0,171.0,236.0,164313.0,8582.0,8955.0,,
1987-01-06,972.0,699.0,348.0,109716.0,52240.0,27344.0,,
1987-01-07,1223.0,444.0,377.0,144131.0,29622.0,17117.0,,
1987-01-08,1172.0,515.0,351.0,133694.0,45445.0,15381.0,,
1987-01-09,1059.0,583.0,380.0,128278.0,45390.0,19362.0,,
1987-01-12,1135.0,534.0,357.0,117877.0,51023.0,15320.0,,
1987-01-13,838.0,773.0,397.0,75353.0,73139.0,22448.0,,
1987-01-14,1153.0,499.0,366.0,147131.0,45730.0,21369.0,,
1987-01-15,1075.0,591.0,370.0,185799.0,64176.0,3145.0,,
1987-01-16,603.0,1080.0,349.0,97347.0,100469.0,20574.0,,
1987-01-19,1057.0,576.0,364.0,110891.0,36033.0,15906.0,,
1987-01-20,849.0,811.0,378.0,97717.0,107146.0,19927.0,,
1987-01-21,595.0,1102.0,349.0,71397.0,93302.0,19521.0,,
1987-01-22,1209.0,452.0,357.0,155512.0,20097.0,13051.0,,
1987-01-23,570.0,1085.0,366.0,73153.0,205229.0,24008.0,,
1987-01-26,599.0,968.0,404.0,47791.0,79180.0,11829.0,,
1987-01-27,1152.0,435.0,398.0,148182.0,27534.0,16604.0,,
1987-01-28,923.0,663.0,409.0,122961.0,52613.0,20246.0,,
1987-01-29,755.0,852.0,396.0,79108.0,108192.0,17950.0,,
1987-01-30,756.0,800.0,441.0,72992.0,70586.0,19782.0,,
1987-02-02,1179.0,472.0,374.0,117190.0,42291.0,17879.0,,
1987-02-03,880.0,718.0,404.0,106435.0,70125.0,21490.0,,
1987-02-04,1218.0,427.0,357.0,169707.0,36376.0,16347.0,,
1987-02-05,1039.0,604.0,376.0,160864.0,67120.0,28676.0,,
1987-02-06,804.0,782.0,417.0,80308.0,84651.0,19141.0,,
1987-02-09,582.0,1066.0,379.0,41285.0,86806.0,15209.0,,
1987-02-10,544.0,1095.0,371.0,32177.0,119062.0,17051.0,,
1987-02-11,1035.0,563.0,397.0,117583.0,38950.0,15817.0,,
1987-02-12,722.0,850.0,432.0,69068.0,104466.0,26846.0,,
1987-02-13,1096.0,509.0,371.0,127000.0,34579.0,22801.0,,
1987-02-17,1141.0,514.0,356.0,144677.0,29702.0,13441.0,,
1987-02-18,826.0,802.0,388.0,100484.0,95044.0,22682.0,,
1987-02-19,847.0,766.0,402.0,92493.0,68362.0,20675.0,,
1987-02-20,829.0,787.0,388.0,85493.0,77235.0,13022.0,,
1987-02-23,439.0,1166.0,372.0,31231.0,126204.0,13015.0,,
1987-02-24,848.0,723.0,422.0,79508.0,52721.0,19081.0,,
1987-02-25,905.0,678.0,401.0,104648.0,60059.0,19433.0,,
1987-02-26,621.0,935.0,418.0,58869.0,85592.0,21339.0,,
1987-02-27,866.0,679.0,441.0,78185.0,44550.0,20065.0,,
1987-03-02,781.0,806.0,389.0,62148.0,75875.0,18657.0,,
1987-03-03,814.0,735.0,427.0,72540.0,57840.0,18860.0,,
1987-03-04,1133.0,493.0,364.0,150001.0,30973.0,17436.0,,
1987-03-05,898.0,716.0,370.0,125401.0,62630.0,17399.0,,
1987-03-06,702.0,856.0,425.0,81183.0,76839.0,23568.0,,
1987-03-09,537.0,1069.0,391.0,51185.0,101898.0,12347.0,,
1987-03-10,1000.0,614.0,407.0,122279.0,37133.0,15348.0,,
1987-03-11,775.0,796.0,431.0,85946.0,82173.0,18761.0,,
1987-03-12,897.0,666.0,423.0,97096.0,54656.0,22718.0,,
1987-03-13,678.0,868.0,439.0,57406.0,69399.0,24065.0,,
1987-03-16,550.0,1041.0,397.0,40408.0,80738.0,13784.0,,
1987-03-17,1038.0,544.0,389.0,130180.0,30451.0,16679.0,,
1987-03-18,810.0,767.0,416.0,108442.0,68995.0,20703.0,,
1987-03-19,855.0,759.0,385.0,87249.0,56369.0,22502.0,,
1987-03-20,1211.0,462.0,330.0,172746.0,43380.0,17884.0,,
1987-03-23,868.0,750.0,399.0,119298.0,47489.0,22283.0,,
1987-03-24,762.0,838.0,399.0,94895.0,75811.0,19144.0,,
1987-03-25,695.0,863.0,415.0,61823.0,88536.0,20981.0,,
1987-03-26,795.0,765.0,432.0,93992.0,80273.0,21775.0,,
1987-03-27,461.0,1122.0,406.0,52913.0,117523.0,13964.0,,
1987-03-30,234.0,1522.0,239.0,22615.0,174932.0,10893.0,,
1987-03-31,993.0,591.0,387.0,103078.0,43782.0,24900.0,,
1987-04-01,599.0,1041.0,371.0,74076.0,93738.0,14816.0,,
1987-04-02,950.0,609.0,410.0,114623.0,51586.0,16741.0,,
1987-04-03,1214.0,418.0,348.0,171943.0,24669.0,16778.0,,
1987-04-06,877.0,734.0,398.0,93767.0,61383.0,18570.0,,
1987-04-07,527.0,1121.0,345.0,36489.0,126069.0,23852.0,,
1987-04-08,708.0,849.0,434.0,90493.0,69383.0,19964.0,,
1987-04-09,371.0,1260.0,377.0,34688.0,128963.0,16599.0,,
1987-04-10,512.0,1072.0,413.0,57400.0,98272.0,13858.0,,
1987-04-13,285.0,1429.0,284.0,33850.0,137975.0,9205.0,,
1987-04-14,163.0,1646.0,203.0,26505.0,232936.0,7099.0,,
1987-04-15,1124.0,546.0,328.0,156973.0,29663.0,11514.0,,
1987-04-16,1214.0,475.0,309.0,120905.0,50367.0,18298.0,,
1987-04-20,654.0,924.0,398.0,57975.0,66754.0,14341.0,,
1987-04-21,986.0,631.0,356.0,143744.0,32869.0,14727.0,,
1987-04-22,562.0,1053.0,344.0,40086.0,134744.0,11100.0,,
1987-04-23,627.0,978.0,381.0,74717.0,80776.0,18437.0,,
1987-04-24,372.0,1266.0,349.0,30595.0,134827.0,12538.0,,
1987-04-27,540.0,1136.0,286.0,92313.0,109240.0,21157.0,,
1987-04-28,998.0,599.0,361.0,105913.0,57633.0,16534.0,,
1987-04-29,969.0,603.0,394.0,114010.0,45956.0,13624.0,,
1987-04-30,1102.0,513.0,357.0,128035.0,41706.0,13319.0,,
1987-05-01,680.0,861.0,412.0,76572.0,70086.0,13452.0,,
1987-05-04,761.0,830.0,387.0,79722.0,46595.0,14293.0,,
1987-05-05,1192.0,405.0,382.0,157951.0,21503.0,12836.0,,
1987-05-06,771.0,798.0,404.0,96619.0,80885.0,19056.0,,
1987-05-07,811.0,782.0,385.0,113123.0,80414.0,21663.0,,
1987-05-08,739.0,832.0,416.0,68159.0,80529.0,13192.0,,
1987-05-11,812.0,771.0,404.0,84101.0,100479.0,19080.0,,
1987-05-12,725.0,842.0,421.0,77408.0,56949.0,20963.0,,
1987-05-13,760.0,838.0,404.0,86199.0,69091.0,15680.0,,
1987-05-14,769.0,776.0,445.0,83544.0,51384.0,17112.0,,
1987-05-15,291.0,1378.0,331.0,21856.0,144327.0,14617.0,,
1987-05-18,455.0,1238.0,350.0,50312.0,106602.0,17246.0,,
1987-05-19,352.0,1326.0,344.0,25737.0,136915.0,12698.0,,
1987-05-20,461.0,1173.0,375.0,65148.0,116896.0,24786.0,,
1987-05-21,969.0,613.0,415.0,106374.0,39379.0,19077.0,,
1987-05-22,893.0,648.0,431.0,80299.0,40670.0,14851.0,,
1987-05-26,1325.0,349.0,315.0,126377.0,17859.0,8224.0,,
1987-05-27,797.0,758.0,439.0,84785.0,68079.0,18556.0,,
1987-05-28,838.0,729.0,406.0,93150.0,45460.0,15160.0,,
1987-05-29,943.0,637.0,407.0,78494.0,62655.0,12351.0,,
1987-06-01,817.0,740.0,409.0,73887.0,56919.0,18534.0,,
1987-06-02,622.0,926.0,425.0,53121.0,82005.0,18234.0,,
1987-06-03,1101.0,476.0,400.0,128109.0,24527.0,11534.0,,
1987-06-04,927.0,618.0,422.0,80889.0,43628.0,15783.0,,
1987-06-05,739.0,810.0,417.0,52465.0,60890.0,15755.0,,
1987-06-08,1042.0,521.0,429.0,91953.0,32273.0,12144.0,,
1987-06-09,849.0,712.0,428.0,86323.0,49126.0,28731.0,,
1987-06-10,887.0,690.0,427.0,105797.0,67421.0,24222.0,,
1987-06-11,891.0,627.0,490.0,79201.0,42909.0,16750.0,,
1987-06-12,1090.0,492.0,395.0,127153.0,32881.0,15036.0,,
1987-06-15,839.0,693.0,434.0,85606.0,50520.0,20794.0,,
1987-06-16,838.0,712.0,431.0,81323.0,60463.0,16004.0,,
1987-06-17,783.0,796.0,425.0,79974.0,63200.0,41546.0,,
1987-06-18,795.0,731.0,453.0,86921.0,52534.0,29125.0,,
1987-06-19,978.0,618.0,376.0,124291.0,71626.0,24563.0,,
1987-06-22,907.0,692.0,382.0,100745.0,57176.0,20289.0,,
1987-06-23,676.0,900.0,432.0,67337.0,105002.0,21861.0,,
1987-06-24,632.0,906.0,421.0,58678.0,77212.0,17870.0,,
1987-06-25,946.0,596.0,438.0,106553.0,42884.0,24083.0,,
1987-06-26,593.0,904.0,455.0,44019.0,78095.0,28426.0,,
1987-06-29,713.0,822.0,437.0,61081.0,64409.0,17000.0,,
1987-06-30,606.0,995.0,393.0,39967.0,106947.0,18566.0,,
1987-07-01,658.0,875.0,438.0,59699.0,77646.0,19695.0,,
1987-07-02,946.0,570.0,435.0,108151.0,30506.0,16273.0,,
1987-07-06,719.0,839.0,418.0,66836.0,68257.0,19917.0,,
1987-07-07,1075.0,535.0,400.0,127514.0,45621.0,27595.0,,
1987-07-08,833.0,721.0,438.0,107683.0,64550.0,35227.0,,
1987-07-09,819.0,756.0,427.0,92904.0,76940.0,25556.0,,
1987-07-10,855.0,674.0,466.0,93071.0,60410.0,18649.0,,
1987-07-13,672.0,872.0,432.0,55640.0,76424.0,20396.0,,
1987-07-14,1011.0,562.0,436.0,124296.0,40136.0,21418.0,,
1987-07-15,754.0,767.0,457.0,92403.0,80880.0,29007.0,,
1987-07-16,911.0,631.0,433.0,130269.0,52612.0,27999.0,,
1987-07-17,925.0,654.0,420.0,116470.0,69373.0,24137.0,,
1987-07-20,519.0,1086.0,371.0,46303.0,104390.0,17447.0,,
1987-07-21,493.0,1089.0,418.0,46946.0,122149.0,17475.0,,
1987-07-22,685.0,875.0,432.0,74307.0,77270.0,23073.0,,
1987-07-23,626.0,945.0,406.0,62063.0,80976.0,20631.0,,
1987-07-24,854.0,713.0,448.0,87795.0,49961.0,36894.0,,
1987-07-27,887.0,688.0,423.0,74770.0,56461.0,20809.0,,
1987-07-28,900.0,673.0,421.0,103524.0,50184.0,18892.0,,
1987-07-29,1058.0,524.0,416.0,135707.0,39787.0,20686.0,,
1987-07-30,971.0,630.0,405.0,135057.0,50776.0,22187.0,,
1987-07-31,844.0,702.0,431.0,96287.0,66885.0,18698.0,,
1987-08-03,613.0,999.0,384.0,68048.0,123837.0,15955.0,,
1987-08-04,656.0,947.0,389.0,60081.0,89994.0,16415.0,,
1987-08-05,976.0,606.0,417.0,126866.0,51591.0,14263.0,,
1987-08-06,1034.0,556.0,398.0,133420.0,40646.0,17884.0,,
1987-08-07,880.0,727.0,391.0,105297.0,87288.0,20075.0,,
1987-08-10,1148.0,478.0,399.0,153476.0,18914.0,14810.0,,
1987-08-11,1055.0,578.0,387.0,205852.0,51049.0,21229.0,,
1987-08-12,688.0,915.0,412.0,99921.0,115305.0,20524.0,,
1987-08-13,961.0,695.0,364.0,139349.0,59087.0,18634.0,,
1987-08-14,749.0,855.0,430.0,74922.0,101465.0,19733.0,,
1987-08-17,774.0,823.0,436.0,74627.0,70028.0,51465.0,,
1987-08-18,407.0,1306.0,317.0,25959.0,162188.0,10253.0,,
1987-08-19,779.0,761.0,470.0,78418.0,72672.0,29790.0,,
1987-08-20,1256.0,414.0,338.0,152950.0,28274.0,15346.0,,
1987-08-21,803.0,776.0,439.0,97068.0,76348.0,16164.0,,
1987-08-24,578.0,1019.0,416.0,49794.0,83427.0,16129.0,,
1987-08-25,1023.0,594.0,384.0,152208.0,45833.0,15439.0,,
1987-08-26,683.0,897.0,422.0,76003.0,109879.0,10308.0,,
1987-08-27,548.0,1032.0,415.0,43709.0,102796.0,17105.0,,
1987-08-28,395.0,1231.0,403.0,22406.0,124225.0,9699.0,,
1987-08-31,1007.0,601.0,415.0,109648.0,40484.0,15678.0,,
1987-09-01,428.0,1197.0,359.0,35047.0,131497.0,26906.0,,
1987-09-02,443.0,1216.0,356.0,51266.0,128281.0,20393.0,,
1987-09-03,625.0,984.0,404.0,48754.0,97401.0,19045.0,,
1987-09-04,513.0,1060.0,416.0,33433.0,83948.0,11689.0,,
1987-09-08,252.0,1532.0,257.0,31766.0,199007.0,12107.0,,
1987-09-09,848.0,763.0,411.0,75490.0,69427.0,19993.0,,
1987-09-10,1103.0,494.0,401.0,129079.0,34950.0,15761.0,,
1987-09-11,1153.0,449.0,387.0,137554.0,25133.0,15333.0,,
1987-09-14,833.0,752.0,401.0,85870.0,49078.0,19432.0,,
1987-09-15,430.0,1159.0,417.0,22959.0,101326.0,11955.0,,
1987-09-16,528.0,1034.0,431.0,34982.0,138858.0,21900.0,,
1987-09-17,691.0,838.0,463.0,62096.0,66796.0,21818.0,,
1987-09-18,702.0,876.0,434.0,80887.0,88256.0,18927.0,,
1987-09-21,489.0,1069.0,414.0,30289.0,126957.0,12824.0,,
1987-09-22,1058.0,555.0,407.0,167525.0,24777.0,17208.0,,
1987-09-23,1010.0,605.0,400.0,129685.0,68503.0,22092.0,,
1987-09-24,734.0,828.0,433.0,65755.0,78193.0,18202.0,,
1987-09-25,689.0,789.0,477.0,67820.0,54095.0,58105.0,,
1987-09-28,1010.0,593.0,381.0,127045.0,46771.0,14254.0,,
1987-09-29,636.0,940.0,425.0,68232.0,86266.0,19032.0,,
1987-09-30,921.0,674.0,400.0,92730.0,71689.0,18651.0,,
1987-10-01,1029.0,526.0,432.0,146820.0,30778.0,15602.0,,
1987-10-02,838.0,731.0,438.0,94871.0,58082.0,36117.0,,
1987-10-05,688.0,855.0,439.0,82129.0,59968.0,17553.0,,
1987-10-06,338.0,1332.0,318.0,22570.0,144432.0,8598.0,,
1987-10-07,546.0,1020.0,423.0,57221.0,105254.0,23775.0,,
1987-10-08,404.0,1193.0,405.0,25764.0,152152.0,20784.0,,
1987-10-09,498.0,1058.0,438.0,45060.0,98768.0,14482.0,,
1987-10-12,377.0,1210.0,368.0,29581.0,95968.0,16321.0,,
1987-10-13,959.0,629.0,397.0,128399.0,33037.0,11434.0,,
1987-10-14,287.0,1406.0,320.0,19695.0,180980.0,6675.0,,
1987-10-15,298.0,1441.0,295.0,29766.0,218132.0,15282.0,,
1987-10-16,111.0,1749.0,189.0,3616.0,329776.0,5088.0,,
1987-10-19,52.0,1973.0,56.0,1129.0,602781.0,420.0,,
1987-10-20,509.0,1445.0,122.0,329397.0,250583.0,28140.0,,
1987-10-21,1756.0,210.0,111.0,424577.0,19574.0,5199.0,,
1987-10-22,361.0,1540.0,165.0,35249.0,346618.0,10293.0,,
1987-10-23,670.0,1048.0,309.0,89414.0,134393.0,21753.0,,
1987-10-26,134.0,1791.0,104.0,1862.0,301434.0,5524.0,,
1987-10-27,941.0,821.0,279.0,173950.0,64985.0,21285.0,,
1987-10-28,591.0,1153.0,276.0,115873.0,146651.0,16886.0,,
1987-10-29,1405.0,366.0,238.0,234773.0,16212.0,7155.0,,
1987-10-30,1611.0,224.0,174.0,249283.0,30158.0,23919.0,,
1987-11-02,1093.0,629.0,289.0,115683.0,47386.0,12971.0,,
1987-11-03,493.0,1211.0,292.0,34524.0,179220.0,14096.0,,
1987-11-04,713.0,933.0,361.0,81788.0,102305.0,18437.0,,
1987-11-05,1281.0,450.0,297.0,172743.0,38710.0,14507.0,,
1987-11-06,807.0,814.0,379.0,56363.0,97076.0,74851.0,,
1987-11-09,412.0,1285.0,311.0,16210.0,135030.0,9450.0,,
1987-11-10,416.0,1277.0,305.0,34386.0,136732.0,13192.0,,
1987-11-11,995.0,587.0,404.0,96818.0,33268.0,17764.0,,
1987-11-12,1296.0,386.0,333.0,176395.0,18196.0,11689.0,,
1987-11-13,692.0,912.0,400.0,40970.0,121569.0,12381.0,,
1987-11-16,866.0,701.0,427.0,78556.0,51591.0,34193.0,,
1987-11-17,399.0,1204.0,371.0,23101.0,112255.0,12894.0,,
1987-11-18,1031.0,537.0,427.0,97853.0,40370.0,20047.0,,
1987-11-19,366.0,1287.0,337.0,12612.0,131884.0,12644.0,,
1987-11-20,714.0,826.0,432.0,92248.0,71665.0,25257.0,,
1987-11-23,903.0,694.0,382.0,86811.0,41153.0,15196.0,,
1987-11-24,1139.0,502.0,354.0,127240.0,37630.0,34650.0,,
1987-11-25,745.0,813.0,399.0,54882.0,67019.0,17889.0,,
1987-11-27,514.0,957.0,429.0,18812.0,51753.0,15795.0,,
1987-11-30,201.0,1576.0,218.0,7012.0,255085.0,6813.0,,
1987-12-01,819.0,771.0,383.0,81236.0,45675.0,22959.0,,
1987-12-02,753.0,755.0,472.0,72921.0,46266.0,29703.0,,
1987-12-03,268.0,1390.0,343.0,14526.0,181191.0,8443.0,,
1987-12-04,362.0,1306.0,345.0,45653.0,120852.0,18295.0,,
1987-12-07,925.0,698.0,385.0,96164.0,33594.0,16902.0,,
1987-12-08,1151.0,473.0,378.0,131759.0,63609.0,31942.0,,
1987-12-09,1119.0,501.0,381.0,129189.0,40242.0,61999.0,,
1987-12-10,512.0,1085.0,394.0,37765.0,136063.0,15132.0,,
1987-12-11,829.0,674.0,461.0,91397.0,40755.0,19528.0,,
1987-12-14,1296.0,395.0,315.0,150133.0,24009.0,13548.0,,
1987-12-15,928.0,688.0,376.0,108506.0,82747.0,23717.0,,
1987-12-16,1145.0,469.0,382.0,145907.0,28299.0,19614.0,,
1987-12-17,643.0,984.0,366.0,45771.0,124986.0,21023.0,,
1987-12-18,1290.0,403.0,303.0,219282.0,35106.0,21832.0,,
1987-12-21,947.0,707.0,352.0,80479.0,61348.0,19963.0,,
1987-12-22,658.0,935.0,402.0,76316.0,83528.0,32806.0,,
1987-12-23,1158.0,498.0,353.0,136932.0,42136.0,24042.0,,
1987-12-24,781.0,688.0,434.0,35364.0,49821.0,23615.0,,
1987-12-28,283.0,1392.0,302.0,12514.0,110600.0,8106.0,,
1987-12-29,515.0,992.0,490.0,34180.0,54467.0,22933.0,,
1987-12-30,1087.0,523.0,393.0,97232.0,28723.0,23275.0,,
1987-12-31,804.0,766.0,424.0,65219.0,79185.0,25736.0,,
1988-01-04,1592.0,194.0,197.0,166594.0,9177.0,6039.0,,
1988-01-05,1299.0,401.0,281.0,145453.0,48127.0,15940.0,,
1988-01-06,948.0,670.0,370.0,94406.0,58921.0,16403.0,,
1988-01-07,946.0,611.0,429.0,95417.0,55381.0,24562.0,,
1988-01-08,204.0,1508.0,238.0,9805.0,180672.0,6823.0,,
1988-01-11,759.0,844.0,381.0,103425.0,41723.0,13832.0,,
1988-01-12,538.0,1001.0,430.0,33708.0,107314.0,24708.0,,
1988-01-13,816.0,720.0,439.0,62911.0,74711.0,16398.0,,
1988-01-14,783.0,695.0,465.0,49863.0,74435.0,16272.0,,
1988-01-15,1406.0,287.0,292.0,165147.0,20608.0,12185.0,,
1988-01-18,875.0,623.0,458.0,76660.0,40962.0,17478.0,,
1988-01-19,762.0,775.0,440.0,62098.0,75274.0,16178.0,,
1988-01-20,333.0,1329.0,335.0,14939.0,150653.0,16068.0,,
1988-01-21,800.0,736.0,432.0,80120.0,56583.0,21377.0,,
1988-01-22,1132.0,415.0,441.0,104165.0,24586.0,18299.0,,
1988-01-25,1133.0,446.0,395.0,225257.0,31027.0,18966.0,,
1988-01-26,593.0,932.0,439.0,38252.0,83136.0,16992.0,,
1988-01-27,824.0,706.0,422.0,92514.0,73772.0,10074.0,,
1988-01-28,1084.0,419.0,460.0,118986.0,31789.0,15655.0,,
1988-01-29,1054.0,483.0,447.0,131893.0,30630.0,49357.0,,
1988-02-01,861.0,742.0,392.0,77500.0,120030.0,13130.0,,
1988-02-02,856.0,673.0,459.0,81115.0,59800.0,24005.0,,
1988-02-03,662.0,944.0,394.0,55326.0,155383.0,26561.0,,
1988-02-04,752.0,756.0,474.0,96810.0,59559.0,30121.0,,
1988-02-05,782.0,737.0,456.0,78853.0,63116.0,19341.0,,
1988-02-08,584.0,963.0,432.0,38665.0,115298.0,14887.0,,
1988-02-09,976.0,538.0,481.0,105872.0,37759.0,18719.0,,
1988-02-10,1219.0,354.0,406.0,147007.0,19829.0,21144.0,,
1988-02-11,804.0,717.0,459.0,81321.0,101096.0,18343.0,,
1988-02-12,937.0,556.0,473.0,119123.0,37892.0,20175.0,,
1988-02-16,887.0,629.0,480.0,88240.0,32154.0,14986.0,,
1988-02-17,746.0,774.0,478.0,75632.0,78999.0,22199.0,,
1988-02-18,688.0,813.0,478.0,54753.0,72517.0,24160.0,,
1988-02-19,988.0,491.0,483.0,123485.0,19111.0,37704.0,,
1988-02-22,1160.0,432.0,423.0,126941.0,32426.0,19563.0,,
1988-02-23,767.0,725.0,493.0,83972.0,70256.0,38032.0,,
1988-02-24,825.0,715.0,449.0,98735.0,71200.0,42795.0,,
1988-02-25,698.0,806.0,475.0,80522.0,111386.0,21582.0,,
1988-02-26,798.0,669.0,492.0,75884.0,41553.0,40623.0,,
1988-02-29,1255.0,351.0,374.0,165870.0,45932.0,24248.0,,
1988-03-01,712.0,799.0,467.0,85390.0,82880.0,31720.0,,
1988-03-02,916.0,583.0,493.0,104839.0,67668.0,27123.0,,
1988-03-03,793.0,707.0,467.0,87971.0,78481.0,36858.0,,
1988-03-04,696.0,811.0,474.0,76461.0,83517.0,41432.0,,
1988-03-07,847.0,725.0,417.0,75383.0,57242.0,20355.0,,
1988-03-08,1072.0,535.0,404.0,127580.0,93576.0,16524.0,,
1988-03-09,872.0,654.0,460.0,99233.0,77442.0,34225.0,,
1988-03-10,419.0,1202.0,382.0,38206.0,145840.0,13214.0,,
1988-03-11,856.0,676.0,464.0,85282.0,57405.0,57333.0,,
1988-03-14,737.0,794.0,445.0,71612.0,40652.0,19626.0,,
1988-03-15,789.0,718.0,477.0,52913.0,59197.0,21060.0,,
1988-03-16,952.0,558.0,475.0,91879.0,39924.0,20787.0,,
1988-03-17,995.0,554.0,442.0,133547.0,36897.0,41476.0,,
1988-03-18,716.0,807.0,461.0,110244.0,105747.0,29759.0,,
1988-03-21,502.0,1042.0,444.0,37518.0,77729.0,13583.0,,
1988-03-22,765.0,736.0,481.0,67129.0,56089.0,18782.0,,
1988-03-23,917.0,611.0,457.0,93508.0,54782.0,19080.0,,
1988-03-24,269.0,1379.0,347.0,26806.0,145251.0,12853.0,,
1988-03-25,385.0,1156.0,428.0,37296.0,105899.0,19975.0,,
1988-03-28,448.0,1102.0,414.0,42770.0,85119.0,14931.0,,
1988-03-29,1024.0,478.0,474.0,98992.0,34907.0,18791.0,,
1988-03-30,571.0,917.0,477.0,45974.0,89200.0,16636.0,,
1988-03-31,824.0,678.0,479.0,63103.0,57304.0,19463.0,,
1988-04-04,458.0,1106.0,407.0,35601.0,137317.0,9322.0,,
1988-04-05,915.0,590.0,472.0,84121.0,35891.0,15278.0,,
1988-04-06,1187.0,414.0,384.0,157206.0,19587.0,12967.0,,
1988-04-07,988.0,541.0,473.0,106168.0,55005.0,16667.0,,
1988-04-08,1110.0,440.0,428.0,126475.0,28771.0,14054.0,,
1988-04-11,939.0,632.0,432.0,79370.0,45615.0,21385.0,,
1988-04-12,898.0,621.0,465.0,81616.0,44197.0,20587.0,,
1988-04-13,666.0,829.0,493.0,92481.0,69092.0,23547.0,,
1988-04-14,144.0,1601.0,248.0,10367.0,200249.0,1194.0,,
1988-04-15,573.0,990.0,420.0,95293.0,104589.0,34278.0,,
1988-04-18,771.0,765.0,460.0,54357.0,72217.0,18076.0,,
1988-04-19,789.0,733.0,466.0,76691.0,66558.0,18661.0,,
1988-04-20,483.0,1039.0,465.0,31959.0,94867.0,20764.0,,
1988-04-21,688.0,801.0,501.0,69753.0,75831.0,22856.0,,
1988-04-22,960.0,532.0,487.0,110272.0,19685.0,22563.0,,
1988-04-25,939.0,603.0,470.0,107020.0,29613.0,20317.0,,
1988-04-26,926.0,551.0,491.0,92969.0,41499.0,17832.0,,
1988-04-27,755.0,711.0,509.0,66983.0,49970.0,16857.0,,
1988-04-28,621.0,850.0,483.0,48426.0,63126.0,17128.0,,
1988-04-29,748.0,738.0,491.0,40995.0,71373.0,23252.0,,
1988-05-02,617.0,875.0,488.0,54305.0,44594.0,37571.0,,
1988-05-03,897.0,580.0,513.0,125271.0,31630.0,20019.0,,
1988-05-04,561.0,923.0,514.0,40380.0,83459.0,17481.0,,
1988-05-05,559.0,925.0,509.0,42549.0,105930.0,23361.0,,
1988-05-06,602.0,845.0,545.0,47210.0,64697.0,17173.0,,
1988-05-09,527.0,975.0,481.0,31912.0,63853.0,70555.0,,
1988-05-10,766.0,706.0,515.0,68331.0,42083.0,20786.0,,
1988-05-11,256.0,1343.0,379.0,12602.0,154092.0,10026.0,,
1988-05-12,796.0,637.0,528.0,61665.0,59999.0,22216.0,,
1988-05-13,1076.0,446.0,462.0,110342.0,26157.0,10741.0,,
1988-05-16,901.0,559.0,508.0,112405.0,26101.0,16504.0,,
1988-05-17,521.0,985.0,473.0,27663.0,92507.0,13680.0,,
1988-05-18,283.0,1288.0,417.0,18406.0,113117.0,77897.0,,
1988-05-19,640.0,843.0,496.0,72308.0,68082.0,24770.0,,
1988-05-20,841.0,605.0,514.0,63514.0,36267.0,20819.0,,
1988-05-23,424.0,1078.0,470.0,23019.0,63333.0,16288.0,,
1988-05-24,948.0,509.0,503.0,81609.0,17289.0,41032.0,,
1988-05-25,809.0,633.0,518.0,76837.0,44334.0,17139.0,,
1988-05-26,787.0,592.0,543.0,73923.0,39692.0,50645.0,,
1988-05-27,618.0,777.0,506.0,30834.0,68168.0,34588.0,,
1988-05-31,1211.0,333.0,401.0,181855.0,11063.0,54692.0,,
1988-06-01,1290.0,330.0,368.0,196764.0,24049.0,13747.0,,
1988-06-02,614.0,888.0,476.0,66333.0,107387.0,19820.0,,
1988-06-03,946.0,548.0,478.0,105764.0,49345.0,34491.0,,
1988-06-06,854.0,641.0,476.0,71560.0,48556.0,32344.0,,
1988-06-07,657.0,877.0,464.0,63198.0,86499.0,19013.0,,
1988-06-08,1306.0,299.0,390.0,200343.0,13480.0,96207.0,,
1988-06-09,815.0,720.0,448.0,72322.0,109589.0,53249.0,,
1988-06-10,875.0,585.0,514.0,98254.0,38237.0,19219.0,,
1988-06-13,769.0,701.0,493.0,54691.0,52142.0,18477.0,,
1988-06-14,1104.0,448.0,453.0,168581.0,36856.0,21713.0,,
1988-06-15,781.0,687.0,519.0,67429.0,57349.0,25482.0,,
1988-06-16,449.0,1100.0,425.0,34973.0,115738.0,10839.0,,
1988-06-17,662.0,849.0,452.0,215546.0,98690.0,29684.0,,
1988-06-20,588.0,883.0,485.0,30373.0,71427.0,14950.0,,
1988-06-21,937.0,543.0,467.0,107165.0,27352.0,20543.0,,
1988-06-22,1144.0,413.0,420.0,171369.0,28926.0,17215.0,,
1988-06-23,708.0,803.0,473.0,68888.0,75858.0,41024.0,,
1988-06-24,662.0,774.0,525.0,80609.0,75587.0,23684.0,,
1988-06-27,428.0,1089.0,441.0,29181.0,217558.0,17671.0,,
1988-06-28,965.0,530.0,478.0,101868.0,34417.0,16085.0,,
1988-06-29,591.0,892.0,499.0,59593.0,79196.0,20801.0,,
1988-06-30,1164.0,411.0,406.0,148886.0,53856.0,24668.0,,
1988-07-01,617.0,848.0,473.0,53713.0,131556.0,52961.0,,
1988-07-05,934.0,523.0,466.0,107145.0,46397.0,18248.0,,
1988-07-06,515.0,976.0,466.0,36052.0,127477.0,26101.0,,
1988-07-07,587.0,850.0,525.0,59205.0,69420.0,27475.0,,
1988-07-08,563.0,847.0,541.0,43878.0,70733.0,21459.0,,
1988-07-11,759.0,682.0,522.0,64527.0,42944.0,15829.0,,
1988-07-12,442.0,1039.0,481.0,33183.0,110286.0,18181.0,,
1988-07-13,782.0,668.0,525.0,144590.0,49898.0,24442.0,,
1988-07-14,779.0,643.0,538.0,87277.0,52198.0,32935.0,,
1988-07-15,787.0,632.0,532.0,90017.0,90650.0,19043.0,,
1988-07-18,542.0,944.0,489.0,46124.0,92059.0,18027.0,,
1988-07-19,537.0,929.0,491.0,33422.0,88007.0,22681.0,,
1988-07-20,849.0,617.0,507.0,92166.0,39481.0,20343.0,,
1988-07-21,412.0,1062.0,495.0,34462.0,100742.0,14256.0,,
1988-07-22,406.0,1079.0,457.0,26052.0,101646.0,21182.0,,
1988-07-25,682.0,778.0,485.0,125399.0,47862.0,41879.0,,
1988-07-26,764.0,676.0,513.0,57910.0,44595.0,19455.0,,
1988-07-27,480.0,936.0,525.0,34248.0,84388.0,17254.0,,
1988-07-28,884.0,545.0,516.0,107455.0,26820.0,20295.0,,
1988-07-29,1178.0,329.0,470.0,146915.0,35225.0,10200.0,,
1988-08-01,830.0,672.0,481.0,82279.0,40137.0,15754.0,,
1988-08-02,726.0,711.0,516.0,74376.0,54606.0,37678.0,,
1988-08-03,767.0,700.0,492.0,76190.0,47644.0,79756.0,,
1988-08-04,635.0,784.0,543.0,58762.0,67325.0,31153.0,,
1988-08-05,566.0,846.0,538.0,36990.0,59175.0,17235.0,,
1988-08-08,585.0,781.0,578.0,87559.0,72893.0,8348.0,,
1988-08-09,348.0,1206.0,418.0,16765.0,170269.0,13676.0,,
1988-08-10,201.0,1401.0,378.0,14616.0,171326.0,15008.0,,
1988-08-11,666.0,828.0,502.0,79439.0,67127.0,26434.0,,
1988-08-12,679.0,742.0,530.0,43951.0,55357.0,77652.0,,
1988-08-15,345.0,1194.0,432.0,15042.0,103329.0,10189.0,,
1988-08-16,884.0,579.0,509.0,107558.0,27889.0,27343.0,,
1988-08-17,660.0,742.0,533.0,98321.0,50805.0,20374.0,,
1988-08-18,740.0,644.0,587.0,72950.0,41680.0,25190.0,,
1988-08-19,794.0,624.0,522.0,54968.0,50754.0,16648.0,,
1988-08-22,385.0,466.0,1107.0,20503.0,86410.0,15337.0,,
1988-08-23,552.0,811.0,580.0,45151.0,50728.0,23661.0,,
1988-08-24,1089.0,376.0,498.0,99837.0,12631.0,15332.0,,
1988-08-25,453.0,998.0,501.0,23457.0,88255.0,15928.0,,
1988-08-26,725.0,605.0,601.0,45799.0,24414.0,19027.0,,
1988-08-29,924.0,494.0,513.0,67996.0,15131.0,16153.0,,
1988-08-30,741.0,644.0,564.0,49117.0,40696.0,18907.0,,
1988-08-31,693.0,716.0,532.0,51994.0,49981.0,28505.0,,
1988-09-01,374.0,1072.0,496.0,19879.0,105360.0,18851.0,,
1988-09-02,1197.0,296.0,439.0,141504.0,8091.0,10245.0,,
1988-09-06,808.0,626.0,505.0,64741.0,41215.0,16294.0,,
1988-09-07,825.0,642.0,489.0,76796.0,50074.0,12720.0,,
1988-09-08,765.0,677.0,519.0,75505.0,53326.0,20549.0,,
1988-09-09,846.0,596.0,523.0,77968.0,40854.0,22718.0,,
1988-09-12,606.0,788.0,536.0,49965.0,47622.0,17293.0,,
1988-09-13,785.0,601.0,559.0,102061.0,40302.0,20127.0,,
1988-09-14,979.0,502.0,489.0,104534.0,42282.0,30404.0,,
1988-09-15,665.0,766.0,520.0,72725.0,64466.0,24019.0,,
1988-09-16,889.0,562.0,508.0,158045.0,29705.0,23360.0,,
1988-09-19,584.0,885.0,472.0,39096.0,80846.0,15828.0,,
1988-09-20,862.0,603.0,500.0,77061.0,43357.0,21802.0,,
1988-09-21,689.0,697.0,536.0,56723.0,50177.0,20500.0,,
1988-09-22,556.0,881.0,518.0,54797.0,72417.0,23456.0,,
1988-09-23,744.0,681.0,545.0,68440.0,49507.0,27153.0,,
1988-09-26,550.0,845.0,533.0,40849.0,52490.0,23081.0,,
1988-09-27,620.0,764.0,545.0,40346.0,52261.0,20403.0,,
1988-09-28,750.0,642.0,546.0,62980.0,32474.0,18266.0,,
1988-09-29,1065.0,412.0,478.0,123555.0,19163.0,13072.0,,
1988-09-30,853.0,613.0,478.0,73579.0,77505.0,24666.0,,
1988-10-03,536.0,954.0,444.0,49236.0,65227.0,15917.0,,
1988-10-04,658.0,778.0,524.0,74448.0,59603.0,23709.0,,
1988-10-05,864.0,576.0,506.0,100805.0,46576.0,27749.0,,
1988-10-06,782.0,612.0,530.0,75234.0,54807.0,23529.0,,
1988-10-07,1140.0,399.0,420.0,177034.0,22513.0,16843.0,,
1988-10-10,693.0,711.0,504.0,63730.0,46135.0,14795.0,,
1988-10-11,593.0,823.0,535.0,50645.0,70404.0,19851.0,,
1988-10-12,397.0,1114.0,450.0,32998.0,109307.0,12535.0,,
1988-10-13,751.0,669.0,535.0,90400.0,42250.0,21880.0,,
1988-10-14,740.0,647.0,529.0,66055.0,73369.0,20816.0,,
1988-10-17,749.0,669.0,552.0,66144.0,36238.0,16908.0,,
1988-10-18,891.0,543.0,529.0,106586.0,36558.0,19356.0,,
1988-10-19,561.0,912.0,502.0,59995.0,106927.0,19428.0,,
1988-10-20,1058.0,416.0,504.0,149980.0,24833.0,14767.0,,
1988-10-21,757.0,695.0,524.0,97223.0,68968.0,29219.0,,
1988-10-24,596.0,866.0,514.0,75949.0,76665.0,17976.0,,
1988-10-25,719.0,736.0,519.0,63254.0,69193.0,22743.0,,
1988-10-26,624.0,814.0,528.0,67144.0,80388.0,34018.0,,
1988-10-27,340.0,1195.0,436.0,23629.0,160588.0,12323.0,,
1988-10-28,858.0,595.0,519.0,82345.0,40386.0,58819.0,,
1988-10-31,702.0,749.0,521.0,68493.0,56291.0,18676.0,,
1988-11-01,717.0,743.0,519.0,68397.0,52465.0,30388.0,,
1988-11-02,668.0,777.0,542.0,71309.0,64512.0,25479.0,,
1988-11-03,781.0,652.0,545.0,75321.0,54979.0,22680.0,,
1988-11-04,472.0,993.0,533.0,25637.0,96939.0,21004.0,,
1988-11-07,314.0,1200.0,444.0,22652.0,92727.0,18491.0,,
1988-11-08,852.0,578.0,532.0,86789.0,32503.0,22368.0,,
1988-11-09,493.0,949.0,511.0,34357.0,99035.0,19748.0,,
1988-11-10,715.0,666.0,582.0,56674.0,40791.0,31455.0,,
1988-11-11,292.0,1235.0,414.0,9572.0,113635.0,12293.0,,
1988-11-14,561.0,912.0,486.0,51217.0,65245.0,26438.0,,
1988-11-15,715.0,709.0,534.0,54418.0,40166.0,20586.0,,
1988-11-16,316.0,1237.0,424.0,13877.0,133117.0,14716.0,,
1988-11-17,635.0,844.0,496.0,56567.0,61203.0,23510.0,,
1988-11-18,841.0,552.0,551.0,79900.0,21375.0,18045.0,,
1988-11-21,565.0,930.0,477.0,41795.0,58496.0,20139.0,,
1988-11-22,729.0,714.0,528.0,58253.0,47003.0,21744.0,,
1988-11-23,893.0,514.0,519.0,79367.0,18660.0,13983.0,,
1988-11-25,520.0,783.0,520.0,25087.0,35896.0,11107.0,,
1988-11-28,710.0,726.0,521.0,66320.0,33325.0,23835.0,,
1988-11-29,938.0,551.0,478.0,87696.0,24387.0,15337.0,,
1988-11-30,995.0,470.0,502.0,113623.0,23254.0,20933.0,,
1988-12-01,680.0,805.0,486.0,45649.0,64230.0,19501.0,,
1988-12-02,616.0,822.0,504.0,45827.0,59848.0,18935.0,,
1988-12-05,929.0,540.0,518.0,90009.0,31920.0,22731.0,,
1988-12-06,914.0,555.0,520.0,95821.0,43308.0,19211.0,,
1988-12-07,817.0,632.0,536.0,72209.0,49401.0,26750.0,,
1988-12-08,510.0,936.0,545.0,31954.0,70864.0,21332.0,,
1988-12-09,769.0,639.0,581.0,60824.0,41266.0,31680.0,,
1988-12-12,642.0,770.0,570.0,46589.0,47849.0,29722.0,,
1988-12-13,541.0,890.0,570.0,52860.0,54662.0,24818.0,,
1988-12-14,641.0,764.0,556.0,43973.0,62705.0,25672.0,,
1988-12-15,544.0,844.0,568.0,49911.0,67243.0,19666.0,,
1988-12-16,998.0,476.0,514.0,127669.0,36889.0,31922.0,,
1988-12-19,841.0,598.0,538.0,102479.0,30068.0,29703.0,,
1988-12-20,652.0,845.0,515.0,52853.0,85363.0,22874.0,,
1988-12-21,659.0,798.0,556.0,61463.0,57227.0,28560.0,,
1988-12-22,722.0,764.0,514.0,63222.0,64097.0,23191.0,,
1988-12-23,851.0,488.0,579.0,49305.0,13178.0,19277.0,,
1988-12-27,554.0,800.0,599.0,27938.0,38918.0,20634.0,,
1988-12-28,790.0,607.0,571.0,53218.0,31860.0,25552.0,,
1988-12-29,987.0,477.0,524.0,89318.0,18978.0,22994.0,,
1988-12-30,945.0,594.0,466.0,49392.0,56757.0,21061.0,,
1989-01-03,619.0,942.0,424.0,29815.0,85466.0,13219.0,,
1989-01-04,1187.0,331.0,455.0,123327.0,12418.0,13955.0,,
1989-01-05,837.0,611.0,509.0,95411.0,51926.0,26703.0,,
1989-01-06,964.0,522.0,491.0,99899.0,41876.0,19555.0,,
1989-01-09,880.0,639.0,469.0,72751.0,69071.0,21358.0,,
1989-01-10,621.0,816.0,543.0,53192.0,59364.0,27864.0,,
1989-01-11,822.0,606.0,532.0,87996.0,35005.0,25949.0,,
1989-01-12,907.0,586.0,496.0,106974.0,49187.0,26839.0,,
1989-01-13,836.0,615.0,540.0,66945.0,38152.0,27223.0,,
1989-01-16,695.0,679.0,574.0,55931.0,39049.0,22400.0,,
1989-01-17,624.0,800.0,545.0,60121.0,61265.0,22544.0,,
1989-01-18,1036.0,474.0,468.0,131151.0,32358.0,24031.0,,
1989-01-19,814.0,643.0,528.0,100798.0,71628.0,19604.0,,
1989-01-20,659.0,755.0,547.0,76692.0,67504.0,21904.0,,
1989-01-23,553.0,912.0,515.0,33091.0,88586.0,19963.0,,
1989-01-24,1009.0,477.0,498.0,136311.0,33318.0,19991.0,,
1989-01-25,820.0,648.0,520.0,105423.0,54911.0,23276.0,,
1989-01-26,960.0,512.0,520.0,143949.0,46383.0,21918.0,,
1989-01-27,929.0,611.0,467.0,175908.0,58467.0,20495.0,,
1989-01-30,876.0,570.0,533.0,100997.0,41824.0,25009.0,,
1989-01-31,960.0,541.0,493.0,130932.0,39583.0,23535.0,,
1989-02-01,753.0,718.0,518.0,95744.0,89129.0,30767.0,,
1989-02-02,771.0,662.0,535.0,91146.0,65334.0,26950.0,,
1989-02-03,792.0,642.0,518.0,91142.0,55464.0,26374.0,,
1989-02-06,636.0,786.0,517.0,62951.0,66328.0,21701.0,,
1989-02-07,1095.0,425.0,461.0,162712.0,30857.0,23691.0,,
1989-02-08,762.0,722.0,508.0,78546.0,83313.0,27561.0,,
1989-02-09,504.0,1003.0,461.0,64469.0,124237.0,35514.0,,
1989-02-10,301.0,1233.0,446.0,32644.0,127874.0,13042.0,,
1989-02-13,602.0,861.0,509.0,60742.0,59342.0,23436.0,,
1989-02-14,763.0,668.0,527.0,72860.0,55925.0,20775.0,,
1989-02-15,907.0,556.0,498.0,102000.0,34580.0,17640.0,,
1989-02-16,816.0,591.0,553.0,101062.0,50294.0,26094.0,,
1989-02-17,946.0,513.0,504.0,95399.0,39343.0,24778.0,,
1989-02-21,611.0,872.0,505.0,53646.0,65396.0,22908.0,,
1989-02-22,332.0,1197.0,446.0,15283.0,129925.0,17932.0,,
1989-02-23,741.0,694.0,507.0,89405.0,40828.0,20137.0,,
1989-02-24,327.0,1191.0,443.0,27125.0,123175.0,10380.0,,
1989-02-27,616.0,800.0,521.0,67013.0,55137.0,17750.0,,
1989-02-28,911.0,531.0,516.0,79337.0,43691.0,24402.0,,
1989-03-01,633.0,816.0,522.0,59410.0,93422.0,24378.0,,
1989-03-02,982.0,471.0,506.0,117497.0,23121.0,21362.0,,
1989-03-03,865.0,582.0,498.0,98057.0,37163.0,16570.0,,
1989-03-06,995.0,475.0,486.0,118246.0,28625.0,22009.0,,
1989-03-07,708.0,730.0,524.0,74219.0,75328.0,22953.0,,
1989-03-08,785.0,629.0,556.0,79792.0,63874.0,23954.0,,
1989-03-09,675.0,764.0,541.0,59799.0,57196.0,26165.0,,
1989-03-10,612.0,838.0,507.0,47354.0,57092.0,42384.0,,
1989-03-13,878.0,574.0,508.0,90530.0,30532.0,19398.0,,
1989-03-14,683.0,726.0,560.0,60495.0,56511.0,22964.0,,
1989-03-15,798.0,615.0,534.0,101361.0,44575.0,21134.0,,
1989-03-16,939.0,523.0,501.0,130115.0,38796.0,27129.0,,
1989-03-17,225.0,1445.0,305.0,23000.0,211207.0,8693.0,,
1989-03-20,357.0,1156.0,430.0,28346.0,104154.0,18760.0,,
1989-03-21,895.0,545.0,505.0,82763.0,37230.0,22017.0,,
1989-03-22,609.0,805.0,546.0,45925.0,74758.0,25887.0,,
1989-03-23,584.0,814.0,567.0,46427.0,86026.0,21297.0,,
1989-03-27,767.0,655.0,530.0,63987.0,32342.0,16631.0,,
1989-03-28,838.0,584.0,530.0,81803.0,44403.0,20214.0,,
1989-03-29,741.0,658.0,561.0,69880.0,48323.0,26037.0,,
1989-03-30,726.0,716.0,498.0,74838.0,61214.0,23898.0,,
1989-03-31,1038.0,411.0,521.0,124716.0,27355.0,18889.0,,
1989-04-03,852.0,622.0,493.0,104113.0,39460.0,21087.0,,
1989-04-04,643.0,838.0,491.0,59232.0,77436.0,24012.0,,
1989-04-05,787.0,617.0,566.0,90958.0,54372.0,20550.0,,
1989-04-06,581.0,842.0,538.0,50505.0,73565.0,22460.0,,
1989-04-07,881.0,546.0,525.0,102109.0,32777.0,22064.0,,
1989-04-10,726.0,694.0,553.0,55296.0,47288.0,21406.0,,
1989-04-11,878.0,515.0,566.0,85151.0,39891.0,21788.0,,
1989-04-12,818.0,618.0,542.0,77319.0,62882.0,24999.0,,
1989-04-13,456.0,1005.0,501.0,31647.0,91022.0,18921.0,,
1989-04-14,1074.0,404.0,474.0,135568.0,19423.0,14789.0,,
1989-04-17,697.0,762.0,521.0,60372.0,43714.0,24454.0,,
1989-04-18,1047.0,471.0,464.0,148581.0,39280.0,20789.0,,
1989-04-19,827.0,634.0,524.0,109182.0,53702.0,28626.0,,
1989-04-20,599.0,852.0,517.0,66547.0,86667.0,22756.0,,
1989-04-21,938.0,523.0,490.0,128862.0,32995.0,25453.0,,
1989-04-24,667.0,789.0,506.0,50466.0,65318.0,26316.0,,
1989-04-25,687.0,827.0,471.0,48399.0,92497.0,24534.0,,
1989-04-26,744.0,681.0,536.0,74144.0,48879.0,23067.0,,
1989-04-27,1021.0,485.0,459.0,128251.0,37409.0,25510.0,,
1989-04-28,738.0,715.0,502.0,76179.0,62101.0,20110.0,,
1989-05-01,590.0,832.0,528.0,59911.0,59113.0,19026.0,,
1989-05-02,720.0,729.0,530.0,68296.0,77481.0,26783.0,,
1989-05-03,674.0,703.0,556.0,77529.0,66347.0,27814.0,,
1989-05-04,667.0,728.0,555.0,65808.0,66012.0,21310.0,,
1989-05-05,820.0,603.0,539.0,85841.0,68232.0,26737.0,,
1989-05-08,504.0,969.0,485.0,36083.0,83185.0,15862.0,,
1989-05-09,623.0,824.0,525.0,49511.0,73599.0,26980.0,,
1989-05-10,722.0,641.0,594.0,67312.0,51083.0,27605.0,,
1989-05-11,785.0,602.0,568.0,83169.0,42753.0,25698.0,,
1989-05-12,1214.0,360.0,410.0,185775.0,18146.0,17569.0,,
1989-05-15,919.0,591.0,498.0,114014.0,43304.0,22032.0,,
1989-05-16,702.0,784.0,498.0,66141.0,82570.0,24389.0,,
1989-05-17,957.0,514.0,527.0,124824.0,43389.0,22997.0,,
1989-05-18,826.0,655.0,515.0,90737.0,57287.0,29456.0,,
1989-05-19,1032.0,519.0,461.0,163614.0,58192.0,20604.0,,
1989-05-22,833.0,695.0,486.0,93721.0,67181.0,24108.0,,
1989-05-23,594.0,938.0,469.0,52599.0,110984.0,24107.0,,
1989-05-24,762.0,661.0,534.0,88941.0,62993.0,26666.0,,
1989-05-25,839.0,630.0,515.0,80416.0,51448.0,22606.0,,
1989-05-26,1019.0,409.0,532.0,97982.0,24235.0,20903.0,,
1989-05-30,580.0,915.0,483.0,45529.0,85845.0,20406.0,,
1989-05-31,896.0,558.0,505.0,89963.0,45850.0,26717.0,,
1989-06-01,879.0,574.0,527.0,112905.0,88788.0,21467.0,,
1989-06-02,1141.0,438.0,436.0,165297.0,42077.0,21766.0,,
1989-06-05,610.0,940.0,450.0,38346.0,107564.0,17510.0,,
1989-06-06,927.0,584.0,500.0,120904.0,43037.0,23629.0,,
1989-06-07,983.0,538.0,496.0,140286.0,49376.0,24048.0,,
1989-06-08,842.0,652.0,510.0,108080.0,82178.0,59511.0,,
1989-06-09,759.0,773.0,474.0,74230.0,74419.0,24591.0,,
1989-06-12,714.0,772.0,512.0,64310.0,67549.0,19601.0,,
1989-06-13,503.0,1014.0,483.0,42402.0,105043.0,17425.0,,
1989-06-14,745.0,725.0,517.0,81174.0,71581.0,17785.0,,
1989-06-15,444.0,1078.0,466.0,37806.0,124429.0,17245.0,,
1989-06-16,811.0,626.0,544.0,142287.0,66206.0,36017.0,,
1989-06-19,686.0,733.0,542.0,63249.0,50277.0,17194.0,,
1989-06-20,657.0,774.0,539.0,68118.0,78543.0,20989.0,,
1989-06-21,617.0,842.0,495.0,61465.0,83646.0,23719.0,,
1989-06-22,813.0,626.0,528.0,92389.0,53008.0,31113.0,,
1989-06-23,1078.0,441.0,469.0,153182.0,25505.0,20033.0,,
1989-06-26,630.0,840.0,498.0,49669.0,74415.0,19516.0,,
1989-06-27,927.0,542.0,512.0,101616.0,48419.0,21055.0,,
1989-06-28,485.0,997.0,488.0,43643.0,98107.0,16720.0,,
1989-06-29,273.0,1325.0,395.0,15812.0,140026.0,11262.0,,
1989-06-30,641.0,900.0,442.0,50756.0,90915.0,28819.0,,
1989-07-03,733.0,587.0,562.0,37688.0,19000.0,12182.0,,
1989-07-05,882.0,566.0,504.0,71872.0,36597.0,19231.0,,
1989-07-06,965.0,530.0,503.0,79980.0,38212.0,22258.0,,
1989-07-07,1064.0,472.0,458.0,117039.0,32996.0,16395.0,,
1989-07-10,966.0,523.0,493.0,90898.0,24116.0,16856.0,,
1989-07-11,926.0,579.0,500.0,98140.0,48706.0,24744.0,,
1989-07-12,844.0,610.0,539.0,75330.0,60843.0,24377.0,,
1989-07-13,798.0,671.0,526.0,73504.0,54556.0,25740.0,,
1989-07-14,819.0,659.0,518.0,98103.0,55870.0,29507.0,,
1989-07-17,757.0,713.0,516.0,65342.0,47676.0,18942.0,,
1989-07-18,618.0,850.0,540.0,61153.0,68380.0,22817.0,,
1989-07-19,1058.0,458.0,495.0,154320.0,44617.0,16803.0,,
1989-07-20,646.0,871.0,482.0,66340.0,112655.0,25595.0,,
1989-07-21,723.0,712.0,526.0,93193.0,61086.0,20601.0,,
1989-07-24,532.0,942.0,507.0,44595.0,71187.0,20478.0,,
1989-07-25,772.0,684.0,529.0,80751.0,73233.0,25286.0,,
1989-07-26,981.0,483.0,499.0,130646.0,36777.0,20847.0,,
1989-07-27,1021.0,496.0,483.0,152097.0,41274.0,20309.0,,
1989-07-28,819.0,679.0,480.0,94898.0,60598.0,25114.0,,
1989-07-31,1054.0,490.0,462.0,114177.0,32090.0,20383.0,,
1989-08-01,729.0,808.0,477.0,78966.0,117421.0,28893.0,,
1989-08-02,866.0,680.0,460.0,98677.0,60212.0,22871.0,,
1989-08-03,874.0,628.0,499.0,84494.0,58593.0,25603.0,,
1989-08-04,642.0,867.0,492.0,71268.0,74604.0,23878.0,,
1989-08-07,1054.0,476.0,465.0,151665.0,28365.0,17550.0,,
1989-08-08,834.0,688.0,496.0,102708.0,71293.0,26339.0,,
1989-08-09,636.0,876.0,501.0,84579.0,96267.0,29054.0,,
1989-08-10,838.0,653.0,511.0,104018.0,64025.0,30617.0,,
1989-08-11,586.0,954.0,477.0,49702.0,128564.0,19284.0,,
1989-08-14,473.0,986.0,532.0,38266.0,84592.0,19152.0,,
1989-08-15,809.0,689.0,501.0,77847.0,50345.0,20578.0,,
1989-08-16,819.0,662.0,512.0,79057.0,45199.0,25804.0,,
1989-08-17,561.0,887.0,540.0,50815.0,82761.0,23984.0,,
1989-08-18,776.0,661.0,544.0,83344.0,41028.0,21438.0,,
1989-08-21,382.0,1178.0,418.0,20972.0,105596.0,10232.0,,
1989-08-22,629.0,835.0,538.0,64564.0,56579.0,20787.0,,
1989-08-23,1015.0,487.0,480.0,113504.0,27687.0,18449.0,,
1989-08-24,1180.0,359.0,443.0,187831.0,22397.0,15292.0,,
1989-08-25,716.0,798.0,485.0,70104.0,73427.0,22399.0,,
1989-08-28,760.0,692.0,537.0,68785.0,37794.0,24601.0,,
1989-08-29,640.0,869.0,486.0,70633.0,89562.0,15015.0,,
1989-08-30,795.0,650.0,537.0,100346.0,51023.0,22981.0,,
1989-08-31,801.0,672.0,510.0,72002.0,49319.0,22099.0,,
1989-09-01,897.0,498.0,561.0,86052.0,27642.0,19606.0,,
1989-09-05,618.0,826.0,528.0,56959.0,66591.0,21630.0,,
1989-09-06,433.0,1091.0,456.0,37839.0,108283.0,15678.0,,
1989-09-07,713.0,714.0,569.0,66304.0,69298.0,24558.0,,
1989-09-08,746.0,685.0,552.0,68753.0,60868.0,24469.0,,
1989-09-11,530.0,936.0,525.0,49769.0,66194.0,10057.0,,
1989-09-12,824.0,632.0,535.0,77928.0,42021.0,22191.0,,
1989-09-13,555.0,912.0,526.0,48144.0,103562.0,23624.0,,
1989-09-14,396.0,1108.0,479.0,24277.0,107907.0,17066.0,,
1989-09-15,651.0,837.0,505.0,116249.0,87436.0,31185.0,,
1989-09-18,751.0,693.0,512.0,116199.0,87425.0,33316.0,,
1989-09-19,739.0,696.0,536.0,59051.0,61513.0,21046.0,,
1989-09-20,697.0,726.0,547.0,64681.0,47245.0,24714.0,,
1989-09-21,677.0,750.0,536.0,63867.0,56242.0,26821.0,,
1989-09-22,747.0,654.0,562.0,65733.0,45629.0,21988.0,,
1989-09-25,445.0,1031.0,487.0,31833.0,73231.0,16066.0,,
1989-09-26,740.0,634.0,556.0,72407.0,56742.0,29201.0,,
1989-09-27,626.0,826.0,514.0,79660.0,58812.0,19928.0,,
1989-09-28,918.0,536.0,503.0,105826.0,42412.0,16002.0,,
1989-09-29,885.0,565.0,521.0,80886.0,53849.0,20565.0,,
1989-10-02,861.0,598.0,509.0,70677.0,39909.0,16824.0,,
1989-10-03,996.0,509.0,486.0,126810.0,37857.0,17883.0,,
1989-10-04,831.0,656.0,506.0,114038.0,57873.0,22679.0,,
1989-10-05,741.0,743.0,494.0,85499.0,65711.0,26680.0,,
1989-10-06,780.0,667.0,520.0,98102.0,50617.0,23801.0,,
1989-10-09,705.0,657.0,546.0,43516.0,28394.0,14900.0,,
1989-10-10,652.0,831.0,493.0,56962.0,68480.0,22118.0,,
1989-10-11,458.0,1021.0,504.0,34068.0,110479.0,19523.0,,
1989-10-12,543.0,907.0,511.0,46423.0,89445.0,24252.0,,
1989-10-13,153.0,1600.0,228.0,5477.0,239741.0,5952.0,,
1989-10-16,749.0,975.0,279.0,291736.0,101599.0,22955.0,,
1989-10-17,658.0,931.0,413.0,62201.0,136866.0,25003.0,,
1989-10-18,822.0,668.0,461.0,88310.0,59440.0,19150.0,,
1989-10-19,1235.0,355.0,379.0,155064.0,24228.0,18828.0,,
1989-10-20,662.0,829.0,478.0,66366.0,77797.0,20667.0,,
1989-10-23,501.0,1012.0,458.0,33564.0,87182.0,15114.0,,
1989-10-24,382.0,1222.0,376.0,56344.0,159480.0,22136.0,,
1989-10-25,784.0,700.0,474.0,61681.0,77839.0,16130.0,,
1989-10-26,406.0,1141.0,410.0,25972.0,135416.0,13852.0,,
1989-10-27,416.0,1108.0,418.0,37556.0,117072.0,15702.0,,
1989-10-30,684.0,774.0,482.0,52210.0,51214.0,23206.0,,
1989-10-31,1111.0,448.0,413.0,135376.0,27420.0,13304.0,,
1989-11-01,847.0,644.0,476.0,85666.0,53319.0,15255.0,,
1989-11-02,565.0,928.0,504.0,36603.0,95906.0,19931.0,,
1989-11-03,643.0,794.0,516.0,52093.0,63966.0,15441.0,,
1989-11-06,355.0,1180.0,441.0,17367.0,103342.0,14771.0,,
1989-11-07,813.0,662.0,496.0,92142.0,49612.0,21246.0,,
1989-11-08,1091.0,418.0,463.0,115625.0,33918.0,20607.0,,
1989-11-09,660.0,815.0,487.0,50491.0,72112.0,20787.0,,
1989-11-10,901.0,557.0,494.0,79914.0,35161.0,16725.0,,
1989-11-13,812.0,675.0,472.0,71353.0,52319.0,17078.0,,
1989-11-14,639.0,831.0,498.0,50748.0,72251.0,20171.0,,
1989-11-15,926.0,595.0,465.0,88749.0,40092.0,26289.0,,
1989-11-16,735.0,748.0,498.0,60009.0,65788.0,22573.0,,
1989-11-17,766.0,682.0,519.0,76711.0,54859.0,19450.0,,
1989-11-20,473.0,1015.0,484.0,30036.0,80817.0,17317.0,,
1989-11-21,622.0,860.0,522.0,63051.0,62890.0,21959.0,,
1989-11-22,888.0,565.0,533.0,88171.0,33839.0,23720.0,,
1989-11-24,931.0,447.0,522.0,58300.0,14140.0,13850.0,,
1989-11-27,883.0,612.0,489.0,88154.0,40526.0,20710.0,,
1989-11-28,848.0,647.0,502.0,68377.0,57091.0,28302.0,,
1989-11-29,595.0,892.0,484.0,44116.0,82153.0,21001.0,,
1989-11-30,837.0,629.0,516.0,86843.0,44975.0,21382.0,,
1989-12-01,990.0,531.0,475.0,133262.0,39024.0,26914.0,,
1989-12-04,810.0,708.0,469.0,89541.0,44737.0,16082.0,,
1989-12-05,656.0,831.0,506.0,54606.0,79274.0,20760.0,,
1989-12-06,714.0,767.0,512.0,54431.0,68202.0,23217.0,,
1989-12-07,622.0,843.0,530.0,61143.0,74150.0,26687.0,,
1989-12-08,813.0,646.0,525.0,73160.0,50048.0,21702.0,,
1989-12-11,669.0,844.0,477.0,56557.0,70462.0,20111.0,,
1989-12-12,900.0,651.0,475.0,111871.0,45743.0,19206.0,,
1989-12-13,791.0,734.0,496.0,82661.0,78628.0,23371.0,,
1989-12-14,529.0,996.0,494.0,48484.0,109090.0,21126.0,,
1989-12-15,619.0,924.0,470.0,73212.0,139997.0,27181.0,,
1989-12-18,361.0,1289.0,362.0,21601.0,149219.0,13930.0,,
1989-12-19,513.0,1021.0,479.0,61175.0,100829.0,24056.0,,
1989-12-20,759.0,749.0,492.0,85111.0,66350.0,25059.0,,
1989-12-21,932.0,627.0,460.0,99642.0,53396.0,22112.0,,
1989-12-22,1011.0,488.0,440.0,80636.0,23840.0,16504.0,,
1989-12-26,712.0,664.0,552.0,34184.0,30134.0,13292.0,,
1989-12-27,928.0,560.0,476.0,77976.0,39060.0,16694.0,,
1989-12-28,842.0,673.0,475.0,66926.0,42226.0,18878.0,,
1989-12-29,1083.0,484.0,425.0,91958.0,29127.0,24855.0,,
1990-01-02,1257.0,412.0,333.0,124086.0,24562.0,13422.0,,
1990-01-03,887.0,724.0,409.0,101752.0,74079.0,16499.0,,
1990-01-04,645.0,924.0,418.0,55578.0,103932.0,17490.0,,
1990-01-05,591.0,931.0,453.0,45872.0,100470.0,12188.0,,
1990-01-08,805.0,717.0,470.0,71311.0,50671.0,18128.0,,
1990-01-09,565.0,959.0,461.0,38475.0,99999.0,16736.0,,
1990-01-10,516.0,1053.0,417.0,43311.0,110798.0,21881.0,,
1990-01-11,879.0,566.0,535.0,85134.0,44836.0,24420.0,,
1990-01-12,217.0,1483.0,302.0,9043.0,165599.0,9238.0,,
1990-01-15,395.0,1091.0,466.0,30606.0,95043.0,14941.0,,
1990-01-16,811.0,723.0,454.0,112774.0,52606.0,20690.0,,
1990-01-17,649.0,867.0,462.0,49628.0,103034.0,17808.0,,
1990-01-18,584.0,899.0,495.0,71105.0,84752.0,22733.0,,
1990-01-19,830.0,656.0,477.0,89269.0,72309.0,24012.0,,
1990-01-22,267.0,1336.0,368.0,12509.0,128173.0,7698.0,,
1990-01-23,666.0,864.0,468.0,80050.0,79803.0,19447.0,,
1990-01-24,384.0,1207.0,399.0,56442.0,133898.0,17490.0,,
1990-01-25,539.0,937.0,474.0,57912.0,97689.0,16669.0,,
1990-01-26,557.0,951.0,464.0,75476.0,101090.0,21624.0,,
1990-01-29,541.0,961.0,450.0,51605.0,79864.0,19301.0,,
1990-01-30,399.0,1156.0,431.0,45478.0,121050.0,19502.0,,
1990-01-31,1116.0,449.0,411.0,153492.0,24787.0,11381.0,,
1990-02-01,881.0,651.0,435.0,77084.0,61094.0,16402.0,,
1990-02-02,1004.0,495.0,473.0,103253.0,39134.0,22013.0,,
1990-02-05,838.0,646.0,490.0,71382.0,39150.0,20418.0,,
1990-02-06,578.0,909.0,499.0,40440.0,73207.0,20423.0,,
1990-02-07,941.0,567.0,443.0,125455.0,40996.0,20259.0,,
1990-02-08,768.0,696.0,505.0,79902.0,74311.0,22027.0,,
1990-02-09,826.0,667.0,478.0,71921.0,51201.0,23788.0,,
1990-02-12,479.0,1042.0,442.0,25462.0,79446.0,13482.0,,
1990-02-13,675.0,804.0,489.0,74724.0,52088.0,17628.0,,
1990-02-14,749.0,681.0,519.0,76620.0,41066.0,20844.0,,
1990-02-15,908.0,583.0,469.0,104615.0,44805.0,25210.0,,
1990-02-16,760.0,737.0,440.0,58333.0,87888.0,20619.0,,
1990-02-20,327.0,1257.0,388.0,23068.0,113144.0,11088.0,,
1990-02-21,577.0,963.0,455.0,53708.0,86654.0,18878.0,,
1990-02-22,715.0,753.0,508.0,62798.0,89000.0,32522.0,,
1990-02-23,468.0,987.0,510.0,35651.0,89193.0,23646.0,,
1990-02-26,822.0,639.0,492.0,94089.0,38363.0,16458.0,,
1990-02-27,927.0,558.0,496.0,87931.0,43519.0,21140.0,,
1990-02-28,917.0,565.0,495.0,119299.0,44794.0,20317.0,,
1990-03-01,843.0,633.0,493.0,78173.0,62742.0,17015.0,,
1990-03-02,982.0,484.0,503.0,111200.0,33867.0,19263.0,,
1990-03-05,684.0,830.0,466.0,48726.0,73605.0,17779.0,,
1990-03-06,1028.0,489.0,484.0,101382.0,25357.0,16901.0,,
1990-03-07,740.0,762.0,482.0,68839.0,71672.0,23069.0,,
1990-03-08,983.0,507.0,476.0,113651.0,40620.0,16629.0,,
1990-03-09,602.0,876.0,484.0,39436.0,90843.0,20131.0,,
1990-03-12,752.0,697.0,514.0,56321.0,40248.0,18221.0,,
1990-03-13,557.0,913.0,498.0,43667.0,82009.0,19764.0,,
1990-03-14,828.0,642.0,492.0,68816.0,56057.0,20187.0,,
1990-03-15,749.0,690.0,511.0,73087.0,47422.0,23901.0,,
1990-03-16,884.0,591.0,481.0,161186.0,39785.0,21549.0,,
1990-03-19,730.0,700.0,533.0,76194.0,44345.0,21761.0,,
1990-03-20,598.0,892.0,495.0,52331.0,89694.0,35295.0,,
1990-03-21,582.0,870.0,513.0,38820.0,71147.0,21023.0,,
1990-03-22,368.0,1200.0,409.0,23107.0,138818.0,14005.0,,
1990-03-23,884.0,571.0,527.0,78159.0,33190.0,20721.0,,
1990-03-26,826.0,664.0,491.0,59931.0,41526.0,14653.0,,
1990-03-27,889.0,569.0,505.0,85501.0,28298.0,17811.0,,
1990-03-28,724.0,731.0,529.0,66189.0,54671.0,21440.0,,
1990-03-29,584.0,861.0,518.0,44616.0,67143.0,20431.0,,
1990-03-30,730.0,724.0,499.0,49514.0,68221.0,21605.0,,
1990-04-02,434.0,1122.0,433.0,34376.0,75739.0,14245.0,,
1990-04-03,1071.0,431.0,468.0,115150.0,23890.0,15270.0,,
1990-04-04,596.0,918.0,471.0,43982.0,97057.0,18501.0,,
1990-04-05,703.0,744.0,540.0,59063.0,67357.0,17750.0,,
1990-04-06,622.0,860.0,516.0,40439.0,75842.0,21209.0,,
1990-04-09,652.0,839.0,511.0,58886.0,51053.0,5031.0,,
1990-04-10,723.0,740.0,511.0,60782.0,57694.0,17544.0,,
1990-04-11,720.0,762.0,497.0,59206.0,60781.0,21093.0,,
1990-04-12,908.0,573.0,518.0,87936.0,35530.0,19004.0,,
1990-04-16,714.0,778.0,510.0,66137.0,54855.0,21818.0,,
1990-04-17,662.0,844.0,499.0,53819.0,52462.0,21709.0,,
1990-04-18,447.0,1056.0,503.0,32804.0,98917.0,15409.0,,
1990-04-19,511.0,968.0,521.0,38122.0,96882.0,17926.0,,
1990-04-20,401.0,1079.0,500.0,29857.0,119638.0,24765.0,,
1990-04-23,328.0,1229.0,425.0,19739.0,104103.0,14308.0,,
1990-04-24,652.0,833.0,506.0,51854.0,66318.0,19188.0,,
1990-04-25,774.0,664.0,536.0,77136.0,40394.0,15950.0,,
1990-04-26,677.0,764.0,521.0,61687.0,58019.0,21624.0,,
1990-04-27,403.0,1070.0,491.0,18106.0,97235.0,15289.0,,
1990-04-30,732.0,749.0,497.0,65785.0,40203.0,16762.0,,
1990-05-01,820.0,679.0,467.0,74711.0,52186.0,22123.0,,
1990-05-02,864.0,612.0,478.0,91664.0,32233.0,17713.0,,
1990-05-03,901.0,557.0,520.0,82817.0,41491.0,21262.0,,
1990-05-04,1020.0,465.0,480.0,99387.0,24112.0,17051.0,,
1990-05-07,943.0,571.0,493.0,85344.0,28563.0,18853.0,,
1990-05-08,813.0,650.0,518.0,81549.0,40009.0,22672.0,,
1990-05-09,760.0,733.0,501.0,74389.0,55513.0,22318.0,,
1990-05-10,847.0,601.0,522.0,91881.0,45484.0,21095.0,,
1990-05-11,1282.0,339.0,384.0,212806.0,10036.0,11198.0,,
1990-05-14,1062.0,555.0,440.0,152397.0,46986.0,26027.0,,
1990-05-15,654.0,856.0,505.0,67653.0,69084.0,28993.0,,
1990-05-16,701.0,814.0,517.0,62375.0,77047.0,20388.0,,
1990-05-17,832.0,649.0,505.0,88035.0,53542.0,23193.0,,
1990-05-18,742.0,725.0,534.0,77053.0,61093.0,24374.0,,
1990-05-21,997.0,538.0,486.0,113250.0,29905.0,23125.0,,
1990-05-22,816.0,689.0,501.0,99117.0,78208.0,26025.0,,
1990-05-23,761.0,745.0,516.0,76245.0,66457.0,29628.0,,
1990-05-24,725.0,791.0,519.0,68802.0,69196.0,17142.0,,
1990-05-25,543.0,947.0,507.0,33248.0,74725.0,12277.0,,
1990-05-29,1107.0,434.0,462.0,103462.0,17392.0,16556.0,,
1990-05-30,803.0,691.0,523.0,96426.0,77734.0,25380.0,,
1990-05-31,801.0,682.0,534.0,77740.0,59922.0,28028.0,,
1990-06-01,978.0,579.0,481.0,116619.0,53402.0,17839.0,,
1990-06-04,1105.0,477.0,439.0,131579.0,25649.0,18292.0,,
1990-06-05,774.0,813.0,463.0,80259.0,93163.0,26298.0,,
1990-06-06,656.0,872.0,489.0,59253.0,86906.0,17861.0,,
1990-06-07,638.0,852.0,528.0,53836.0,83192.0,23392.0,,
1990-06-08,458.0,1010.0,523.0,27658.0,94664.0,20278.0,,
1990-06-11,918.0,563.0,516.0,76504.0,28937.0,14109.0,,
1990-06-12,1003.0,545.0,473.0,108423.0,30343.0,18334.0,,
1990-06-13,722.0,786.0,499.0,62706.0,77191.0,19013.0,,
1990-06-14,560.0,917.0,500.0,35645.0,75951.0,24174.0,,
1990-06-15,611.0,835.0,552.0,83407.0,92227.0,29496.0,,
1990-06-18,353.0,1230.0,428.0,13433.0,109260.0,10777.0,,
1990-06-19,788.0,710.0,515.0,67520.0,45799.0,21611.0,,
1990-06-20,668.0,777.0,555.0,60134.0,54174.0,23112.0,,
1990-06-21,774.0,696.0,539.0,67537.0,51259.0,19774.0,,
1990-06-22,607.0,893.0,518.0,40559.0,106438.0,25573.0,,
1990-06-25,496.0,1049.0,460.0,31606.0,85197.0,16297.0,,
1990-06-26,706.0,752.0,529.0,54306.0,66286.0,20828.0,,
1990-06-27,851.0,597.0,529.0,82898.0,41822.0,21900.0,,
1990-06-28,911.0,559.0,523.0,80762.0,37794.0,17564.0,,
1990-06-29,954.0,583.0,469.0,75300.0,49636.0,20564.0,,
1990-07-02,775.0,744.0,472.0,72786.0,39832.0,17582.0,,
1990-07-03,834.0,650.0,503.0,68534.0,44426.0,17090.0,,
1990-07-05,397.0,1058.0,495.0,17993.0,95606.0,14721.0,,
1990-07-06,851.0,537.0,566.0,67717.0,29356.0,14657.0,,
1990-07-09,764.0,673.0,545.0,59376.0,40540.0,19474.0,,
1990-07-10,529.0,969.0,498.0,39960.0,87214.0,20456.0,,
1990-07-11,971.0,506.0,521.0,113595.0,32625.0,16000.0,,
1990-07-12,987.0,545.0,479.0,131597.0,58694.0,21219.0,,
1990-07-13,954.0,619.0,460.0,123517.0,67701.0,24382.0,,
1990-07-16,868.0,678.0,495.0,86369.0,45397.0,17664.0,,
1990-07-17,643.0,877.0,519.0,61182.0,100777.0,14831.0,,
1990-07-18,483.0,1030.0,522.0,33568.0,118307.0,16885.0,,
1990-07-19,621.0,858.0,522.0,69755.0,72943.0,19292.0,,
1990-07-20,585.0,912.0,513.0,39908.0,111306.0,26596.0,,
1990-07-23,227.0,1430.0,365.0,15902.0,183992.0,9136.0,,
1990-07-24,753.0,755.0,509.0,82328.0,77537.0,22055.0,,
1990-07-25,895.0,583.0,512.0,82948.0,61408.0,19174.0,,
1990-07-26,701.0,778.0,524.0,60734.0,73378.0,20928.0,,
1990-07-27,530.0,930.0,534.0,42610.0,83175.0,23285.0,,
1990-07-30,717.0,792.0,499.0,70231.0,56607.0,19632.0,,
1990-07-31,817.0,731.0,455.0,82552.0,74310.0,16948.0,,
1990-08-01,733.0,777.0,524.0,69015.0,86148.0,21647.0,,
1990-08-02,464.0,1211.0,349.0,95622.0,144257.0,13211.0,,
1990-08-03,264.0,1457.0,305.0,32947.0,243421.0,15992.0,,
1990-08-06,255.0,1530.0,255.0,37362.0,192913.0,10125.0,,
1990-08-07,740.0,845.0,449.0,107628.0,96494.0,27458.0,,
1990-08-08,1015.0,601.0,406.0,128667.0,48593.0,13140.0,,
1990-08-09,837.0,695.0,474.0,82694.0,50424.0,22692.0,,
1990-08-10,448.0,1043.0,507.0,33243.0,97823.0,14274.0,,
1990-08-13,726.0,766.0,479.0,72217.0,38128.0,12475.0,,
1990-08-14,852.0,640.0,496.0,66534.0,46296.0,17490.0,,
1990-08-15,887.0,619.0,494.0,66483.0,53005.0,15722.0,,
1990-08-16,330.0,1300.0,386.0,14936.0,116343.0,7571.0,,
1990-08-17,310.0,1330.0,365.0,36504.0,160423.0,15633.0,,
1990-08-20,629.0,920.0,457.0,55155.0,55239.0,19236.0,,
1990-08-21,243.0,1441.0,340.0,15723.0,169229.0,9678.0,,
1990-08-22,360.0,1202.0,426.0,27474.0,127450.0,20626.0,,
1990-08-23,148.0,1645.0,242.0,9095.0,237040.0,4305.0,,
1990-08-24,956.0,649.0,410.0,133200.0,49433.0,16407.0,,
1990-08-27,1453.0,256.0,287.0,142446.0,12945.0,4759.0,,
1990-08-28,837.0,664.0,492.0,57206.0,53911.0,16533.0,,
1990-08-29,972.0,508.0,512.0,83966.0,33906.0,16368.0,,
1990-08-30,482.0,998.0,501.0,20777.0,83395.0,16718.0,,
1990-08-31,885.0,595.0,472.0,66982.0,19848.0,9650.0,,
1990-09-04,673.0,814.0,473.0,38601.0,37186.0,17153.0,,
1990-09-05,953.0,571.0,451.0,71262.0,34855.0,14493.0,,
1990-09-06,511.0,960.0,490.0,27701.0,82321.0,15598.0,,
1990-09-07,922.0,560.0,488.0,72760.0,33948.0,17092.0,,
1990-09-10,777.0,739.0,465.0,43873.0,57046.0,18811.0,,
1990-09-11,609.0,835.0,513.0,39811.0,57900.0,15509.0,,
1990-09-12,778.0,638.0,539.0,68699.0,45025.0,16166.0,,
1990-09-13,430.0,1009.0,506.0,22954.0,84674.0,15742.0,,
1990-09-14,472.0,1008.0,470.0,31411.0,86228.0,15751.0,,
1990-09-17,681.0,768.0,508.0,51114.0,44797.0,14689.0,,
1990-09-18,626.0,854.0,501.0,57654.0,66003.0,17473.0,,
1990-09-19,599.0,883.0,496.0,46421.0,80925.0,20184.0,,
1990-09-20,300.0,1258.0,427.0,11302.0,122101.0,11697.0,,
1990-09-21,595.0,928.0,471.0,81499.0,99366.0,20185.0,,
1990-09-24,233.0,1432.0,326.0,12198.0,141587.0,8425.0,,
1990-09-25,770.0,745.0,471.0,89831.0,50623.0,15486.0,,
1990-09-26,421.0,1119.0,454.0,28999.0,109785.0,16786.0,,
1990-09-27,395.0,1182.0,422.0,27003.0,137651.0,18036.0,,
1990-09-28,877.0,693.0,408.0,132766.0,53513.0,14731.0,,
1990-10-01,1203.0,442.0,365.0,159429.0,28645.0,14136.0,,
1990-10-02,1014.0,582.0,427.0,91993.0,78126.0,18201.0,,
1990-10-03,564.0,972.0,437.0,35577.0,84531.0,15382.0,,
1990-10-04,731.0,780.0,465.0,65502.0,66104.0,13804.0,,
1990-10-05,598.0,893.0,464.0,57535.0,78925.0,16920.0,,
1990-10-08,822.0,627.0,490.0,50757.0,36199.0,12514.0,,
1990-10-09,288.0,1313.0,388.0,14546.0,122456.0,8608.0,,
1990-10-10,356.0,1200.0,434.0,25874.0,129075.0,12941.0,,
1990-10-11,301.0,1290.0,416.0,25484.0,138221.0,16355.0,,
1990-10-12,917.0,640.0,432.0,122840.0,51934.0,13166.0,,
1990-10-15,802.0,748.0,441.0,97244.0,53496.0,14240.0,,
1990-10-16,487.0,1077.0,424.0,29694.0,105139.0,14737.0,,
1990-10-17,659.0,833.0,489.0,68047.0,74617.0,18596.0,,
1990-10-18,1116.0,436.0,431.0,157708.0,31817.0,14595.0,,
1990-10-19,1129.0,499.0,375.0,158198.0,41150.0,22132.0,,
1990-10-22,860.0,719.0,422.0,94647.0,40936.0,17067.0,,
1990-10-23,821.0,695.0,455.0,52594.0,73174.0,20532.0,,
1990-10-24,762.0,728.0,490.0,71380.0,60987.0,16923.0,,
1990-10-25,624.0,851.0,487.0,39920.0,84903.0,16817.0,,
1990-10-26,364.0,1164.0,451.0,14178.0,105442.0,10570.0,,
1990-10-29,486.0,1037.0,451.0,33995.0,82989.0,16996.0,,
1990-10-30,685.0,817.0,471.0,72237.0,65025.0,16188.0,,
1990-10-31,753.0,758.0,455.0,67325.0,69962.0,18773.0,,
1990-11-01,896.0,618.0,487.0,99983.0,44164.0,15123.0,,
1990-11-02,1091.0,466.0,439.0,128214.0,21136.0,19350.0,,
1990-11-05,1024.0,547.0,430.0,101660.0,30604.0,15246.0,,
1990-11-06,709.0,760.0,510.0,41927.0,78723.0,20480.0,,
1990-11-07,444.0,1134.0,441.0,20542.0,117739.0,10849.0,,
1990-11-08,834.0,654.0,510.0,82005.0,51684.0,21881.0,,
1990-11-09,1123.0,453.0,428.0,111053.0,20608.0,13499.0,,
1990-11-12,1163.0,381.0,433.0,132041.0,17286.0,12063.0,,
1990-11-13,836.0,731.0,454.0,66821.0,71680.0,21739.0,,
1990-11-14,999.0,532.0,473.0,110124.0,47947.0,21239.0,,
1990-11-15,591.0,918.0,470.0,37349.0,98754.0,15267.0,,
1990-11-16,766.0,725.0,517.0,74618.0,70119.0,20703.0,,
1990-11-19,902.0,624.0,475.0,75132.0,44729.0,21089.0,,
1990-11-20,511.0,1043.0,450.0,29480.0,111447.0,20243.0,,
1990-11-21,719.0,746.0,516.0,62707.0,54076.0,23877.0,,
1990-11-23,650.0,680.0,559.0,23445.0,27789.0,12116.0,,
1990-11-26,785.0,728.0,469.0,69246.0,46680.0,15614.0,,
1990-11-27,959.0,571.0,481.0,91103.0,37803.0,18684.0,,
1990-11-28,843.0,664.0,496.0,73546.0,52940.0,19004.0,,
1990-11-29,655.0,839.0,514.0,45561.0,74183.0,21176.0,,
1990-11-30,1126.0,426.0,462.0,143840.0,34694.0,13816.0,,
1990-12-03,964.0,612.0,444.0,116210.0,43025.0,17775.0,,
1990-12-04,907.0,639.0,457.0,126047.0,44064.0,15709.0,,
1990-12-05,1087.0,485.0,446.0,149495.0,39681.0,16644.0,,
1990-12-06,869.0,710.0,456.0,118487.0,114319.0,23574.0,,
1990-12-07,759.0,778.0,500.0,58955.0,86413.0,19582.0,,
1990-12-10,798.0,774.0,490.0,65507.0,53664.0,19479.0,,
1990-12-11,585.0,999.0,458.0,45285.0,82597.0,17448.0,,
1990-12-12,952.0,594.0,507.0,120070.0,44874.0,17326.0,,
1990-12-13,790.0,747.0,505.0,71556.0,71879.0,18675.0,,
1990-12-14,526.0,1025.0,473.0,35270.0,97911.0,17699.0,,
1990-12-17,500.0,1054.0,479.0,36165.0,62771.0,19624.0,,
1990-12-18,969.0,577.0,501.0,118081.0,37768.0,20611.0,,
1990-12-19,854.0,712.0,484.0,89488.0,65459.0,25433.0,,
1990-12-20,726.0,813.0,507.0,71013.0,72600.0,31087.0,,
1990-12-21,773.0,793.0,481.0,109232.0,89580.0,34588.0,,
1990-12-24,527.0,842.0,560.0,13501.0,32638.0,11061.0,,
1990-12-26,774.0,639.0,545.0,38070.0,24186.0,16474.0,,
1990-12-27,598.0,892.0,514.0,26655.0,57403.0,18842.0,,
1990-12-28,712.0,800.0,511.0,47748.0,42155.0,21137.0,,
1990-12-31,1018.0,596.0,424.0,62982.0,29881.0,21267.0,,
1991-01-02,725.0,852.0,432.0,33975.0,78435.0,13870.0,,
1991-01-03,602.0,936.0,478.0,37567.0,87313.0,16570.0,,
1991-01-04,790.0,698.0,496.0,55912.0,66244.0,18664.0,,
1991-01-07,362.0,1219.0,420.0,13534.0,106338.0,10738.0,,
1991-01-08,564.0,927.0,516.0,46692.0,73084.0,23614.0,,
1991-01-09,578.0,945.0,478.0,45115.0,124829.0,21156.0,,
1991-01-10,892.0,598.0,508.0,78367.0,32801.0,13342.0,,
1991-01-11,751.0,701.0,540.0,52926.0,53193.0,16931.0,,
1991-01-14,362.0,1211.0,428.0,21925.0,83316.0,15589.0,,
1991-01-15,699.0,735.0,542.0,54414.0,38570.0,16996.0,,
1991-01-16,916.0,561.0,486.0,85279.0,36075.0,13206.0,,
1991-01-17,1519.0,263.0,259.0,271197.0,37114.0,10579.0,,
1991-01-18,836.0,678.0,471.0,153390.0,55925.0,17455.0,,
1991-01-21,732.0,771.0,464.0,58424.0,59834.0,18032.0,,
1991-01-22,784.0,742.0,446.0,74343.0,83794.0,17453.0,,
1991-01-23,998.0,517.0,468.0,100778.0,53040.0,15622.0,,
1991-01-24,1231.0,398.0,379.0,165348.0,37169.0,20633.0,,
1991-01-25,982.0,554.0,464.0,110186.0,57175.0,26989.0,,
1991-01-28,942.0,607.0,451.0,72236.0,50101.0,18933.0,,
1991-01-29,826.0,686.0,482.0,73557.0,57752.0,24431.0,,
1991-01-30,1216.0,406.0,385.0,176223.0,34196.0,16371.0,,
1991-01-31,1089.0,511.0,431.0,131705.0,50096.0,22439.0,,
1991-02-01,1023.0,605.0,422.0,120102.0,88853.0,37715.0,,
1991-02-04,1362.0,359.0,333.0,209925.0,24958.0,15867.0,,
1991-02-05,1151.0,517.0,407.0,191124.0,73078.0,26368.0,,
1991-02-06,1222.0,449.0,396.0,209421.0,44268.0,23251.0,,
1991-02-07,849.0,837.0,377.0,124682.0,139536.0,90565.0,,
1991-02-08,974.0,618.0,455.0,113251.0,56723.0,17866.0,,
1991-02-11,1432.0,329.0,320.0,228223.0,22703.0,14424.0,,
1991-02-12,781.0,854.0,437.0,95194.0,141582.0,19384.0,,
1991-02-13,1055.0,553.0,449.0,126030.0,55131.0,28799.0,,
1991-02-14,612.0,1033.0,402.0,64401.0,142387.0,23962.0,,
1991-02-15,1173.0,470.0,397.0,162875.0,43528.0,15967.0,,
1991-02-19,791.0,860.0,398.0,88304.0,77732.0,23864.0,,
1991-02-20,531.0,1098.0,431.0,45324.0,122481.0,17875.0,,
1991-02-21,834.0,715.0,505.0,83267.0,72474.0,25029.0,,
1991-02-22,820.0,715.0,496.0,120206.0,69972.0,28582.0,,
1991-02-25,939.0,649.0,457.0,104441.0,56902.0,32477.0,,
1991-02-26,443.0,1154.0,447.0,42734.0,105720.0,15716.0,,
1991-02-27,1063.0,503.0,457.0,151591.0,35258.0,24561.0,,
1991-02-28,1075.0,567.0,414.0,123744.0,77691.0,21575.0,,
1991-03-01,953.0,644.0,446.0,142688.0,43871.0,34951.0,,
1991-03-04,1009.0,605.0,443.0,106850.0,68451.0,24529.0,,
1991-03-05,1272.0,391.0,408.0,204789.0,26951.0,21960.0,,
1991-03-06,903.0,779.0,393.0,126198.0,109769.0,26323.0,,
1991-03-07,752.0,838.0,466.0,90241.0,86569.0,20250.0,,
1991-03-08,794.0,807.0,461.0,82512.0,90530.0,33808.0,,
1991-03-11,649.0,935.0,467.0,55706.0,86789.0,19105.0,,
1991-03-12,565.0,1019.0,468.0,32606.0,121703.0,22131.0,,
1991-03-13,933.0,633.0,486.0,124125.0,33250.0,18625.0,,
1991-03-14,787.0,785.0,490.0,92462.0,115653.0,22885.0,,
1991-03-15,561.0,1028.0,457.0,94681.0,107528.0,35451.0,,
1991-03-18,722.0,841.0,478.0,48892.0,89381.0,24827.0,,
1991-03-19,466.0,1142.0,444.0,29449.0,129104.0,18517.0,,
1991-03-20,850.0,671.0,514.0,87648.0,84179.0,24983.0,,
1991-03-21,818.0,749.0,490.0,88660.0,88893.0,22277.0,,
1991-03-22,793.0,743.0,503.0,71455.0,65113.0,24322.0,,
1991-03-25,952.0,610.0,476.0,82901.0,53630.0,17389.0,,
1991-03-26,1041.0,537.0,475.0,136686.0,40518.0,21516.0,,
1991-03-27,879.0,708.0,488.0,97378.0,85517.0,18935.0,,
1991-03-28,859.0,679.0,507.0,66484.0,59905.0,24361.0,,
1991-04-01,637.0,979.0,445.0,37357.0,90157.0,16506.0,,
1991-04-02,1193.0,447.0,428.0,151240.0,21657.0,16633.0,,
1991-04-03,957.0,673.0,438.0,112171.0,83325.0,18224.0,,
1991-04-04,967.0,683.0,427.0,103338.0,74794.0,19988.0,,
1991-04-05,601.0,957.0,506.0,47931.0,118856.0,20623.0,,
1991-04-08,940.0,614.0,504.0,78568.0,42452.0,17570.0,,
1991-04-09,576.0,1043.0,477.0,35133.0,114382.0,20425.0,,
1991-04-10,712.0,859.0,493.0,58950.0,87567.0,21423.0,,
1991-04-11,1108.0,508.0,459.0,130186.0,44948.0,21436.0,,
1991-04-12,950.0,631.0,488.0,124485.0,51313.0,22812.0,,
1991-04-15,935.0,682.0,463.0,82565.0,57393.0,21842.0,,
1991-04-16,1126.0,514.0,466.0,165150.0,29803.0,19527.0,,
1991-04-17,1032.0,576.0,501.0,159473.0,60343.0,27114.0,,
1991-04-18,708.0,917.0,462.0,88763.0,104298.0,24349.0,,
1991-04-19,585.0,1028.0,464.0,46605.0,127415.0,21490.0,,
1991-04-22,444.0,1248.0,376.0,35139.0,113582.0,15679.0,,
1991-04-23,830.0,794.0,460.0,88769.0,59218.0,19853.0,,
1991-04-24,841.0,725.0,510.0,87358.0,57196.0,22246.0,,
1991-04-25,577.0,970.0,494.0,44537.0,99703.0,22700.0,,
1991-04-26,672.0,859.0,516.0,48383.0,74826.0,30651.0,,
1991-04-29,473.0,1098.0,487.0,26123.0,103938.0,19799.0,,
1991-04-30,843.0,757.0,477.0,95965.0,86339.0,22626.0,,
1991-05-01,1155.0,486.0,437.0,132828.0,33794.0,15278.0,,
1991-05-02,941.0,630.0,511.0,103676.0,56511.0,26903.0,,
1991-05-03,748.0,749.0,549.0,66720.0,70279.0,21161.0,,
1991-05-06,741.0,793.0,532.0,55086.0,52508.0,20766.0,,
1991-05-07,739.0,836.0,513.0,49238.0,83508.0,20544.0,,
1991-05-08,867.0,682.0,529.0,78676.0,53341.0,25223.0,,
1991-05-09,1101.0,516.0,487.0,132281.0,31902.0,16027.0,,
1991-05-10,491.0,1122.0,471.0,22624.0,130751.0,23355.0,,
1991-05-13,787.0,777.0,497.0,60578.0,50070.0,18972.0,,
1991-05-14,388.0,1189.0,496.0,37311.0,155669.0,14930.0,,
1991-05-15,567.0,1074.0,427.0,38081.0,129965.0,25064.0,,
1991-05-16,989.0,569.0,509.0,96533.0,37997.0,19930.0,,
1991-05-17,684.0,813.0,544.0,69876.0,78811.0,25523.0,,
1991-05-20,702.0,851.0,501.0,41805.0,50714.0,16991.0,,
1991-05-21,984.0,578.0,513.0,112799.0,49406.0,24655.0,,
1991-05-22,766.0,798.0,507.0,75569.0,56997.0,26744.0,,
1991-05-23,737.0,790.0,533.0,72387.0,73645.0,27048.0,,
1991-05-24,963.0,541.0,528.0,81556.0,26107.0,16833.0,,
1991-05-28,1036.0,540.0,462.0,117863.0,29315.0,14767.0,,
1991-05-29,920.0,627.0,503.0,105010.0,62582.0,20557.0,,
1991-05-30,1139.0,458.0,464.0,163223.0,52316.0,18552.0,,
1991-05-31,1106.0,514.0,459.0,149518.0,62242.0,19923.0,,
1991-06-03,808.0,750.0,508.0,75215.0,80303.0,18192.0,,
1991-06-04,789.0,789.0,507.0,83661.0,71147.0,25363.0,,
1991-06-05,672.0,891.0,483.0,71573.0,94149.0,20575.0,,
1991-06-06,673.0,870.0,508.0,63375.0,87745.0,16931.0,,
1991-06-07,465.0,1121.0,480.0,32460.0,117796.0,17570.0,,
1991-06-10,654.0,920.0,479.0,42304.0,66580.0,18539.0,,
1991-06-11,865.0,693.0,506.0,93705.0,48304.0,19228.0,,
1991-06-12,364.0,1238.0,471.0,20412.0,128197.0,17109.0,,
1991-06-13,793.0,726.0,529.0,67072.0,53629.0,24169.0,,
1991-06-14,1025.0,539.0,473.0,113556.0,40447.0,13527.0,,
1991-06-17,657.0,853.0,560.0,44252.0,68911.0,20747.0,,
1991-06-18,615.0,893.0,558.0,51708.0,81158.0,22034.0,,
1991-06-19,414.0,1156.0,471.0,24421.0,114887.0,16762.0,,
1991-06-20,648.0,863.0,540.0,62854.0,76695.0,24231.0,,
1991-06-21,840.0,701.0,542.0,111264.0,51877.0,29969.0,,
1991-06-24,308.0,1331.0,402.0,11861.0,115011.0,10828.0,,
1991-06-25,623.0,887.0,536.0,51549.0,81202.0,22699.0,,
1991-06-26,699.0,872.0,480.0,75746.0,81821.0,29263.0,,
1991-06-27,949.0,591.0,518.0,95213.0,37088.0,23519.0,,
1991-06-28,677.0,901.0,487.0,44325.0,100943.0,17402.0,,
1991-07-01,1159.0,474.0,440.0,130185.0,22368.0,14327.0,,
1991-07-02,778.0,757.0,532.0,62980.0,66017.0,28143.0,,
1991-07-03,454.0,1109.0,484.0,30221.0,94891.0,14178.0,,
1991-07-05,795.0,556.0,599.0,35359.0,20677.0,13754.0,,
1991-07-08,882.0,660.0,528.0,86841.0,28317.0,23052.0,,
1991-07-09,822.0,713.0,529.0,66111.0,65208.0,20111.0,,
1991-07-10,855.0,709.0,512.0,87872.0,64639.0,25659.0,,
1991-07-11,862.0,638.0,553.0,81210.0,53350.0,23120.0,,
1991-07-12,1024.0,520.0,544.0,107253.0,44705.0,21102.0,,
1991-07-15,996.0,595.0,471.0,104188.0,36589.0,18563.0,,
1991-07-16,840.0,755.0,499.0,87554.0,68873.0,26313.0,,
1991-07-17,824.0,742.0,527.0,101955.0,70354.0,21841.0,,
1991-07-18,1026.0,533.0,527.0,127780.0,44777.0,26913.0,,
1991-07-19,753.0,783.0,551.0,73181.0,84040.0,30069.0,,
1991-07-22,692.0,915.0,491.0,49304.0,81285.0,18291.0,,
1991-07-23,569.0,1014.0,497.0,46183.0,93532.0,20295.0,,
1991-07-24,660.0,873.0,560.0,56710.0,78261.0,23559.0,,
1991-07-25,899.0,677.0,488.0,82465.0,42221.0,20824.0,,
1991-07-26,780.0,734.0,530.0,57449.0,50083.0,20158.0,,
1991-07-29,807.0,708.0,549.0,76235.0,36381.0,22624.0,,
1991-07-30,1029.0,551.0,505.0,110144.0,36012.0,22794.0,,
1991-07-31,963.0,622.0,514.0,87979.0,54097.0,24574.0,,
1991-08-01,684.0,885.0,509.0,71214.0,71767.0,26939.0,,
1991-08-02,894.0,683.0,514.0,72800.0,63931.0,25319.0,,
1991-08-05,596.0,957.0,534.0,42178.0,61515.0,22097.0,,
1991-08-06,1095.0,502.0,520.0,128149.0,27338.0,18853.0,,
1991-08-07,886.0,694.0,521.0,88484.0,61711.0,20625.0,,
1991-08-08,759.0,800.0,566.0,69516.0,67762.0,26342.0,,
1991-08-09,695.0,868.0,518.0,47643.0,77244.0,18723.0,,
1991-08-12,767.0,776.0,542.0,76696.0,50830.0,17754.0,,
1991-08-13,933.0,667.0,496.0,135117.0,59453.0,17320.0,,
1991-08-14,887.0,700.0,513.0,107864.0,63179.0,24847.0,,
1991-08-15,792.0,782.0,541.0,68579.0,82781.0,22950.0,,
1991-08-16,500.0,1036.0,551.0,43722.0,121516.0,23122.0,,
1991-08-19,241.0,1566.0,294.0,15400.0,202937.0,11253.0,,
1991-08-20,1088.0,566.0,447.0,114396.0,44773.0,24921.0,,
1991-08-21,1478.0,268.0,360.0,202678.0,17622.0,11420.0,,
1991-08-22,896.0,698.0,512.0,85365.0,63596.0,23939.0,,
1991-08-23,973.0,610.0,520.0,108721.0,48714.0,29575.0,,
1991-08-26,751.0,809.0,537.0,58856.0,51794.0,17750.0,,
1991-08-27,697.0,873.0,532.0,54807.0,70237.0,18876.0,,
1991-08-28,1063.0,519.0,510.0,114294.0,32587.0,22709.0,,
1991-08-29,795.0,787.0,532.0,71796.0,57625.0,20759.0,,
1991-08-30,786.0,753.0,541.0,51214.0,58123.0,16493.0,,
1991-09-03,613.0,955.0,520.0,41769.0,93700.0,18081.0,,
1991-09-04,554.0,1016.0,511.0,41090.0,94557.0,21123.0,,
1991-09-05,700.0,853.0,534.0,54745.0,88255.0,19250.0,,
1991-09-06,762.0,799.0,532.0,66717.0,75164.0,24529.0,,
1991-09-09,732.0,803.0,556.0,40335.0,53546.0,15369.0,,
1991-09-10,416.0,1181.0,520.0,18441.0,104126.0,20783.0,,
1991-09-11,731.0,800.0,583.0,63799.0,60081.0,24030.0,,
1991-09-12,950.0,604.0,537.0,94435.0,45141.0,20734.0,,
1991-09-13,682.0,902.0,519.0,36823.0,110344.0,20633.0,,
1991-09-16,912.0,704.0,515.0,88731.0,64234.0,18995.0,,
1991-09-17,724.0,843.0,553.0,69118.0,72121.0,27071.0,,
1991-09-18,844.0,700.0,562.0,77768.0,37420.0,26092.0,,
1991-09-19,906.0,650.0,568.0,107722.0,73182.0,29866.0,,
1991-09-20,911.0,653.0,556.0,124682.0,82100.0,34558.0,,
1991-09-23,651.0,906.0,552.0,42010.0,78386.0,25134.0,,
1991-09-24,876.0,688.0,543.0,89619.0,53911.0,26770.0,,
1991-09-25,732.0,838.0,545.0,62589.0,69919.0,21292.0,,
1991-09-26,877.0,709.0,516.0,72470.0,62405.0,25315.0,,
1991-09-27,793.0,764.0,545.0,63878.0,73223.0,23329.0,,
1991-09-30,1071.0,514.0,532.0,79111.0,46032.0,21597.0,,
1991-10-01,894.0,700.0,524.0,84497.0,57690.0,21333.0,,
1991-10-02,783.0,838.0,514.0,74958.0,72932.0,18400.0,,
1991-10-03,514.0,1047.0,524.0,38813.0,114609.0,20808.0,,
1991-10-04,668.0,895.0,539.0,48045.0,92906.0,22969.0,,
1991-10-07,516.0,1092.0,508.0,37642.0,88803.0,21985.0,,
1991-10-08,902.0,688.0,520.0,87341.0,57650.0,25009.0,,
1991-10-09,545.0,1072.0,512.0,44873.0,116469.0,25248.0,,
1991-10-10,803.0,718.0,575.0,86303.0,53452.0,24365.0,,
1991-10-11,916.0,638.0,554.0,83019.0,43467.0,20074.0,,
1991-10-14,1090.0,463.0,524.0,95891.0,20583.0,13636.0,,
1991-10-15,1151.0,488.0,479.0,149753.0,43831.0,19856.0,,
1991-10-16,1063.0,608.0,479.0,136284.0,64782.0,24224.0,,
1991-10-17,776.0,846.0,521.0,79436.0,97861.0,25483.0,,
1991-10-18,900.0,723.0,521.0,101501.0,83295.0,19234.0,,
1991-10-21,626.0,1014.0,497.0,43051.0,94788.0,15931.0,,
1991-10-22,685.0,914.0,539.0,70044.0,105017.0,19069.0,,
1991-10-23,684.0,887.0,550.0,71985.0,86116.0,27239.0,,
1991-10-24,518.0,1072.0,517.0,43980.0,113753.0,21257.0,,
1991-10-25,682.0,920.0,524.0,66775.0,77451.0,23034.0,,
1991-10-28,1001.0,596.0,513.0,104891.0,39185.0,16144.0,,
1991-10-29,1031.0,610.0,509.0,112867.0,58388.0,21445.0,,
1991-10-30,977.0,654.0,529.0,113330.0,59294.0,22716.0,,
1991-10-31,904.0,725.0,527.0,84165.0,66124.0,29201.0,,
1991-11-01,772.0,845.0,521.0,89263.0,84045.0,32442.0,,
1991-11-04,658.0,974.0,512.0,53905.0,80753.0,20872.0,,
1991-11-05,763.0,869.0,533.0,55200.0,81480.0,35270.0,,
1991-11-06,896.0,728.0,529.0,78303.0,59984.0,29083.0,,
1991-11-07,1085.0,560.0,517.0,129866.0,45131.0,30443.0,,
1991-11-08,896.0,736.0,525.0,74207.0,74220.0,34833.0,,
1991-11-11,838.0,748.0,552.0,60477.0,48147.0,20286.0,,
1991-11-12,1092.0,595.0,493.0,127014.0,45576.0,26010.0,,
1991-11-13,778.0,833.0,552.0,88398.0,68476.0,27206.0,,
1991-11-14,804.0,853.0,516.0,87463.0,87772.0,24745.0,,
1991-11-15,334.0,1484.0,349.0,11701.0,208987.0,15312.0,,
1991-11-18,723.0,989.0,464.0,132001.0,81309.0,24860.0,,
1991-11-19,341.0,1439.0,403.0,25541.0,200887.0,14922.0,,
1991-11-20,791.0,892.0,482.0,73429.0,100414.0,18827.0,,
1991-11-21,842.0,804.0,499.0,96473.0,71405.0,28182.0,,
1991-11-22,507.0,1149.0,499.0,33910.0,130168.0,24032.0,,
1991-11-25,629.0,1057.0,473.0,54752.0,94552.0,24216.0,,
1991-11-26,869.0,779.0,511.0,102440.0,83284.0,27926.0,,
1991-11-27,739.0,879.0,527.0,61915.0,75339.0,22536.0,,
1991-11-29,775.0,751.0,539.0,25216.0,35448.0,16126.0,,
1991-12-02,927.0,781.0,459.0,125680.0,41430.0,20940.0,,
1991-12-03,852.0,826.0,495.0,77438.0,85582.0,24140.0,,
1991-12-04,763.0,854.0,548.0,68354.0,92653.0,25373.0,,
1991-12-05,619.0,1037.0,538.0,48145.0,95244.0,22271.0,,
1991-12-06,874.0,775.0,529.0,93474.0,73220.0,31476.0,,
1991-12-09,699.0,941.0,536.0,62030.0,86834.0,25836.0,,
1991-12-10,639.0,1041.0,512.0,70595.0,97349.0,23866.0,,
1991-12-11,626.0,1026.0,536.0,60394.0,116192.0,29424.0,,
1991-12-12,1044.0,603.0,529.0,130352.0,40416.0,22162.0,,
1991-12-13,1090.0,563.0,543.0,113892.0,48119.0,32459.0,,
1991-12-16,1000.0,710.0,491.0,79493.0,65707.0,27810.0,,
1991-12-17,594.0,1139.0,467.0,53360.0,117564.0,20356.0,,
1991-12-18,756.0,921.0,522.0,77811.0,88595.0,25944.0,,
1991-12-19,693.0,1026.0,469.0,62986.0,109147.0,27697.0,,
1991-12-20,1138.0,618.0,459.0,206823.0,74483.0,32504.0,,
1991-12-23,1410.0,435.0,380.0,180991.0,22683.0,25056.0,,
1991-12-24,1277.0,421.0,455.0,110472.0,33997.0,17831.0,,
1991-12-26,1286.0,456.0,436.0,111975.0,20945.0,16280.0,,
1991-12-27,1085.0,609.0,502.0,91667.0,41926.0,22347.0,,
1991-12-30,1387.0,460.0,386.0,194532.0,32703.0,18215.0,,
1991-12-31,1247.0,612.0,386.0,147314.0,81831.0,18525.0,,
1992-01-02,871.0,917.0,410.0,102369.0,84798.0,16433.0,,
1992-01-03,1079.0,680.0,442.0,126449.0,63110.0,29611.0,,
1992-01-06,1059.0,787.0,391.0,116757.0,101211.0,24012.0,,
1992-01-07,916.0,881.0,448.0,113503.0,106872.0,30905.0,,
1992-01-08,1073.0,707.0,440.0,149053.0,114622.0,26015.0,,
1992-01-09,1014.0,783.0,432.0,147796.0,113752.0,30232.0,,
1992-01-10,669.0,1093.0,456.0,67553.0,140165.0,28342.0,,
1992-01-13,808.0,964.0,438.0,85711.0,89826.0,24733.0,,
1992-01-14,1250.0,525.0,445.0,202377.0,33104.0,29069.0,,
1992-01-15,1153.0,652.0,415.0,196280.0,96212.0,19908.0,,
1992-01-16,934.0,900.0,399.0,160623.0,152433.0,20694.0,,
1992-01-17,922.0,831.0,453.0,132805.0,116449.0,35306.0,,
1992-01-20,759.0,947.0,491.0,65504.0,93461.0,21905.0,,
1992-01-21,578.0,1195.0,433.0,51229.0,146164.0,21257.0,,
1992-01-22,1147.0,628.0,432.0,148861.0,58466.0,17703.0,,
1992-01-23,798.0,939.0,475.0,86967.0,121239.0,21474.0,,
1992-01-24,908.0,813.0,484.0,103471.0,81852.0,28277.0,,
1992-01-27,890.0,831.0,471.0,87813.0,80102.0,22515.0,,
1992-01-28,891.0,812.0,505.0,103050.0,84017.0,30003.0,,
1992-01-29,653.0,1054.0,504.0,62993.0,163391.0,22516.0,,
1992-01-30,888.0,789.0,514.0,100113.0,72297.0,22240.0,,
1992-01-31,748.0,942.0,487.0,71375.0,104828.0,20857.0,,
1992-02-03,923.0,820.0,477.0,85563.0,70399.0,26168.0,,
1992-02-04,1116.0,620.0,473.0,156291.0,55349.0,19850.0,,
1992-02-05,966.0,749.0,490.0,131441.0,106529.0,23990.0,,
1992-02-06,912.0,772.0,504.0,123973.0,87743.0,26464.0,,
1992-02-07,702.0,977.0,513.0,85829.0,122696.0,22425.0,,
1992-02-10,1062.0,658.0,489.0,105874.0,55298.0,23218.0,,
1992-02-11,935.0,774.0,497.0,95546.0,78561.0,26003.0,,
1992-02-12,1096.0,648.0,457.0,141028.0,59966.0,29236.0,,
1992-02-13,609.0,1113.0,487.0,62951.0,139046.0,27363.0,,
1992-02-14,786.0,902.0,512.0,92569.0,101524.0,20747.0,,
1992-02-18,714.0,1080.0,446.0,71419.0,135544.0,27317.0,,
1992-02-19,753.0,963.0,508.0,106386.0,97830.0,28684.0,,
1992-02-20,1158.0,593.0,478.0,191385.0,57518.0,21647.0,,
1992-02-21,725.0,981.0,532.0,86536.0,135245.0,37759.0,,
1992-02-24,726.0,1013.0,500.0,72255.0,80495.0,24720.0,,
1992-02-25,644.0,1082.0,485.0,71059.0,110024.0,27317.0,,
1992-02-26,1141.0,578.0,496.0,166248.0,50817.0,23625.0,,
1992-02-27,912.0,810.0,518.0,94245.0,95250.0,25555.0,,
1992-02-28,825.0,895.0,522.0,74744.0,98069.0,29317.0,,
1992-03-02,907.0,806.0,511.0,82934.0,74388.0,23058.0,,
1992-03-03,929.0,776.0,533.0,106020.0,70302.0,24538.0,,
1992-03-04,613.0,1065.0,550.0,58521.0,125856.0,22393.0,,
1992-03-05,486.0,1267.0,472.0,42008.0,141189.0,22533.0,,
1992-03-06,602.0,1100.0,524.0,50324.0,106624.0,28092.0,,
1992-03-09,884.0,852.0,494.0,76456.0,61659.0,22505.0,,
1992-03-10,1076.0,630.0,530.0,113897.0,56221.0,24412.0,,
1992-03-11,516.0,1168.0,526.0,33153.0,122735.0,29432.0,,
1992-03-12,629.0,1016.0,564.0,61297.0,96218.0,22725.0,,
1992-03-13,987.0,675.0,544.0,97148.0,59346.0,19506.0,,
1992-03-16,782.0,922.0,519.0,62248.0,64876.0,24156.0,,
1992-03-17,1051.0,651.0,530.0,124926.0,42233.0,20081.0,,
1992-03-18,917.0,798.0,527.0,85215.0,80491.0,25094.0,,
1992-03-19,926.0,781.0,524.0,98377.0,70105.0,28758.0,,
1992-03-20,920.0,777.0,549.0,132116.0,84218.0,30376.0,,
1992-03-23,699.0,996.0,532.0,53341.0,77851.0,25428.0,,
1992-03-24,740.0,1001.0,514.0,66306.0,99021.0,26253.0,,
1992-03-25,767.0,883.0,573.0,84925.0,77798.0,29357.0,,
1992-03-26,765.0,842.0,605.0,78519.0,77974.0,20197.0,,
1992-03-27,449.0,1244.0,532.0,23405.0,124209.0,18406.0,,
1992-03-30,712.0,922.0,602.0,49539.0,64124.0,20317.0,,
1992-03-31,897.0,797.0,546.0,84260.0,74088.0,23852.0,,
1992-04-01,666.0,1027.0,516.0,75164.0,89772.0,21324.0,,
1992-04-02,605.0,1109.0,498.0,43660.0,120485.0,20965.0,,
1992-04-03,689.0,949.0,587.0,69343.0,91423.0,27764.0,,
1992-04-06,1027.0,697.0,510.0,117107.0,44263.0,17960.0,,
1992-04-07,414.0,1394.0,435.0,21188.0,159195.0,24727.0,,
1992-04-08,435.0,1388.0,411.0,52667.0,175597.0,20946.0,,
1992-04-09,1280.0,523.0,434.0,167616.0,49449.0,14275.0,,
1992-04-10,1221.0,532.0,481.0,127480.0,50902.0,21068.0,,
1992-04-13,960.0,773.0,514.0,82122.0,44109.0,16869.0,,
1992-04-14,1220.0,512.0,511.0,167597.0,42218.0,20805.0,,
1992-04-15,1111.0,651.0,486.0,141646.0,66007.0,20707.0,,
1992-04-16,805.0,898.0,544.0,104255.0,105958.0,22267.0,,
1992-04-20,497.0,1274.0,469.0,37625.0,134559.0,19726.0,,
1992-04-21,782.0,937.0,521.0,94132.0,93517.0,26751.0,,
1992-04-22,832.0,874.0,540.0,119866.0,80034.0,18890.0,,
1992-04-23,830.0,857.0,555.0,104617.0,102182.0,28931.0,,
1992-04-24,823.0,883.0,522.0,79462.0,91949.0,27339.0,,
1992-04-27,798.0,902.0,513.0,76273.0,75099.0,21448.0,,
1992-04-28,724.0,961.0,574.0,81994.0,84182.0,20534.0,,
1992-04-29,1090.0,602.0,541.0,121827.0,63762.0,21161.0,,
1992-04-30,1198.0,562.0,481.0,139189.0,63297.0,20674.0,,
1992-05-01,794.0,922.0,536.0,58798.0,98063.0,20499.0,,
1992-05-04,1163.0,585.0,497.0,119690.0,33309.0,21521.0,,
1992-05-05,935.0,783.0,535.0,103030.0,71162.0,24668.0,,
1992-05-06,1041.0,693.0,527.0,109242.0,61499.0,28329.0,,
1992-05-07,821.0,817.0,610.0,65574.0,76609.0,26727.0,,
1992-05-08,853.0,819.0,590.0,79356.0,64374.0,24940.0,,
1992-05-11,1100.0,660.0,522.0,95246.0,38357.0,22127.0,,
1992-05-12,750.0,980.0,542.0,55737.0,100119.0,36954.0,,
1992-05-13,883.0,829.0,556.0,72938.0,74586.0,24086.0,,
1992-05-14,549.0,1180.0,536.0,40597.0,124276.0,22827.0,,
1992-05-15,628.0,1041.0,573.0,46293.0,120035.0,25712.0,,
1992-05-18,1033.0,710.0,538.0,85033.0,45460.0,19337.0,,
1992-05-19,1010.0,698.0,574.0,110632.0,48620.0,27778.0,,
1992-05-20,821.0,881.0,565.0,81127.0,89446.0,27597.0,,
1992-05-21,585.0,1125.0,548.0,41858.0,115550.0,24782.0,,
1992-05-22,973.0,670.0,598.0,85015.0,48826.0,54287.0,,
1992-05-26,618.0,1120.0,521.0,75668.0,102524.0,18758.0,,
1992-05-27,845.0,822.0,617.0,82776.0,69825.0,27369.0,,
1992-05-28,999.0,683.0,579.0,114701.0,59146.0,21383.0,,
1992-05-29,992.0,715.0,566.0,99227.0,80694.0,22809.0,,
1992-06-01,950.0,775.0,557.0,102705.0,56157.0,21918.0,,
1992-06-02,815.0,917.0,541.0,66230.0,108190.0,26240.0,,
1992-06-03,843.0,848.0,580.0,118410.0,72702.0,24618.0,,
1992-06-04,762.0,942.0,544.0,85028.0,98495.0,20837.0,,
1992-06-05,780.0,868.0,611.0,75160.0,89976.0,33914.0,,
1992-06-08,827.0,887.0,561.0,67361.0,70872.0,22877.0,,
1992-06-09,580.0,1160.0,543.0,38452.0,131552.0,20746.0,,
1992-06-10,587.0,1121.0,576.0,53330.0,131157.0,21993.0,,
1992-06-11,781.0,868.0,623.0,91604.0,69911.0,31425.0,,
1992-06-12,1026.0,668.0,575.0,95838.0,64108.0,21884.0,,
1992-06-15,742.0,932.0,581.0,66220.0,68700.0,24140.0,,
1992-06-16,775.0,952.0,535.0,64204.0,92287.0,22369.0,,
1992-06-17,379.0,1426.0,464.0,30670.0,185209.0,11771.0,,
1992-06-18,598.0,1136.0,538.0,70158.0,118211.0,26711.0,,
1992-06-19,1014.0,715.0,555.0,142892.0,61348.0,29200.0,,
1992-06-22,602.0,1140.0,539.0,53300.0,97254.0,18786.0,,
1992-06-23,1011.0,721.0,560.0,103310.0,58919.0,26941.0,,
1992-06-24,868.0,845.0,559.0,76689.0,96149.0,21012.0,,
1992-06-25,861.0,815.0,604.0,70396.0,83018.0,28896.0,,
1992-06-26,855.0,822.0,594.0,63675.0,65310.0,25445.0,,
1992-06-29,1221.0,581.0,482.0,125346.0,37582.0,13792.0,,
1992-06-30,1004.0,727.0,573.0,97951.0,68646.0,28923.0,,
1992-07-01,1217.0,548.0,506.0,143499.0,46560.0,24181.0,,
1992-07-02,932.0,840.0,517.0,101819.0,94747.0,23564.0,,
1992-07-06,1010.0,794.0,501.0,96590.0,71894.0,17926.0,,
1992-07-07,720.0,1059.0,513.0,53817.0,136499.0,28424.0,,
1992-07-08,834.0,897.0,571.0,86695.0,84738.0,28587.0,,
1992-07-09,1229.0,517.0,553.0,139144.0,40816.0,28010.0,,
1992-07-10,1023.0,675.0,601.0,91186.0,55804.0,17760.0,,
1992-07-13,997.0,738.0,568.0,70769.0,55826.0,22225.0,,
1992-07-14,1095.0,659.0,558.0,120521.0,47819.0,26010.0,,
1992-07-15,901.0,797.0,614.0,86578.0,91081.0,27301.0,,
1992-07-16,877.0,820.0,600.0,91262.0,79945.0,34833.0,,
1992-07-17,613.0,1054.0,616.0,55263.0,103486.0,28771.0,,
1992-07-20,605.0,1111.0,585.0,50413.0,92990.0,22327.0,,
1992-07-21,901.0,844.0,566.0,80784.0,71368.0,21648.0,,
1992-07-22,643.0,1092.0,572.0,60095.0,109628.0,20407.0,,
1992-07-23,962.0,758.0,588.0,81906.0,63981.0,29573.0,,
1992-07-24,851.0,866.0,573.0,65930.0,72873.0,25067.0,,
1992-07-27,928.0,804.0,572.0,66641.0,62304.0,35735.0,,
1992-07-28,1373.0,444.0,515.0,171984.0,28021.0,17945.0,,
1992-07-29,1353.0,524.0,455.0,196314.0,53712.0,25734.0,,
1992-07-30,1025.0,730.0,584.0,103451.0,59122.0,30707.0,,
1992-07-31,997.0,781.0,559.0,76543.0,67506.0,28871.0,,
1992-08-03,958.0,787.0,572.0,83035.0,58344.0,22981.0,,
1992-08-04,861.0,848.0,610.0,62134.0,80487.0,24119.0,,
1992-08-05,709.0,1026.0,599.0,52535.0,92502.0,27383.0,,
1992-08-06,721.0,987.0,625.0,62663.0,91574.0,27153.0,,
1992-08-07,773.0,914.0,608.0,56742.0,99213.0,32385.0,,
1992-08-10,798.0,960.0,577.0,53983.0,63357.0,25100.0,,
1992-08-11,796.0,941.0,610.0,63710.0,84288.0,25812.0,,
1992-08-12,757.0,933.0,641.0,58693.0,88656.0,29091.0,,
1992-08-13,820.0,915.0,589.0,81568.0,78731.0,25401.0,,
1992-08-14,1099.0,598.0,631.0,88868.0,47691.0,29621.0,,
1992-08-17,971.0,780.0,591.0,77785.0,49306.0,25659.0,,
1992-08-18,922.0,783.0,662.0,73690.0,66699.0,29491.0,,
1992-08-19,584.0,1132.0,619.0,45984.0,115431.0,25295.0,,
1992-08-20,779.0,963.0,596.0,63963.0,84502.0,34925.0,,
1992-08-21,669.0,1036.0,633.0,51809.0,122096.0,28735.0,,
1992-08-24,399.0,1490.0,456.0,20837.0,128440.0,15853.0,,
1992-08-25,719.0,1002.0,614.0,88719.0,81505.0,31396.0,,
1992-08-26,1013.0,732.0,573.0,96672.0,50306.0,24862.0,,
1992-08-27,1087.0,662.0,579.0,97513.0,56148.0,24829.0,,
1992-08-28,955.0,749.0,614.0,76267.0,52205.0,23758.0,,
1992-08-31,855.0,885.0,593.0,70325.0,68391.0,21514.0,,
1992-09-01,960.0,747.0,617.0,85649.0,55794.0,31207.0,,
1992-09-02,1110.0,617.0,599.0,114642.0,45563.0,26805.0,,
1992-09-03,985.0,777.0,587.0,110790.0,76967.0,24783.0,,
1992-09-04,810.0,860.0,651.0,44121.0,57472.0,22747.0,,
1992-09-08,585.0,1120.0,630.0,36257.0,91404.0,33269.0,,
1992-09-09,964.0,801.0,594.0,90521.0,57192.0,25177.0,,
1992-09-10,1152.0,611.0,579.0,140142.0,53722.0,27926.0,,
1992-09-11,877.0,894.0,593.0,78891.0,78430.0,23319.0,,
1992-09-14,1300.0,571.0,489.0,197137.0,33414.0,20349.0,,
1992-09-15,497.0,1316.0,533.0,30628.0,153651.0,15941.0,,
1992-09-16,780.0,981.0,577.0,109004.0,96396.0,23980.0,,
1992-09-17,798.0,942.0,592.0,76820.0,85007.0,26443.0,,
1992-09-18,1101.0,667.0,579.0,145425.0,58208.0,32447.0,,
1992-09-21,729.0,1022.0,587.0,61081.0,72493.0,20326.0,,
1992-09-22,540.0,1226.0,561.0,35059.0,126908.0,25023.0,,
1992-09-23,767.0,950.0,625.0,81039.0,96837.0,26474.0,,
1992-09-24,953.0,739.0,636.0,91677.0,71577.0,24516.0,,
1992-09-25,603.0,1122.0,569.0,44603.0,141679.0,27368.0,,
1992-09-28,908.0,791.0,613.0,72995.0,62118.0,22367.0,,
1992-09-29,878.0,827.0,624.0,89008.0,54411.0,26941.0,,
1992-09-30,1028.0,706.0,606.0,95984.0,57968.0,30268.0,,
1992-10-01,730.0,1036.0,562.0,60618.0,117619.0,25433.0,,
1992-10-02,453.0,1308.0,566.0,21866.0,147558.0,17976.0,,
1992-10-05,426.0,1510.0,441.0,72631.0,191821.0,19858.0,,
1992-10-06,1021.0,744.0,578.0,93744.0,80623.0,22253.0,,
1992-10-07,695.0,989.0,631.0,60135.0,93977.0,28988.0,,
1992-10-08,1082.0,639.0,593.0,107515.0,63381.0,32884.0,,
1992-10-09,531.0,1201.0,585.0,32026.0,126297.0,20587.0,,
1992-10-12,1098.0,599.0,581.0,83726.0,26438.0,16426.0,,
1992-10-13,1020.0,703.0,610.0,104749.0,55888.0,23493.0,,
1992-10-14,823.0,885.0,644.0,73566.0,72897.0,28977.0,,
1992-10-15,888.0,831.0,625.0,89140.0,76365.0,41485.0,,
1992-10-16,973.0,800.0,576.0,119417.0,89143.0,25920.0,,
1992-10-19,1068.0,742.0,550.0,144387.0,51685.0,22598.0,,
1992-10-20,1037.0,812.0,529.0,139341.0,93958.0,24921.0,,
1992-10-21,848.0,925.0,575.0,97725.0,86114.0,35151.0,,
1992-10-22,805.0,969.0,592.0,81841.0,100852.0,33387.0,,
1992-10-23,915.0,833.0,606.0,85151.0,85917.0,26522.0,,
1992-10-26,1087.0,709.0,583.0,126180.0,42381.0,19389.0,,
1992-10-27,862.0,899.0,612.0,96044.0,75626.0,29980.0,,
1992-10-28,1016.0,732.0,613.0,123186.0,52148.0,27706.0,,
1992-10-29,975.0,774.0,608.0,108766.0,70157.0,27377.0,,
1992-10-30,868.0,895.0,595.0,75091.0,93765.0,27884.0,,
1992-11-02,1089.0,742.0,535.0,134836.0,46999.0,19785.0,,
1992-11-03,844.0,941.0,581.0,78140.0,104692.0,24968.0,,
1992-11-04,734.0,1011.0,605.0,64921.0,104849.0,24210.0,,
1992-11-05,975.0,812.0,593.0,120520.0,73277.0,25783.0,,
1992-11-06,892.0,889.0,577.0,97276.0,77418.0,30176.0,,
1992-11-09,992.0,853.0,565.0,96451.0,73919.0,27120.0,,
1992-11-10,979.0,819.0,586.0,113400.0,81169.0,27281.0,,
1992-11-11,1171.0,655.0,539.0,151715.0,60702.0,27743.0,,
1992-11-12,922.0,875.0,564.0,108050.0,90582.0,25948.0,,
1992-11-13,922.0,866.0,582.0,83369.0,82083.0,26868.0,,
1992-11-16,738.0,1038.0,589.0,53208.0,96286.0,24006.0,,
1992-11-17,778.0,1020.0,599.0,63956.0,95434.0,26080.0,,
1992-11-18,1193.0,638.0,564.0,136440.0,49252.0,32968.0,,
1992-11-19,943.0,813.0,615.0,115928.0,68908.0,33864.0,,
1992-11-20,1103.0,699.0,575.0,161946.0,65748.0,28646.0,,
1992-11-23,814.0,984.0,594.0,67419.0,87985.0,35086.0,,
1992-11-24,1101.0,711.0,587.0,132306.0,78295.0,30919.0,,
1992-11-25,1082.0,745.0,561.0,110898.0,71715.0,24087.0,,
1992-11-27,984.0,660.0,630.0,59647.0,29573.0,16790.0,,
1992-11-30,1137.0,665.0,597.0,124697.0,61610.0,43723.0,,
1992-12-01,922.0,935.0,566.0,104227.0,120847.0,33946.0,,
1992-12-02,859.0,947.0,596.0,97316.0,112860.0,31684.0,,
1992-12-03,914.0,871.0,618.0,102480.0,88273.0,47237.0,,
1992-12-04,1001.0,744.0,666.0,115159.0,70569.0,41682.0,,
1992-12-07,1210.0,673.0,533.0,139610.0,53051.0,25039.0,,
1992-12-08,1026.0,817.0,592.0,114460.0,78445.0,41495.0,,
1992-12-09,734.0,1121.0,577.0,69796.0,124284.0,35900.0,,
1992-12-10,786.0,1046.0,590.0,94070.0,122664.0,23836.0,,
1992-12-11,840.0,919.0,631.0,64896.0,69301.0,30253.0,,
1992-12-14,816.0,1001.0,598.0,72623.0,85168.0,25719.0,,
1992-12-15,844.0,973.0,616.0,81608.0,111043.0,33229.0,,
1992-12-16,775.0,1051.0,606.0,89598.0,116500.0,35812.0,,
1992-12-17,1139.0,664.0,627.0,157976.0,63355.0,27259.0,,
1992-12-18,1279.0,580.0,575.0,268459.0,69743.0,32828.0,,
1992-12-21,875.0,1018.0,565.0,94485.0,98545.0,31650.0,,
1992-12-22,984.0,901.0,556.0,111260.0,99840.0,38570.0,,
1992-12-23,929.0,894.0,618.0,87143.0,106613.0,34224.0,,
1992-12-24,954.0,705.0,653.0,45063.0,32895.0,17212.0,,
1992-12-28,809.0,999.0,596.0,56681.0,64189.0,22930.0,,
1992-12-29,992.0,815.0,629.0,102352.0,80501.0,30807.0,,
1992-12-30,1065.0,769.0,606.0,103492.0,52850.0,27528.0,,
1992-12-31,1126.0,694.0,583.0,80003.0,60939.0,24968.0,,
1993-01-04,888.0,1046.0,505.0,81082.0,97230.0,21368.0,,
1993-01-05,1074.0,799.0,547.0,101421.0,109754.0,29125.0,,
1993-01-06,1091.0,780.0,578.0,136527.0,120072.0,31931.0,,
1993-01-07,735.0,1158.0,546.0,84565.0,183032.0,35543.0,,
1993-01-08,687.0,1184.0,557.0,80524.0,154247.0,27849.0,,
1993-01-11,1098.0,727.0,602.0,119988.0,66608.0,30563.0,,
1993-01-12,890.0,888.0,632.0,106405.0,98760.0,34085.0,,
1993-01-13,1075.0,743.0,601.0,127117.0,85071.0,32832.0,,
1993-01-14,1185.0,689.0,541.0,177140.0,76184.0,26696.0,,
1993-01-15,1254.0,610.0,566.0,173631.0,98009.0,34500.0,,
1993-01-18,977.0,868.0,589.0,99349.0,70997.0,25634.0,,
1993-01-19,979.0,877.0,583.0,142381.0,109838.0,30891.0,,
1993-01-20,883.0,974.0,584.0,110793.0,125444.0,31503.0,,
1993-01-21,1008.0,806.0,611.0,134578.0,92975.0,29797.0,,
1993-01-22,1097.0,762.0,585.0,164549.0,95832.0,33369.0,,
1993-01-25,1348.0,646.0,462.0,190249.0,72953.0,24808.0,,
1993-01-26,1097.0,824.0,531.0,153689.0,122820.0,34901.0,,
1993-01-27,719.0,1160.0,590.0,99838.0,150775.0,26267.0,,
1993-01-28,900.0,918.0,627.0,112470.0,113905.0,29175.0,,
1993-01-29,1021.0,828.0,576.0,120373.0,95544.0,31093.0,,
1993-02-01,1189.0,670.0,578.0,149319.0,60591.0,28430.0,,
1993-02-02,1095.0,775.0,573.0,119451.0,120953.0,28846.0,,
1993-02-03,1317.0,604.0,534.0,252249.0,59231.0,31051.0,,
1993-02-04,1341.0,623.0,511.0,214187.0,98474.0,33819.0,,
1993-02-05,916.0,1005.0,541.0,144897.0,139034.0,37029.0,,
1993-02-08,929.0,973.0,575.0,96318.0,110376.0,33656.0,,
1993-02-09,715.0,1206.0,544.0,58523.0,143573.0,31524.0,,
1993-02-10,952.0,873.0,631.0,132811.0,84849.0,31180.0,,
1993-02-11,1076.0,774.0,615.0,131134.0,92149.0,29387.0,,
1993-02-12,736.0,1116.0,585.0,61694.0,122013.0,32043.0,,
1993-02-16,375.0,1698.0,392.0,22369.0,288976.0,14005.0,,
1993-02-17,783.0,1151.0,525.0,101341.0,125462.0,60377.0,,
1993-02-18,1040.0,878.0,543.0,128738.0,141948.0,38734.0,,
1993-02-19,1275.0,682.0,511.0,161186.0,123350.0,23194.0,,
1993-02-22,1061.0,935.0,473.0,136063.0,154215.0,21232.0,,
1993-02-23,1057.0,927.0,514.0,129860.0,162412.0,28778.0,,
1993-02-24,1224.0,697.0,547.0,212126.0,63415.0,23319.0,,
1993-02-25,1056.0,817.0,593.0,128916.0,94963.0,28911.0,,
1993-02-26,1151.0,757.0,566.0,123276.0,82570.0,28314.0,,
1993-03-01,1103.0,852.0,540.0,109198.0,97928.0,24964.0,,
1993-03-02,1273.0,656.0,559.0,187868.0,49912.0,31860.0,,
1993-03-03,1296.0,632.0,581.0,156050.0,82779.0,33461.0,,
1993-03-04,967.0,931.0,597.0,79995.0,120334.0,30451.0,,
1993-03-05,922.0,961.0,608.0,112028.0,102390.0,32712.0,,
1993-03-08,1497.0,506.0,500.0,216914.0,40479.0,17167.0,,
1993-03-09,1130.0,825.0,543.0,156170.0,95063.0,38887.0,,
1993-03-10,1031.0,852.0,616.0,149625.0,74224.0,31341.0,,
1993-03-11,951.0,954.0,603.0,90820.0,126706.0,33194.0,,
1993-03-12,553.0,1390.0,547.0,59440.0,155265.0,30035.0,,
1993-03-15,1029.0,842.0,595.0,109149.0,54362.0,29179.0,,
1993-03-16,955.0,945.0,590.0,88604.0,91497.0,37629.0,,
1993-03-17,736.0,1158.0,598.0,68342.0,142892.0,26616.0,,
1993-03-18,1254.0,652.0,576.0,142621.0,69627.0,28239.0,,
1993-03-19,808.0,1059.0,621.0,108639.0,149787.0,35534.0,,
1993-03-22,691.0,1199.0,611.0,77095.0,131940.0,22865.0,,
1993-03-23,888.0,983.0,627.0,102371.0,98850.0,30679.0,,
1993-03-24,883.0,1001.0,609.0,99511.0,145684.0,26785.0,,
1993-03-25,1149.0,741.0,609.0,150250.0,70824.0,28946.0,,
1993-03-26,837.0,1007.0,642.0,82776.0,104735.0,31619.0,,
1993-03-29,1081.0,808.0,628.0,115166.0,61264.0,23460.0,,
1993-03-30,1025.0,855.0,627.0,119487.0,82370.0,31493.0,,
1993-03-31,1161.0,729.0,626.0,148791.0,92630.0,34289.0,,
1993-04-01,852.0,1043.0,606.0,82055.0,120790.0,29115.0,,
1993-04-02,397.0,1614.0,482.0,27230.0,279133.0,16967.0,,
1993-04-05,916.0,988.0,592.0,107042.0,100411.0,31177.0,,
1993-04-06,867.0,1055.0,570.0,102268.0,165776.0,21456.0,,
1993-04-07,1064.0,861.0,581.0,143333.0,121709.0,31258.0,,
1993-04-08,988.0,878.0,620.0,102783.0,146706.0,32985.0,,
1993-04-12,1341.0,610.0,558.0,181985.0,49883.0,27743.0,,
1993-04-13,1255.0,704.0,556.0,168739.0,88552.0,28862.0,,
1993-04-14,1021.0,874.0,611.0,105536.0,121941.0,28578.0,,
1993-04-15,931.0,1016.0,558.0,102904.0,130946.0,25494.0,,
1993-04-16,961.0,887.0,666.0,144258.0,118722.0,36655.0,,
1993-04-19,779.0,1182.0,552.0,98460.0,113844.0,31149.0,,
1993-04-20,698.0,1232.0,581.0,103950.0,187919.0,25194.0,,
1993-04-21,917.0,963.0,613.0,123853.0,134318.0,28084.0,,
1993-04-22,789.0,1148.0,563.0,99796.0,175941.0,27111.0,,
1993-04-23,746.0,1183.0,576.0,83988.0,141297.0,31747.0,,
1993-04-26,647.0,1260.0,610.0,81892.0,169312.0,29903.0,,
1993-04-27,962.0,954.0,594.0,166891.0,83207.0,33633.0,,
1993-04-28,987.0,917.0,598.0,122696.0,109862.0,34335.0,,
1993-04-29,1021.0,875.0,606.0,117282.0,99410.0,28192.0,,
1993-04-30,1210.0,670.0,623.0,141291.0,67485.0,30336.0,,
1993-05-03,1099.0,805.0,605.0,132541.0,60940.0,27321.0,,
1993-05-04,1267.0,702.0,548.0,149577.0,85216.0,30084.0,,
1993-05-05,1116.0,788.0,604.0,145146.0,95084.0,30734.0,,
1993-05-06,940.0,943.0,632.0,108944.0,107804.0,37620.0,,
1993-05-07,858.0,981.0,646.0,83216.0,103703.0,36530.0,,
1993-05-10,1075.0,835.0,603.0,113446.0,78811.0,32459.0,,
1993-05-11,1053.0,856.0,621.0,119311.0,71303.0,27842.0,,
1993-05-12,952.0,938.0,648.0,133267.0,87061.0,34215.0,,
1993-05-13,597.0,1412.0,523.0,105901.0,156632.0,27323.0,,
1993-05-14,889.0,1016.0,596.0,119141.0,104869.0,28131.0,,
1993-05-17,854.0,1073.0,610.0,95050.0,106890.0,24243.0,,
1993-05-18,833.0,1082.0,624.0,125452.0,108014.0,28845.0,,
1993-05-19,1196.0,761.0,590.0,238087.0,70598.0,31472.0,,
1993-05-20,1130.0,775.0,626.0,166587.0,78016.0,34947.0,,
1993-05-21,797.0,1134.0,603.0,74044.0,169716.0,29487.0,,
1993-05-24,950.0,992.0,572.0,105686.0,67031.0,24011.0,,
1993-05-25,1127.0,795.0,604.0,124720.0,70132.0,27242.0,,
1993-05-26,1264.0,654.0,614.0,173922.0,67048.0,33210.0,,
1993-05-27,923.0,998.0,610.0,118884.0,115887.0,56109.0,,
1993-05-28,825.0,1014.0,680.0,70919.0,92746.0,44097.0,,
1993-06-01,1231.0,712.0,592.0,136698.0,55356.0,37568.0,,
1993-06-02,1007.0,902.0,625.0,115423.0,109290.0,62325.0,,
1993-06-03,881.0,1000.0,652.0,125663.0,117462.0,36775.0,,
1993-06-04,744.0,1199.0,594.0,67825.0,133327.0,23087.0,,
1993-06-07,771.0,1149.0,621.0,62340.0,114142.0,59098.0,,
1993-06-08,621.0,1334.0,617.0,54243.0,157361.0,26484.0,,
1993-06-09,1038.0,887.0,635.0,111387.0,88721.0,42280.0,,
1993-06-10,796.0,1044.0,688.0,81579.0,117614.0,31401.0,,
1993-06-11,1068.0,815.0,654.0,132664.0,85354.0,35455.0,,
1993-06-14,946.0,960.0,646.0,97318.0,83081.0,30008.0,,
1993-06-15,997.0,922.0,635.0,90360.0,102395.0,34141.0,,
1993-06-16,984.0,897.0,684.0,110168.0,98753.0,55549.0,,
1993-06-17,994.0,881.0,669.0,105256.0,85787.0,39283.0,,
1993-06-18,693.0,1218.0,646.0,64595.0,193223.0,36358.0,,
1993-06-21,1119.0,837.0,624.0,112810.0,77610.0,28968.0,,
1993-06-22,949.0,959.0,660.0,96246.0,124707.0,36678.0,,
1993-06-23,845.0,1073.0,643.0,94431.0,145299.0,31813.0,,
1993-06-24,1139.0,771.0,640.0,153977.0,63346.0,43516.0,,
1993-06-25,1076.0,767.0,684.0,115772.0,61107.0,28949.0,,
1993-06-28,1375.0,586.0,592.0,161444.0,56284.0,22707.0,,
1993-06-29,970.0,979.0,615.0,137817.0,106256.0,28915.0,,
1993-06-30,1125.0,830.0,603.0,134678.0,113040.0,33162.0,,
1993-07-01,1185.0,825.0,562.0,129103.0,118278.0,33841.0,,
1993-07-02,826.0,1083.0,639.0,53292.0,119655.0,39727.0,,
1993-07-06,856.0,1128.0,581.0,72788.0,129600.0,30926.0,,
1993-07-07,1016.0,908.0,658.0,115090.0,95422.0,37922.0,,
1993-07-08,1292.0,725.0,577.0,183286.0,71466.0,28118.0,,
1993-07-09,1075.0,845.0,648.0,102926.0,90053.0,40535.0,,
1993-07-12,1027.0,898.0,640.0,102026.0,72322.0,27956.0,,
1993-07-13,983.0,953.0,646.0,100083.0,104237.0,32406.0,,
1993-07-14,1224.0,792.0,590.0,159393.0,94893.0,31610.0,,
1993-07-15,948.0,1013.0,606.0,108057.0,112510.0,32748.0,,
1993-07-16,905.0,1024.0,664.0,72704.0,162918.0,26668.0,,
1993-07-19,852.0,1070.0,667.0,84009.0,101149.0,30602.0,,
1993-07-20,877.0,1064.0,649.0,125220.0,111488.0,38413.0,,
1993-07-21,923.0,1051.0,620.0,108434.0,115877.0,28992.0,,
1993-07-22,767.0,1208.0,612.0,78811.0,143573.0,25701.0,,
1993-07-23,1026.0,865.0,707.0,113968.0,66626.0,37470.0,,
1993-07-26,1214.0,776.0,603.0,134664.0,62346.0,25569.0,,
1993-07-27,855.0,1054.0,669.0,94291.0,125956.0,32278.0,,
1993-07-28,924.0,975.0,684.0,103776.0,130325.0,35690.0,,
1993-07-29,1249.0,740.0,617.0,154570.0,78706.0,27520.0,,
1993-07-30,926.0,999.0,653.0,101950.0,115328.0,33103.0,,
1993-08-02,1188.0,795.0,616.0,132459.0,62828.0,33604.0,,
1993-08-03,1051.0,920.0,626.0,105590.0,102469.0,44840.0,,
1993-08-04,969.0,938.0,665.0,105927.0,94182.0,29921.0,,
1993-08-05,896.0,1055.0,634.0,88318.0,136649.0,24677.0,,
1993-08-06,983.0,876.0,727.0,111910.0,73985.0,35245.0,,
1993-08-09,1210.0,804.0,601.0,139940.0,66838.0,24960.0,,
1993-08-10,1002.0,949.0,651.0,119955.0,104834.0,30705.0,,
1993-08-11,1059.0,885.0,650.0,122901.0,115205.0,28029.0,,
1993-08-12,849.0,1075.0,703.0,98901.0,143489.0,36075.0,,
1993-08-13,1028.0,860.0,693.0,102373.0,78731.0,31648.0,,
1993-08-16,1161.0,793.0,647.0,128799.0,68623.0,31767.0,,
1993-08-17,1020.0,922.0,668.0,143082.0,85749.0,32436.0,,
1993-08-18,1263.0,772.0,592.0,189039.0,88911.0,31254.0,,
1993-08-19,983.0,979.0,645.0,139702.0,109076.0,41099.0,,
1993-08-20,1006.0,959.0,675.0,118765.0,121721.0,34147.0,,
1993-08-23,935.0,1032.0,653.0,85288.0,95725.0,29172.0,,
1993-08-24,1301.0,698.0,608.0,174115.0,56835.0,32107.0,,
1993-08-25,1108.0,865.0,630.0,152089.0,110301.0,39232.0,,
1993-08-26,1029.0,914.0,671.0,121215.0,96138.0,30451.0,,
1993-08-27,910.0,988.0,711.0,71519.0,95200.0,28071.0,,
1993-08-30,1120.0,780.0,710.0,94870.0,64375.0,32096.0,,
1993-08-31,1192.0,788.0,649.0,126431.0,74766.0,39778.0,,
1993-09-01,1019.0,939.0,643.0,109011.0,96906.0,39046.0,,
1993-09-02,945.0,1033.0,646.0,98354.0,133624.0,27431.0,,
1993-09-03,1019.0,890.0,716.0,83777.0,85361.0,26059.0,,
1993-09-07,763.0,1239.0,615.0,60767.0,147232.0,21322.0,,
1993-09-08,606.0,1430.0,606.0,68349.0,175300.0,35041.0,,
1993-09-09,1130.0,877.0,619.0,155772.0,71163.0,30192.0,,
1993-09-10,1322.0,676.0,621.0,180944.0,61036.0,24484.0,,
1993-09-13,1057.0,969.0,604.0,100944.0,114625.0,27861.0,,
1993-09-14,679.0,1329.0,604.0,79075.0,147529.0,32017.0,,
1993-09-15,964.0,986.0,669.0,140449.0,115155.0,38802.0,,
1993-09-16,934.0,990.0,678.0,79693.0,111190.0,33749.0,,
1993-09-17,962.0,955.0,700.0,153633.0,167998.0,47894.0,,
1993-09-20,866.0,1119.0,638.0,76265.0,125047.0,26702.0,,
1993-09-21,600.0,1464.0,574.0,86189.0,177247.0,36271.0,,
1993-09-22,1337.0,665.0,626.0,180306.0,65542.0,40902.0,,
1993-09-23,1121.0,889.0,623.0,160718.0,83283.0,31056.0,,
1993-09-24,1014.0,950.0,653.0,120025.0,96220.0,25163.0,,
1993-09-27,1308.0,727.0,608.0,153114.0,59842.0,29138.0,,
1993-09-28,1082.0,926.0,638.0,119542.0,93875.0,29903.0,,
1993-09-29,998.0,1006.0,629.0,119691.0,130152.0,27485.0,,
1993-09-30,1130.0,866.0,636.0,118621.0,130167.0,32202.0,,
1993-10-01,1102.0,886.0,635.0,146389.0,82636.0,27657.0,,
1993-10-04,1149.0,878.0,618.0,117865.0,82718.0,25260.0,,
1993-10-05,1010.0,1001.0,609.0,123388.0,129095.0,31075.0,,
1993-10-06,1121.0,876.0,646.0,130940.0,110520.0,34306.0,,
1993-10-07,851.0,1103.0,676.0,83128.0,128619.0,43025.0,,
1993-10-08,1109.0,850.0,664.0,122169.0,83618.0,37464.0,,
1993-10-11,1029.0,943.0,661.0,89553.0,59774.0,33307.0,,
1993-10-12,1081.0,937.0,628.0,139300.0,83942.0,40698.0,,
1993-10-13,953.0,1004.0,671.0,145415.0,113174.0,32298.0,,
1993-10-14,1162.0,913.0,569.0,205955.0,115218.0,30722.0,,
1993-10-15,1200.0,808.0,616.0,205583.0,110213.0,43010.0,,
1993-10-18,1021.0,1048.0,607.0,140723.0,156243.0,32452.0,,
1993-10-19,774.0,1228.0,661.0,88638.0,171199.0,36463.0,,
1993-10-20,920.0,1112.0,629.0,132729.0,139492.0,33437.0,,
1993-10-21,956.0,1079.0,619.0,131844.0,125257.0,30120.0,,
1993-10-22,984.0,1042.0,619.0,137971.0,134693.0,28641.0,,
1993-10-25,929.0,1085.0,633.0,109927.0,109919.0,37328.0,,
1993-10-26,890.0,1131.0,644.0,116287.0,127277.0,40940.0,,
1993-10-27,1031.0,971.0,660.0,127256.0,106361.0,43469.0,,
1993-10-28,1164.0,869.0,633.0,170903.0,85182.0,41055.0,,
1993-10-29,1198.0,813.0,656.0,138999.0,91601.0,35968.0,,
1993-11-01,1078.0,957.0,624.0,132959.0,88886.0,32002.0,,
1993-11-02,891.0,1134.0,651.0,135466.0,133926.0,35347.0,,
1993-11-03,570.0,1529.0,579.0,84324.0,230461.0,26211.0,,
1993-11-04,479.0,1656.0,541.0,67058.0,221137.0,32960.0,,
1993-11-05,866.0,1265.0,562.0,176293.0,122731.0,32260.0,,
1993-11-08,1176.0,917.0,605.0,114876.0,81819.0,34516.0,,
1993-11-09,1195.0,900.0,589.0,130711.0,109995.0,35158.0,,
1993-11-10,1197.0,864.0,611.0,165727.0,82955.0,34689.0,,
1993-11-11,934.0,1115.0,612.0,137720.0,112857.0,33247.0,,
1993-11-12,1200.0,856.0,604.0,214146.0,81940.0,26231.0,,
1993-11-15,827.0,1256.0,583.0,84700.0,134851.0,29153.0,,
1993-11-16,1075.0,1003.0,624.0,156038.0,115716.0,31953.0,,
1993-11-17,780.0,1311.0,603.0,101743.0,177294.0,37854.0,,
1993-11-18,795.0,1276.0,617.0,110861.0,159400.0,40138.0,,
1993-11-19,795.0,1333.0,570.0,110778.0,157028.0,33081.0,,
1993-11-22,484.0,1700.0,511.0,64352.0,186179.0,26249.0,,
1993-11-23,1162.0,898.0,625.0,147462.0,81464.0,30311.0,,
1993-11-24,1209.0,793.0,689.0,122184.0,76983.0,30126.0,,
1993-11-26,1113.0,666.0,701.0,46313.0,31532.0,12267.0,,
1993-11-29,1053.0,1067.0,581.0,104044.0,132277.0,33731.0,,
1993-11-30,990.0,1095.0,613.0,108090.0,141250.0,37088.0,,
1993-12-01,1315.0,804.0,567.0,143407.0,108055.0,36120.0,,
1993-12-02,1168.0,846.0,672.0,128413.0,89766.0,34899.0,,
1993-12-03,1208.0,832.0,653.0,131568.0,78158.0,58612.0,,
1993-12-06,1219.0,866.0,610.0,138710.0,122114.0,31183.0,,
1993-12-07,1053.0,999.0,654.0,133870.0,105571.0,37090.0,,
1993-12-08,1065.0,1001.0,641.0,152862.0,124938.0,34672.0,,
1993-12-09,889.0,1157.0,663.0,105493.0,131866.0,45767.0,,
1993-12-10,961.0,1092.0,672.0,105362.0,99408.0,39850.0,,
1993-12-13,991.0,1056.0,662.0,135980.0,82114.0,36956.0,,
1993-12-14,696.0,1376.0,647.0,78940.0,160990.0,33966.0,,
1993-12-15,895.0,1172.0,649.0,106965.0,159241.0,41438.0,,
1993-12-16,1143.0,952.0,632.0,138331.0,107647.0,37711.0,,
1993-12-17,1453.0,666.0,606.0,224420.0,91572.0,41039.0,,
1993-12-20,990.0,1125.0,618.0,107488.0,104730.0,37715.0,,
1993-12-21,876.0,1211.0,643.0,95127.0,130189.0,41267.0,,
1993-12-22,1151.0,953.0,632.0,142679.0,89460.0,34929.0,,
1993-12-23,1257.0,835.0,635.0,120196.0,73835.0,33154.0,,
1993-12-27,1305.0,787.0,621.0,107769.0,40893.0,22062.0,,
1993-12-28,1217.0,825.0,665.0,103603.0,63024.0,34330.0,,
1993-12-29,1170.0,859.0,701.0,106733.0,104900.0,57639.0,,
1993-12-30,991.0,1093.0,638.0,67470.0,90084.0,36092.0,,
1993-12-31,1191.0,891.0,614.0,66854.0,77316.0,23453.0,,
1994-01-03,902.0,1318.0,514.0,114819.0,132580.0,21762.0,,
1994-01-04,1204.0,918.0,615.0,168829.0,111531.0,42091.0,,
1994-01-05,1196.0,999.0,558.0,200531.0,143463.0,31140.0,,
1994-01-06,1076.0,1054.0,597.0,157405.0,167016.0,39028.0,,
1994-01-07,1280.0,855.0,592.0,191200.0,99746.0,32421.0,,
1994-01-10,1326.0,852.0,564.0,206651.0,84321.0,26626.0,,
1994-01-11,1004.0,1145.0,604.0,130968.0,135555.0,38092.0,,
1994-01-12,1146.0,956.0,648.0,136619.0,131859.0,41415.0,,
1994-01-13,936.0,1142.0,663.0,110915.0,129219.0,37752.0,,
1994-01-14,1245.0,871.0,640.0,190103.0,84337.0,30516.0,,
1994-01-17,994.0,1071.0,642.0,104536.0,94670.0,27196.0,,
1994-01-18,1210.0,892.0,630.0,161662.0,114852.0,32121.0,,
1994-01-19,1144.0,983.0,608.0,138184.0,139240.0,33405.0,,
1994-01-20,1110.0,960.0,660.0,143110.0,127979.0,39277.0,,
1994-01-21,980.0,1086.0,691.0,141053.0,150294.0,52281.0,,
1994-01-24,934.0,1206.0,619.0,106675.0,157272.0,32954.0,,
1994-01-25,883.0,1202.0,667.0,109478.0,173360.0,43251.0,,
1994-01-26,1172.0,888.0,691.0,154407.0,115425.0,34815.0,,
1994-01-27,1329.0,784.0,639.0,219797.0,92658.0,33837.0,,
1994-01-28,1324.0,770.0,659.0,182224.0,88749.0,41663.0,,
1994-01-31,1396.0,733.0,638.0,209698.0,81256.0,31801.0,,
1994-02-01,961.0,1148.0,642.0,136794.0,144073.0,41569.0,,
1994-02-02,1279.0,851.0,620.0,182379.0,109872.0,36515.0,,
1994-02-03,918.0,1190.0,651.0,142261.0,137791.0,37952.0,,
1994-02-04,316.0,2037.0,401.0,21551.0,337341.0,18881.0,,
1994-02-07,1044.0,1178.0,527.0,173252.0,131276.0,42251.0,,
1994-02-08,1172.0,962.0,605.0,139004.0,130039.0,48996.0,,
1994-02-09,1289.0,850.0,600.0,185264.0,116543.0,30790.0,,
1994-02-10,811.0,1311.0,618.0,92855.0,193465.0,39435.0,,
1994-02-11,801.0,1214.0,675.0,85490.0,103276.0,23035.0,,
1994-02-14,1134.0,1029.0,602.0,116513.0,112989.0,33604.0,,
1994-02-15,1198.0,882.0,681.0,174902.0,86917.0,44868.0,,
1994-02-16,1183.0,965.0,621.0,131587.0,128679.0,35124.0,,
1994-02-17,882.0,1251.0,639.0,122148.0,182617.0,34114.0,,
1994-02-18,706.0,1411.0,635.0,79077.0,171385.0,38840.0,,
1994-02-22,1139.0,1003.0,626.0,159976.0,80362.0,30299.0,,
1994-02-23,948.0,1177.0,646.0,143706.0,128121.0,38064.0,,
1994-02-24,442.0,1795.0,546.0,61958.0,254736.0,24921.0,,
1994-02-25,1169.0,963.0,628.0,146468.0,90714.0,36036.0,,
1994-02-28,1457.0,727.0,575.0,152559.0,84191.0,30694.0,,
1994-03-01,716.0,1449.0,610.0,75737.0,186601.0,37690.0,,
1994-03-02,788.0,1404.0,579.0,148880.0,171963.0,40283.0,,
1994-03-03,950.0,1190.0,614.0,118308.0,130282.0,43190.0,,
1994-03-04,1279.0,829.0,653.0,177970.0,89816.0,42975.0,,
1994-03-07,1443.0,762.0,573.0,164388.0,85546.0,35637.0,,
1994-03-08,944.0,1174.0,658.0,113811.0,150097.0,34131.0,,
1994-03-09,1034.0,1098.0,652.0,151136.0,126396.0,32271.0,,
1994-03-10,688.0,1486.0,613.0,125299.0,177394.0,30788.0,,
1994-03-11,1137.0,962.0,672.0,175967.0,96270.0,30973.0,,
1994-03-14,1159.0,949.0,697.0,133850.0,84976.0,41313.0,,
1994-03-15,1138.0,1000.0,657.0,141282.0,123594.0,38387.0,,
1994-03-16,1346.0,803.0,633.0,197563.0,73702.0,34852.0,,
1994-03-17,1149.0,1015.0,613.0,164405.0,106730.0,32748.0,,
1994-03-18,1071.0,1091.0,624.0,192311.0,203165.0,50886.0,,
1994-03-21,627.0,1580.0,577.0,67859.0,146870.0,32629.0,,
1994-03-22,1189.0,925.0,657.0,147330.0,99208.0,35703.0,,
1994-03-23,1159.0,945.0,658.0,132549.0,111851.0,37025.0,,
1994-03-24,520.0,1739.0,526.0,69516.0,206594.0,27632.0,,
1994-03-25,860.0,1198.0,685.0,79594.0,140175.0,29764.0,,
1994-03-28,652.0,1567.0,576.0,82603.0,180422.0,24289.0,,
1994-03-29,280.0,2034.0,473.0,18044.0,260650.0,22450.0,,
1994-03-30,357.0,2041.0,405.0,61937.0,304058.0,24062.0,,
1994-03-31,752.0,1532.0,526.0,150531.0,204509.0,43786.0,,
1994-04-04,376.0,2121.0,321.0,45579.0,279220.0,18053.0,,
1994-04-05,2152.0,315.0,353.0,325854.0,26144.0,13974.0,,
1994-04-06,1268.0,956.0,587.0,149466.0,122613.0,28710.0,,
1994-04-07,1370.0,761.0,651.0,171219.0,82297.0,34215.0,,
1994-04-08,800.0,1406.0,600.0,74872.0,156718.0,30905.0,,
1994-04-11,1168.0,1022.0,601.0,129155.0,80120.0,38874.0,,
1994-04-12,872.0,1258.0,653.0,80932.0,140005.0,35386.0,,
1994-04-13,696.0,1505.0,598.0,77415.0,172121.0,28498.0,,
1994-04-14,932.0,1224.0,640.0,130595.0,118345.0,25618.0,,
1994-04-15,1029.0,1108.0,638.0,140209.0,129909.0,38008.0,,
1994-04-18,631.0,1645.0,524.0,74485.0,175976.0,20990.0,,
1994-04-19,749.0,1491.0,564.0,103587.0,186663.0,33012.0,,
1994-04-20,835.0,1417.0,550.0,116473.0,215639.0,30188.0,,
1994-04-21,1573.0,704.0,512.0,276490.0,74554.0,27558.0,,
1994-04-22,1282.0,930.0,572.0,145026.0,125489.0,25165.0,,
1994-04-25,1552.0,667.0,575.0,172640.0,57258.0,32343.0,,
1994-04-26,1268.0,913.0,618.0,145077.0,111834.0,31070.0,,
1994-04-28,936.0,1275.0,606.0,124337.0,161169.0,37638.0,,
1994-04-29,1297.0,855.0,626.0,162733.0,80994.0,50183.0,,
1994-05-02,1235.0,946.0,609.0,179113.0,92622.0,24379.0,,
1994-05-03,993.0,1112.0,694.0,115845.0,135413.0,36708.0,,
1994-05-04,917.0,1212.0,665.0,93723.0,134351.0,39867.0,,
1994-05-05,1019.0,1087.0,674.0,99933.0,120311.0,35441.0,,
1994-05-06,558.0,1713.0,524.0,83977.0,176161.0,29462.0,,
1994-05-09,509.0,1756.0,546.0,45952.0,182084.0,22788.0,,
1994-05-10,1327.0,887.0,614.0,175153.0,92336.0,27677.0,,
1994-05-11,672.0,1550.0,602.0,68871.0,180020.0,28508.0,,
1994-05-12,1207.0,977.0,646.0,147944.0,90280.0,34546.0,,
1994-05-13,1033.0,1091.0,668.0,111295.0,100229.0,40523.0,,
1994-05-16,985.0,1188.0,646.0,101998.0,99285.0,33385.0,,
1994-05-17,1360.0,843.0,613.0,189185.0,85838.0,36109.0,,
1994-05-18,1629.0,679.0,526.0,241159.0,70728.0,25693.0,,
1994-05-19,1318.0,886.0,625.0,191212.0,72944.0,39494.0,,
1994-05-20,1027.0,1146.0,647.0,121908.0,131021.0,40354.0,,
1994-05-23,918.0,1238.0,665.0,97275.0,118970.0,33153.0,,
1994-05-24,1243.0,908.0,660.0,151807.0,94750.0,33514.0,,
1994-05-25,1111.0,1029.0,670.0,132865.0,90697.0,30849.0,,
1994-05-26,1183.0,915.0,718.0,121963.0,98256.0,34141.0,,
1994-05-27,1128.0,913.0,753.0,82615.0,73750.0,30044.0,,
1994-05-31,971.0,1203.0,632.0,85677.0,101181.0,76650.0,,
1994-06-01,1177.0,934.0,691.0,143193.0,96226.0,39056.0,,
1994-06-02,1296.0,866.0,666.0,135866.0,99597.0,35647.0,,
1994-06-03,1350.0,795.0,679.0,144337.0,88279.0,37765.0,,
1994-06-06,1320.0,864.0,632.0,116899.0,110335.0,31844.0,,
1994-06-07,902.0,1190.0,727.0,81152.0,123880.0,29147.0,,
1994-06-08,955.0,1175.0,692.0,81376.0,138819.0,35804.0,,
1994-06-09,988.0,1081.0,743.0,92915.0,126058.0,33967.0,,
1994-06-10,1189.0,878.0,762.0,114243.0,73512.0,34852.0,,
1994-06-13,1066.0,1037.0,723.0,133888.0,75383.0,34097.0,,
1994-06-14,1298.0,825.0,709.0,172413.0,74524.0,41442.0,,
1994-06-15,950.0,1168.0,698.0,104658.0,122996.0,41951.0,,
1994-06-16,1164.0,960.0,721.0,116648.0,99357.0,38875.0,,
1994-06-17,769.0,1429.0,630.0,93145.0,236204.0,44059.0,,
1994-06-20,495.0,1748.0,582.0,46945.0,155569.0,26623.0,,
1994-06-21,511.0,1732.0,604.0,63616.0,203505.0,26567.0,,
1994-06-22,1266.0,862.0,698.0,135265.0,84227.0,31525.0,,
1994-06-23,720.0,1424.0,697.0,63453.0,155691.0,37009.0,,
1994-06-24,383.0,1896.0,524.0,33854.0,199829.0,27453.0,,
1994-06-27,1108.0,1054.0,657.0,147966.0,68723.0,33383.0,,
1994-06-28,775.0,1343.0,706.0,97829.0,130705.0,36752.0,,
1994-06-29,1251.0,885.0,695.0,137109.0,85970.0,40800.0,,
1994-06-30,951.0,1275.0,608.0,83486.0,176761.0,32487.0,,
1994-07-01,1282.0,810.0,699.0,115586.0,56967.0,24735.0,,
1994-07-05,1091.0,1030.0,689.0,86177.0,77582.0,29239.0,,
1994-07-06,1024.0,1082.0,717.0,96121.0,104419.0,33042.0,,
1994-07-07,1263.0,858.0,714.0,144116.0,81117.0,33262.0,,
1994-07-08,964.0,1170.0,703.0,114422.0,84355.0,34840.0,,
1994-07-11,1023.0,1165.0,654.0,91164.0,102403.0,28718.0,,
1994-07-12,1074.0,1012.0,759.0,117400.0,101960.0,32532.0,,
1994-07-13,1155.0,912.0,777.0,136189.0,96399.0,33241.0,,
1994-07-14,1663.0,555.0,612.0,229477.0,62437.0,28031.0,,
1994-07-15,1203.0,876.0,756.0,139894.0,96498.0,36881.0,,
1994-07-18,1135.0,1023.0,705.0,124797.0,73163.0,29485.0,,
1994-07-19,979.0,1108.0,763.0,88061.0,126911.0,36516.0,,
1994-07-20,756.0,1401.0,670.0,71347.0,155745.0,40658.0,,
1994-07-21,967.0,1111.0,765.0,140120.0,114794.0,35840.0,,
1994-07-22,1103.0,982.0,758.0,125786.0,98516.0,36752.0,,
1994-07-25,1077.0,1050.0,710.0,112557.0,79177.0,19925.0,,
1994-07-26,935.0,1165.0,750.0,92055.0,99938.0,39117.0,,
1994-07-27,897.0,1272.0,671.0,93545.0,128853.0,29255.0,,
1994-07-28,1079.0,999.0,764.0,118190.0,88599.0,39204.0,,
1994-07-29,1629.0,614.0,624.0,188506.0,47808.0,33224.0,,
1994-08-01,1408.0,802.0,643.0,167448.0,59999.0,30720.0,,
1994-08-02,1268.0,906.0,674.0,162735.0,98049.0,33942.0,,
1994-08-03,1100.0,1004.0,736.0,144583.0,98457.0,39328.0,,
1994-08-04,912.0,1188.0,742.0,93582.0,151209.0,44350.0,,
1994-08-05,794.0,1341.0,719.0,82122.0,116709.0,31435.0,,
1994-08-08,1169.0,962.0,730.0,107670.0,73070.0,36937.0,,
1994-08-09,974.0,1145.0,742.0,126321.0,95050.0,37648.0,,
1994-08-10,1186.0,941.0,727.0,158306.0,88709.0,32459.0,,
1994-08-11,757.0,1378.0,699.0,93126.0,137957.0,44594.0,,
1994-08-12,1236.0,845.0,752.0,143038.0,74841.0,31321.0,,
1994-08-15,1064.0,1040.0,765.0,98548.0,89111.0,35532.0,,
1994-08-16,1275.0,919.0,688.0,191982.0,72204.0,40266.0,,
1994-08-17,1190.0,963.0,707.0,170823.0,106281.0,32145.0,,
1994-08-18,890.0,1299.0,674.0,98987.0,147907.0,38073.0,,
1994-08-19,1157.0,917.0,783.0,136011.0,93283.0,47338.0,,
1994-08-22,922.0,1238.0,711.0,97357.0,101469.0,37041.0,,
1994-08-23,1347.0,766.0,758.0,167644.0,84281.0,55296.0,,
1994-08-24,1379.0,814.0,699.0,205635.0,73438.0,30709.0,,
1994-08-25,1057.0,1122.0,694.0,123017.0,122771.0,38315.0,,
1994-08-26,1508.0,699.0,670.0,217611.0,54590.0,32818.0,,
1994-08-29,1237.0,903.0,724.0,150177.0,80740.0,35154.0,,
1994-08-30,1281.0,865.0,729.0,170382.0,81771.0,42369.0,,
1994-08-31,1236.0,965.0,685.0,171078.0,143396.0,39907.0,,
1994-09-01,852.0,1321.0,712.0,83254.0,162552.0,37026.0,,
1994-09-02,953.0,1066.0,822.0,79593.0,98546.0,38011.0,,
1994-09-06,956.0,1142.0,755.0,89521.0,82116.0,28028.0,,
1994-09-07,1036.0,1114.0,731.0,121291.0,135144.0,33865.0,,
1994-09-08,1319.0,837.0,715.0,175418.0,84852.0,34646.0,,
1994-09-09,584.0,1635.0,630.0,62911.0,199967.0,30457.0,,
1994-09-12,735.0,1404.0,757.0,87144.0,124047.0,33468.0,,
1994-09-13,1142.0,998.0,729.0,128519.0,112740.0,52023.0,,
1994-09-14,1108.0,1058.0,699.0,145635.0,120111.0,31692.0,,
1994-09-15,1529.0,625.0,710.0,202349.0,44818.0,33323.0,,
1994-09-16,739.0,1418.0,722.0,109679.0,248682.0,52264.0,,
1994-09-19,966.0,1214.0,702.0,120026.0,118289.0,34482.0,,
1994-09-20,492.0,1812.0,580.0,53385.0,245553.0,26963.0,,
1994-09-21,642.0,1586.0,659.0,108324.0,195913.0,47601.0,,
1994-09-22,1007.0,1155.0,710.0,130250.0,136355.0,36257.0,,
1994-09-23,891.0,1274.0,729.0,112763.0,157180.0,27637.0,,
1994-09-26,982.0,1153.0,729.0,112596.0,115877.0,42353.0,,
1994-09-27,1010.0,1169.0,716.0,139803.0,115123.0,35386.0,,
1994-09-28,1401.0,806.0,661.0,188221.0,103977.0,37450.0,,
1994-09-29,874.0,1262.0,725.0,99847.0,165221.0,37042.0,,
1994-09-30,1303.0,850.0,714.0,155903.0,96208.0,39791.0,,
1994-10-03,841.0,1351.0,667.0,99489.0,135861.0,33762.0,,
1994-10-04,542.0,1736.0,595.0,40377.0,259384.0,25756.0,,
1994-10-05,543.0,1761.0,564.0,96931.0,228289.0,34378.0,,
1994-10-06,988.0,1124.0,721.0,102983.0,127013.0,38092.0,,
1994-10-07,1245.0,946.0,664.0,159595.0,85032.0,39599.0,,
1994-10-10,1414.0,731.0,684.0,142394.0,47098.0,78596.0,,
1994-10-11,1560.0,668.0,643.0,249465.0,73823.0,32240.0,,
1994-10-12,1015.0,1110.0,743.0,124507.0,107691.0,37346.0,,
1994-10-13,1333.0,886.0,661.0,174532.0,116454.0,46919.0,,
1994-10-14,1022.0,1054.0,781.0,129502.0,90926.0,31269.0,,
1994-10-17,1057.0,1129.0,705.0,107275.0,102515.0,28609.0,,
1994-10-18,891.0,1299.0,700.0,91963.0,127793.0,39933.0,,
1994-10-19,1137.0,1033.0,736.0,182046.0,94109.0,40533.0,,
1994-10-20,702.0,1523.0,660.0,90292.0,195448.0,40353.0,,
1994-10-21,843.0,1273.0,785.0,93666.0,172525.0,43143.0,,
1994-10-24,698.0,1537.0,657.0,74830.0,171974.0,35983.0,,
1994-10-25,799.0,1408.0,687.0,121571.0,159412.0,45119.0,,
1994-10-26,1000.0,1219.0,681.0,154968.0,132796.0,34764.0,,
1994-10-27,1257.0,933.0,694.0,194909.0,101029.0,31872.0,,
1994-10-28,1661.0,616.0,629.0,292823.0,57402.0,31126.0,,
1994-10-31,1047.0,1160.0,684.0,113219.0,151145.0,38393.0,,
1994-11-01,627.0,1619.0,643.0,80114.0,193047.0,41798.0,,
1994-11-02,943.0,1275.0,697.0,130529.0,159068.0,41751.0,,
1994-11-03,1089.0,1050.0,766.0,145053.0,98473.0,40964.0,,
1994-11-04,703.0,1503.0,689.0,67679.0,173523.0,39224.0,,
1994-11-07,839.0,1395.0,676.0,103790.0,112428.0,37803.0,,
1994-11-08,1118.0,1061.0,726.0,159292.0,85560.0,44205.0,,
1994-11-09,1019.0,1189.0,711.0,140809.0,152123.0,44852.0,,
1994-11-10,804.0,1356.0,750.0,97063.0,137557.0,46256.0,,
1994-11-11,639.0,1548.0,687.0,63087.0,130567.0,24774.0,,
1994-11-14,1258.0,1015.0,639.0,146417.0,78554.0,35410.0,,
1994-11-15,1127.0,1103.0,697.0,153732.0,138004.0,44600.0,,
1994-11-16,1038.0,1198.0,689.0,119924.0,132337.0,44712.0,,
1994-11-17,762.0,1470.0,706.0,88961.0,189845.0,44382.0,,
1994-11-18,801.0,1422.0,708.0,106390.0,206371.0,43935.0,,
1994-11-21,810.0,1492.0,631.0,83434.0,175536.0,34016.0,,
1994-11-22,491.0,1901.0,551.0,46422.0,309461.0,27366.0,,
1994-11-23,1144.0,1239.0,559.0,190933.0,196125.0,43677.0,,
1994-11-25,1505.0,569.0,674.0,79162.0,20908.0,13750.0,,
1994-11-28,1160.0,1091.0,665.0,135002.0,94333.0,35695.0,,
1994-11-29,1155.0,1075.0,706.0,150012.0,90111.0,46464.0,,
1994-11-30,1263.0,1011.0,685.0,123110.0,131739.0,43807.0,,
1994-12-01,692.0,1553.0,692.0,50602.0,204032.0,31284.0,,
1994-12-02,1402.0,889.0,629.0,162218.0,86140.0,36387.0,,
1994-12-05,1183.0,1061.0,693.0,119143.0,103790.0,35554.0,,
1994-12-06,943.0,1282.0,710.0,102887.0,136844.0,59278.0,,
1994-12-07,691.0,1548.0,691.0,75400.0,169545.0,38520.0,,
1994-12-08,541.0,1813.0,590.0,60501.0,272554.0,29231.0,,
1994-12-09,943.0,1303.0,676.0,151976.0,133586.0,50557.0,,
1994-12-12,1112.0,1123.0,699.0,133481.0,107114.0,45151.0,,
1994-12-13,1256.0,1027.0,680.0,154536.0,105777.0,46790.0,,
1994-12-14,1565.0,771.0,622.0,247067.0,65531.0,42385.0,,
1994-12-15,1499.0,815.0,648.0,168712.0,124682.0,39387.0,,
1994-12-16,1364.0,938.0,636.0,288470.0,132633.0,57598.0,,
1994-12-19,971.0,1301.0,679.0,105649.0,132734.0,33318.0,,
1994-12-20,1126.0,1125.0,711.0,131996.0,144123.0,49398.0,,
1994-12-21,1473.0,881.0,611.0,199209.0,128634.0,50954.0,,
1994-12-22,1115.0,1216.0,634.0,122266.0,172973.0,44432.0,,
1994-12-23,1223.0,949.0,750.0,95046.0,70791.0,30702.0,,
1994-12-27,1214.0,1031.0,679.0,99214.0,86535.0,25427.0,,
1994-12-28,879.0,1335.0,736.0,90277.0,119307.0,33934.0,,
1994-12-29,1164.0,1086.0,731.0,126734.0,85054.0,38763.0,,
1994-12-30,1376.0,1018.0,599.0,108189.0,108685.0,39336.0,,
1995-01-03,1186.0,1202.0,542.0,104614.0,121997.0,35489.0,,
1995-01-04,1414.0,949.0,578.0,159576.0,125708.0,34171.0,,
1995-01-05,1155.0,1075.0,705.0,139337.0,114762.0,54956.0,,
1995-01-06,1218.0,981.0,749.0,144156.0,122163.0,41756.0,,
1995-01-09,1188.0,1011.0,732.0,142215.0,102486.0,34017.0,,
1995-01-10,1145.0,1145.0,666.0,143345.0,160552.0,47370.0,,
1995-01-11,1051.0,1179.0,707.0,163996.0,131666.0,50617.0,,
1995-01-12,1128.0,1057.0,759.0,145241.0,119366.0,47901.0,,
1995-01-13,1680.0,658.0,621.0,233524.0,60417.0,42571.0,,
1995-01-16,1448.0,799.0,686.0,205542.0,75213.0,34039.0,,
1995-01-17,1303.0,948.0,704.0,171299.0,119208.0,40391.0,,
1995-01-18,1061.0,1171.0,725.0,133491.0,169187.0,41890.0,,
1995-01-19,748.0,1423.0,787.0,78684.0,175916.0,43157.0,,
1995-01-20,744.0,1472.0,734.0,115123.0,211722.0,48494.0,,
1995-01-23,826.0,1399.0,692.0,132958.0,146617.0,46237.0,,
1995-01-24,1265.0,936.0,736.0,146919.0,103660.0,74583.0,,
1995-01-25,1201.0,956.0,766.0,158332.0,133412.0,50185.0,,
1995-01-26,1115.0,1019.0,794.0,149970.0,118704.0,43236.0,,
1995-01-27,1283.0,956.0,688.0,172034.0,128890.0,38573.0,,
1995-01-30,835.0,1402.0,687.0,103088.0,179317.0,36133.0,,
1995-01-31,1289.0,918.0,725.0,224172.0,152932.0,32417.0,,
1995-02-01,1278.0,935.0,713.0,202237.0,153405.0,39663.0,,
1995-02-02,1295.0,901.0,735.0,187542.0,95583.0,38907.0,,
1995-02-03,1851.0,522.0,570.0,333099.0,71679.0,36171.0,,
1995-02-06,1383.0,890.0,676.0,182467.0,102864.0,40292.0,,
1995-02-07,1236.0,961.0,750.0,125406.0,142220.0,47043.0,,
1995-02-08,1134.0,1054.0,753.0,142883.0,125496.0,49533.0,,
1995-02-09,1147.0,1087.0,724.0,149867.0,132381.0,43300.0,,
1995-02-10,1230.0,931.0,770.0,163796.0,87721.0,44037.0,,
1995-02-13,1144.0,1090.0,727.0,111276.0,108613.0,35237.0,,
1995-02-14,1073.0,1110.0,766.0,143733.0,115129.0,41872.0,,
1995-02-15,1475.0,765.0,728.0,200585.0,125723.0,51635.0,,
1995-02-16,886.0,1334.0,749.0,142472.0,153242.0,65271.0,,
1995-02-17,913.0,1240.0,806.0,97118.0,209614.0,71211.0,,
1995-02-21,1074.0,1179.0,735.0,133906.0,137593.0,36562.0,,
1995-02-22,1241.0,944.0,773.0,191194.0,103134.0,44799.0,,
1995-02-23,1466.0,787.0,716.0,218011.0,131035.0,45063.0,,
1995-02-24,1117.0,1040.0,821.0,137983.0,125157.0,39714.0,,
1995-02-27,632.0,1608.0,703.0,49372.0,201979.0,34437.0,,
1995-02-28,1603.0,690.0,657.0,215656.0,63860.0,37611.0,,
1995-03-01,1010.0,1254.0,688.0,146046.0,174097.0,42408.0,,
1995-03-02,1002.0,1203.0,751.0,126740.0,159134.0,43547.0,,
1995-03-03,972.0,1165.0,792.0,146693.0,148965.0,35174.0,,
1995-03-06,785.0,1453.0,716.0,109993.0,151648.0,37214.0,,
1995-03-07,604.0,1676.0,666.0,89322.0,219380.0,46828.0,,
1995-03-08,1125.0,1052.0,784.0,152751.0,140367.0,56596.0,,
1995-03-09,1058.0,1097.0,790.0,149522.0,126406.0,43177.0,,
1995-03-10,1612.0,675.0,680.0,279047.0,68272.0,35623.0,,
1995-03-13,1128.0,1131.0,719.0,131219.0,108813.0,34967.0,,
1995-03-14,1452.0,772.0,748.0,190286.0,114170.0,41688.0,,
1995-03-15,1008.0,1145.0,810.0,133473.0,131219.0,44814.0,,
1995-03-16,1420.0,801.0,738.0,204272.0,92731.0,39683.0,,
1995-03-17,881.0,1305.0,771.0,171935.0,187273.0,56586.0,,
1995-03-20,1073.0,1105.0,786.0,132669.0,132626.0,36428.0,,
1995-03-21,974.0,1210.0,799.0,157898.0,158350.0,53845.0,,
1995-03-22,982.0,1134.0,833.0,142262.0,127332.0,43518.0,,
1995-03-23,1046.0,1012.0,883.0,142282.0,119439.0,56778.0,,
1995-03-24,1625.0,657.0,680.0,255616.0,56969.0,45301.0,,
1995-03-27,1361.0,826.0,774.0,181246.0,73494.0,41425.0,,
1995-03-28,1103.0,1089.0,761.0,160946.0,119925.0,39526.0,,
1995-03-29,1084.0,1069.0,817.0,166736.0,166558.0,52646.0,,
1995-03-30,1310.0,825.0,811.0,202289.0,116190.0,43544.0,,
1995-03-31,994.0,1232.0,721.0,130017.0,189475.0,33455.0,,
1995-04-03,1129.0,1080.0,750.0,144247.0,106131.0,36980.0,,
1995-04-04,1437.0,846.0,685.0,189702.0,107208.0,33644.0,,
1995-04-05,1193.0,984.0,797.0,162845.0,110228.0,42059.0,,
1995-04-06,1144.0,1006.0,807.0,153523.0,125517.0,41377.0,,
1995-04-07,980.0,1141.0,836.0,133196.0,132612.0,48668.0,,
1995-04-10,1109.0,1057.0,808.0,118949.0,100927.0,41105.0,,
1995-04-11,1066.0,1123.0,771.0,125210.0,141874.0,42622.0,,
1995-04-12,1182.0,995.0,803.0,184876.0,97708.0,45245.0,,
1995-04-13,1278.0,912.0,778.0,155899.0,106349.0,39268.0,,
1995-04-17,1115.0,1111.0,758.0,133401.0,165509.0,34991.0,,
1995-04-18,968.0,1247.0,772.0,132663.0,169495.0,42298.0,,
1995-04-19,942.0,1227.0,808.0,129517.0,200369.0,47637.0,,
1995-04-20,1190.0,1036.0,765.0,172329.0,153027.0,40337.0,,
1995-04-21,1330.0,855.0,788.0,235988.0,114698.0,52860.0,,
1995-04-24,1366.0,863.0,744.0,212714.0,71199.0,41832.0,,
1995-04-25,1160.0,1070.0,749.0,145563.0,165132.0,41081.0,,
1995-04-26,1160.0,1075.0,742.0,175112.0,140155.0,35526.0,,
1995-04-27,1134.0,1096.0,752.0,157748.0,151535.0,41569.0,,
1995-04-28,1170.0,1039.0,775.0,151026.0,133325.0,35885.0,,
1995-05-01,1060.0,1185.0,735.0,129956.0,130658.0,36170.0,,
1995-05-02,1155.0,1023.0,798.0,147943.0,114048.0,38670.0,,
1995-05-03,1526.0,776.0,710.0,256765.0,86314.0,49216.0,,
1995-05-04,1165.0,1111.0,712.0,200472.0,190844.0,43610.0,,
1995-05-05,1249.0,1074.0,686.0,170481.0,144213.0,27655.0,,
1995-05-08,1480.0,770.0,747.0,180022.0,74555.0,37233.0,,
1995-05-09,1334.0,994.0,683.0,187658.0,127732.0,45918.0,,
1995-05-10,1229.0,1036.0,747.0,203836.0,121048.0,46756.0,,
1995-05-11,1144.0,1118.0,733.0,167491.0,126768.0,45601.0,,
1995-05-12,1230.0,991.0,758.0,198092.0,116207.0,43953.0,,
1995-05-15,1373.0,902.0,721.0,183559.0,97215.0,33127.0,,
1995-05-16,1401.0,912.0,688.0,171859.0,149479.0,44760.0,,
1995-05-17,966.0,1264.0,775.0,137242.0,165097.0,45552.0,,
1995-05-18,552.0,1780.0,662.0,58500.0,261286.0,28541.0,,
1995-05-19,888.0,1321.0,777.0,134816.0,165399.0,52896.0,,
1995-05-22,1333.0,870.0,777.0,183425.0,69443.0,32721.0,,
1995-05-23,1452.0,819.0,741.0,233553.0,86743.0,42389.0,,
1995-05-24,1213.0,1040.0,748.0,188119.0,162972.0,40669.0,,
1995-05-25,1055.0,1180.0,730.0,151269.0,154497.0,36051.0,,
1995-05-26,849.0,1356.0,757.0,67047.0,196315.0,27335.0,,
1995-05-30,1229.0,1036.0,717.0,114763.0,134269.0,31954.0,,
1995-05-31,1585.0,708.0,711.0,274746.0,44776.0,39638.0,,
1995-06-01,1275.0,943.0,786.0,175528.0,114450.0,55915.0,,
1995-06-02,1472.0,919.0,628.0,175464.0,155197.0,35301.0,,
1995-06-05,1566.0,734.0,704.0,206113.0,85217.0,46104.0,,
1995-06-06,1143.0,1108.0,766.0,161147.0,134220.0,44618.0,,
1995-06-07,898.0,1347.0,758.0,106760.0,176896.0,44075.0,,
1995-06-08,1043.0,1163.0,771.0,122625.0,127182.0,40014.0,,
1995-06-09,638.0,1600.0,747.0,76565.0,209312.0,41695.0,,
1995-06-12,1268.0,948.0,778.0,165734.0,82018.0,40083.0,,
1995-06-13,1611.0,753.0,636.0,239826.0,61494.0,38307.0,,
1995-06-14,1086.0,1158.0,754.0,146392.0,144452.0,39377.0,,
1995-06-15,1205.0,1008.0,785.0,165762.0,117901.0,50977.0,,
1995-06-16,1094.0,1090.0,809.0,225407.0,159975.0,57358.0,,
1995-06-19,1343.0,950.0,698.0,208107.0,86858.0,28035.0,,
1995-06-20,1063.0,1230.0,735.0,167770.0,164174.0,49298.0,,
1995-06-21,1175.0,1064.0,766.0,179343.0,176080.0,42786.0,,
1995-06-22,1536.0,745.0,725.0,295266.0,80811.0,44875.0,,
1995-06-23,885.0,1326.0,775.0,114385.0,158884.0,45220.0,,
1995-06-26,674.0,1602.0,733.0,53375.0,210026.0,33273.0,,
1995-06-27,1076.0,1151.0,785.0,125088.0,177652.0,44129.0,,
1995-06-28,1242.0,991.0,765.0,175334.0,151196.0,41394.0,,
1995-06-29,1040.0,1188.0,753.0,143626.0,131489.0,92949.0,,
1995-06-30,1568.0,745.0,682.0,177302.0,94713.0,39141.0,,
1995-07-03,1172.0,854.0,814.0,71591.0,28293.0,18026.0,,
1995-07-05,1358.0,1016.0,624.0,187685.0,119271.0,50859.0,,
1995-07-06,1683.0,678.0,651.0,306512.0,77392.0,36572.0,,
1995-07-07,1641.0,759.0,639.0,301742.0,128069.0,36730.0,,
1995-07-10,1384.0,985.0,658.0,220779.0,153116.0,35778.0,,
1995-07-11,1045.0,1332.0,660.0,136113.0,203359.0,36973.0,,
1995-07-12,1493.0,827.0,694.0,279014.0,88658.0,45540.0,,
1995-07-13,1044.0,1230.0,734.0,193441.0,155850.0,38178.0,,
1995-07-14,921.0,1321.0,751.0,116227.0,155214.0,40776.0,,
1995-07-17,1210.0,1086.0,725.0,167138.0,116014.0,39389.0,,
1995-07-18,759.0,1558.0,711.0,97084.0,229299.0,369841.0,,
1995-07-19,344.0,2142.0,530.0,53376.0,400695.0,28801.0,,
1995-07-20,1484.0,868.0,661.0,237571.0,107619.0,35512.0,,
1995-07-21,1191.0,1040.0,746.0,200800.0,173621.0,50644.0,,
1995-07-24,1454.0,826.0,716.0,182083.0,92178.0,40863.0,,
1995-07-25,1351.0,948.0,727.0,234630.0,100534.0,37998.0,,
1995-07-26,1252.0,1031.0,729.0,199775.0,152056.0,41634.0,,
1995-07-27,1490.0,840.0,680.0,226869.0,90838.0,37427.0,,
1995-07-28,1106.0,1148.0,738.0,125111.0,148973.0,29708.0,,
1995-07-31,1159.0,1059.0,793.0,125001.0,122406.0,42410.0,,
1995-08-01,969.0,1290.0,753.0,127203.0,161653.0,43360.0,,
1995-08-02,1314.0,956.0,744.0,171326.0,154856.0,48133.0,,
1995-08-03,953.0,1270.0,778.0,156740.0,153357.0,42999.0,,
1995-08-04,1166.0,1027.0,815.0,152934.0,111013.0,49632.0,,
1995-08-07,1208.0,971.0,822.0,133649.0,105373.0,37013.0,,
1995-08-08,1015.0,1156.0,845.0,124865.0,137358.0,42925.0,,
1995-08-09,1036.0,1166.0,809.0,104312.0,149346.0,48324.0,,
1995-08-10,1000.0,1181.0,820.0,120063.0,136151.0,50452.0,,
1995-08-11,840.0,1359.0,811.0,82699.0,141352.0,41818.0,,
1995-08-14,1253.0,948.0,787.0,146478.0,81377.0,34580.0,,
1995-08-15,1033.0,1192.0,790.0,140543.0,146351.0,43166.0,,
1995-08-16,1389.0,899.0,745.0,211160.0,143269.0,35650.0,,
1995-08-17,1141.0,1081.0,784.0,152404.0,132119.0,69601.0,,
1995-08-18,1207.0,996.0,810.0,146138.0,112636.0,53249.0,,
1995-08-21,1332.0,924.0,756.0,142202.0,115172.0,45814.0,,
1995-08-22,1028.0,1157.0,835.0,135692.0,112731.0,41932.0,,
1995-08-23,896.0,1320.0,794.0,99796.0,157380.0,34210.0,,
1995-08-24,1089.0,1112.0,811.0,121391.0,130115.0,47673.0,,
1995-08-25,1291.0,863.0,841.0,130257.0,87732.0,37662.0,,
1995-08-28,1145.0,1104.0,785.0,115707.0,117138.0,22806.0,,
1995-08-29,1033.0,1205.0,779.0,130074.0,144642.0,36573.0,,
1995-08-30,1254.0,977.0,784.0,176540.0,111806.0,41435.0,,
1995-08-31,1305.0,867.0,840.0,155139.0,104931.0,40827.0,,
1995-09-01,1349.0,856.0,786.0,149889.0,74623.0,31208.0,,
1995-09-05,1508.0,800.0,726.0,216704.0,72544.0,43407.0,,
1995-09-06,1315.0,918.0,802.0,197123.0,120943.0,51452.0,,
1995-09-07,1176.0,1055.0,803.0,148437.0,128279.0,44982.0,,
1995-09-08,1420.0,825.0,782.0,184034.0,96866.0,36363.0,,
1995-09-11,1181.0,1082.0,784.0,142106.0,111072.0,43651.0,,
1995-09-12,1426.0,913.0,712.0,186093.0,155824.0,673.0,,
1995-09-13,1192.0,1087.0,754.0,171622.0,162837.0,46956.0,,
1995-09-14,1327.0,969.0,761.0,219741.0,130587.0,32518.0,,
1995-09-15,1119.0,1152.0,793.0,204296.0,210543.0,44398.0,,
1995-09-18,851.0,1412.0,783.0,127272.0,159103.0,39783.0,,
1995-09-19,1123.0,1108.0,817.0,174265.0,154889.0,41887.0,,
1995-09-20,1219.0,1048.0,786.0,207321.0,138009.0,54061.0,,
1995-09-21,828.0,1435.0,788.0,111718.0,215124.0,40225.0,,
1995-09-22,761.0,1499.0,759.0,112937.0,198758.0,59099.0,,
1995-09-25,892.0,1336.0,785.0,100380.0,139756.0,32974.0,,
1995-09-26,1089.0,1161.0,796.0,165933.0,154138.0,42474.0,,
1995-09-27,842.0,1469.0,714.0,167452.0,197596.0,45930.0,,
1995-09-28,1467.0,806.0,741.0,254214.0,79206.0,34193.0,,
1995-09-29,1465.0,778.0,785.0,142131.0,141615.0,51470.0,,
1995-10-02,934.0,1345.0,745.0,98892.0,166394.0,39602.0,,
1995-10-03,935.0,1336.0,764.0,143414.0,206343.0,36136.0,,
1995-10-04,868.0,1369.0,771.0,113896.0,191121.0,34343.0,,
1995-10-05,1184.0,1107.0,743.0,196228.0,128826.0,42356.0,,
1995-10-06,1197.0,993.0,823.0,140038.0,127237.0,46361.0,,
1995-10-09,623.0,1641.0,735.0,55618.0,193465.0,26199.0,,
1995-10-10,845.0,1458.0,742.0,151807.0,222397.0,38427.0,,
1995-10-11,1451.0,814.0,779.0,213122.0,95442.0,32147.0,,
1995-10-12,1468.0,808.0,779.0,208535.0,98342.0,37061.0,,
1995-10-13,1549.0,805.0,699.0,220831.0,120010.0,33098.0,,
1995-10-16,1061.0,1210.0,789.0,112385.0,154443.0,32656.0,,
1995-10-17,1119.0,1114.0,824.0,181432.0,126944.0,44569.0,,
1995-10-18,1174.0,1089.0,795.0,196564.0,172387.0,42329.0,,
1995-10-19,1102.0,1193.0,776.0,168449.0,195764.0,42407.0,,
1995-10-20,946.0,1357.0,731.0,117862.0,233431.0,36834.0,,
1995-10-23,772.0,1537.0,733.0,111990.0,184156.0,33579.0,,
1995-10-24,1110.0,1165.0,766.0,186107.0,182546.0,46750.0,,
1995-10-25,805.0,1525.0,728.0,120634.0,277429.0,35515.0,,
1995-10-26,664.0,1727.0,673.0,83385.0,338162.0,42637.0,,
1995-10-27,1152.0,1091.0,792.0,208522.0,125589.0,44697.0,,
1995-10-30,1294.0,1005.0,753.0,187880.0,93228.0,37733.0,,
1995-10-31,1153.0,1214.0,703.0,145216.0,192404.0,38079.0,,
1995-11-01,1338.0,957.0,751.0,210961.0,129293.0,37676.0,,
1995-11-02,1614.0,745.0,709.0,282399.0,84714.0,29002.0,,
1995-11-03,1290.0,940.0,838.0,175732.0,123136.0,45488.0,,
1995-11-06,1071.0,1162.0,813.0,121676.0,103243.0,84173.0,,
1995-11-07,1020.0,1233.0,816.0,112505.0,203332.0,47161.0,,
1995-11-08,1368.0,923.0,765.0,197733.0,122041.0,39993.0,,
1995-11-09,1173.0,1066.0,832.0,193716.0,142932.0,42368.0,,
1995-11-10,975.0,1246.0,842.0,114968.0,138504.0,44481.0,,
1995-11-13,1027.0,1253.0,778.0,116897.0,133846.0,41649.0,,
1995-11-14,950.0,1356.0,753.0,124844.0,194525.0,34264.0,,
1995-11-15,1194.0,1060.0,820.0,199374.0,130894.0,42797.0,,
1995-11-16,1535.0,809.0,743.0,255968.0,119233.0,43233.0,,
1995-11-17,1368.0,931.0,798.0,272013.0,110879.0,46502.0,,
1995-11-20,1047.0,1274.0,760.0,109804.0,184363.0,36952.0,,
1995-11-21,1278.0,1077.0,744.0,214405.0,150351.0,41097.0,,
1995-11-22,1202.0,1104.0,786.0,203993.0,158129.0,42782.0,,
1995-11-24,1154.0,787.0,946.0,76127.0,29865.0,19392.0,,
1995-11-27,1300.0,1066.0,736.0,192539.0,126534.0,37104.0,,
1995-11-28,1249.0,1047.0,798.0,210829.0,146372.0,51665.0,,
1995-11-29,1349.0,950.0,798.0,238168.0,117415.0,42660.0,,
1995-11-30,1371.0,1029.0,691.0,214644.0,179447.0,45389.0,,
1995-12-01,1434.0,944.0,712.0,197841.0,162941.0,31876.0,,
1995-12-04,1675.0,798.0,643.0,263116.0,102416.0,39552.0,,
1995-12-05,1410.0,979.0,725.0,234306.0,150979.0,48715.0,,
1995-12-06,1277.0,1098.0,745.0,205122.0,151872.0,60749.0,,
1995-12-07,876.0,1562.0,667.0,126111.0,219088.0,34066.0,,
1995-12-08,1132.0,1152.0,795.0,166195.0,118760.0,42542.0,,
1995-12-11,1207.0,1133.0,758.0,167463.0,133930.0,40663.0,,
1995-12-12,989.0,1374.0,744.0,127697.0,177585.0,44133.0,,
1995-12-13,1452.0,979.0,669.0,210144.0,157082.0,47433.0,,
1995-12-14,1070.0,1304.0,727.0,141076.0,269676.0,51181.0,,
1995-12-15,1124.0,1263.0,716.0,244820.0,330138.0,61832.0,,
1995-12-18,487.0,2023.0,599.0,45368.0,327428.0,53441.0,,
1995-12-19,1526.0,914.0,683.0,297673.0,139540.0,41084.0,,
1995-12-20,1464.0,964.0,682.0,199014.0,203890.0,34746.0,,
1995-12-21,1417.0,951.0,737.0,252695.0,122157.0,40930.0,,
1995-12-22,1365.0,950.0,775.0,156454.0,94021.0,39131.0,,
1995-12-26,1272.0,1034.0,759.0,106264.0,78037.0,32731.0,,
1995-12-27,1328.0,985.0,780.0,125249.0,89796.0,37266.0,,
1995-12-28,1249.0,1088.0,768.0,128130.0,123721.0,36620.0,,
1995-12-29,1557.0,844.0,714.0,189025.0,94871.0,35810.0,,
1996-01-02,1591.0,917.0,601.0,220226.0,118189.0,25737.0,,
1996-01-03,1521.0,932.0,643.0,267133.0,160215.0,41576.0,,
1996-01-04,927.0,1525.0,665.0,169522.0,298456.0,44534.0,,
1996-01-05,1157.0,1183.0,768.0,177920.0,202155.0,53276.0,,
1996-01-08,1261.0,904.0,812.0,70060.0,40753.0,19551.0,,
1996-01-09,861.0,1575.0,666.0,84029.0,297558.0,35074.0,,
1996-01-10,524.0,1961.0,610.0,91214.0,378793.0,26782.0,,
1996-01-11,1428.0,908.0,752.0,255016.0,104940.0,47627.0,,
1996-01-12,1102.0,1206.0,776.0,140704.0,197234.0,38873.0,,
1996-01-15,957.0,1330.0,779.0,100164.0,166325.0,39300.0,,
1996-01-16,1432.0,948.0,714.0,265445.0,113447.0,43342.0,,
1996-01-17,1230.0,1117.0,770.0,218641.0,205007.0,35067.0,,
1996-01-18,1392.0,991.0,720.0,226870.0,171289.0,51733.0,,
1996-01-19,1338.0,1059.0,712.0,301777.0,155746.0,39428.0,,
1996-01-22,1218.0,1109.0,776.0,231105.0,120741.0,44149.0,,
1996-01-23,1138.0,1201.0,756.0,189201.0,173584.0,50187.0,,
1996-01-24,1483.0,900.0,725.0,286997.0,151792.0,37104.0,,
1996-01-25,1042.0,1267.0,774.0,174481.0,228705.0,42165.0,,
1996-01-26,1265.0,1044.0,772.0,218581.0,117633.0,48201.0,,
1996-01-29,1325.0,970.0,789.0,210864.0,109143.0,42852.0,,
1996-01-30,1676.0,777.0,661.0,294369.0,121270.0,48689.0,,
1996-01-31,1569.0,824.0,721.0,295000.0,131240.0,45819.0,,
1996-02-01,1400.0,1028.0,674.0,277245.0,137828.0,43663.0,,
1996-02-02,1076.0,1273.0,748.0,180590.0,187249.0,50648.0,,
1996-02-05,1260.0,1116.0,725.0,234653.0,101390.0,41693.0,,
1996-02-06,1404.0,968.0,756.0,287516.0,133620.0,44781.0,,
1996-02-07,1227.0,1149.0,743.0,219954.0,187476.0,47887.0,,
1996-02-08,1343.0,960.0,788.0,280940.0,150178.0,38568.0,,
1996-02-09,1219.0,1122.0,761.0,214473.0,219566.0,42594.0,,
1996-02-12,1356.0,956.0,789.0,237203.0,118924.0,41707.0,,
1996-02-13,1090.0,1226.0,804.0,179781.0,206941.0,54027.0,,
1996-02-14,1173.0,1156.0,772.0,167728.0,201022.0,48015.0,,
1996-02-15,1110.0,1226.0,767.0,157568.0,208126.0,44663.0,,
1996-02-16,1075.0,1277.0,757.0,163591.0,225555.0,43236.0,,
1996-02-20,536.0,1960.0,610.0,71339.0,291795.0,31888.0,,
1996-02-21,1525.0,818.0,770.0,303470.0,85476.0,41285.0,,
1996-02-22,1768.0,682.0,663.0,382377.0,63724.0,39346.0,,
1996-02-23,1115.0,1285.0,726.0,202255.0,185406.0,51472.0,,
1996-02-26,797.0,1605.0,705.0,99553.0,261938.0,33689.0,,
1996-02-27,1014.0,1340.0,765.0,145406.0,239404.0,46495.0,,
1996-02-28,1234.0,1123.0,747.0,191160.0,199702.0,56139.0,,
1996-02-29,900.0,1474.0,723.0,133781.0,269840.0,44593.0,,
1996-03-01,1435.0,905.0,734.0,259557.0,186419.0,25387.0,,
1996-03-04,1625.0,771.0,706.0,270768.0,108856.0,37607.0,,
1996-03-05,1220.0,1123.0,796.0,224916.0,158862.0,51488.0,,
1996-03-06,1140.0,1187.0,781.0,175812.0,207942.0,44341.0,,
1996-03-07,1139.0,1161.0,816.0,194154.0,183400.0,48176.0,,
1996-03-08,177.0,2651.0,317.0,50481.0,481180.0,13065.0,,
1996-03-11,1588.0,907.0,636.0,270225.0,133260.0,45975.0,,
1996-03-12,932.0,1480.0,701.0,166159.0,238135.0,49535.0,,
1996-03-13,1536.0,884.0,706.0,238755.0,123066.0,47649.0,,
1996-03-14,1449.0,929.0,737.0,283647.0,165567.0,42157.0,,
1996-03-15,1111.0,1249.0,772.0,247558.0,231743.0,50660.0,,
1996-03-18,1725.0,736.0,684.0,330045.0,82169.0,24363.0,,
1996-03-19,1295.0,1090.0,731.0,190640.0,196839.0,50830.0,,
1996-03-20,1153.0,1202.0,748.0,162962.0,206230.0,39794.0,,
1996-03-21,1237.0,1134.0,753.0,155016.0,162600.0,47736.0,,
1996-03-22,1328.0,966.0,831.0,158689.0,123141.0,45987.0,,
1996-03-25,1174.0,1191.0,745.0,141127.0,151598.0,41993.0,,
1996-03-26,1235.0,1116.0,768.0,198634.0,156701.0,42414.0,,
1996-03-27,1049.0,1278.0,787.0,181936.0,181372.0,39532.0,,
1996-03-28,1053.0,1272.0,781.0,169835.0,149224.0,49230.0,,
1996-03-29,1340.0,1062.0,728.0,158979.0,214432.0,39599.0,,
1996-04-01,1468.0,928.0,717.0,230617.0,123323.0,36297.0,,
1996-04-02,1263.0,1098.0,772.0,191701.0,166858.0,48035.0,,
1996-04-03,1092.0,1200.0,821.0,185064.0,160018.0,41451.0,,
1996-04-04,1066.0,1201.0,823.0,200303.0,134329.0,47381.0,,
1996-04-08,323.0,2369.0,437.0,75905.0,316200.0,19681.0,,
1996-04-09,1412.0,983.0,737.0,211845.0,168370.0,40981.0,,
1996-04-10,852.0,1599.0,680.0,159027.0,276400.0,38326.0,,
1996-04-11,872.0,1529.0,737.0,192033.0,285839.0,41782.0,,
1996-04-12,1591.0,804.0,725.0,259821.0,117375.0,34752.0,,
1996-04-15,1660.0,774.0,706.0,230552.0,83649.0,32008.0,,
1996-04-16,1335.0,1033.0,763.0,245984.0,158321.0,47218.0,,
1996-04-17,1006.0,1352.0,781.0,163075.0,236610.0,53200.0,,
1996-04-18,1300.0,1007.0,831.0,232669.0,131940.0,46293.0,,
1996-04-19,1390.0,915.0,817.0,216363.0,150430.0,53187.0,,
1996-04-22,1473.0,923.0,747.0,222839.0,129327.0,41818.0,,
1996-04-23,1334.0,1055.0,736.0,272341.0,136909.0,43410.0,,
1996-04-24,1168.0,1205.0,767.0,231668.0,202888.0,58799.0,,
1996-04-25,1283.0,1041.0,828.0,256229.0,147204.0,58682.0,,
1996-04-26,1387.0,959.0,776.0,193495.0,148778.0,54476.0,,
1996-04-29,1097.0,1260.0,790.0,151997.0,152463.0,38059.0,,
1996-04-30,1178.0,1202.0,760.0,172704.0,163955.0,56513.0,,
1996-05-01,1301.0,1044.0,799.0,227397.0,121362.0,54545.0,,
1996-05-02,561.0,2013.0,581.0,74616.0,329903.0,38441.0,,
1996-05-03,1094.0,1179.0,846.0,181070.0,195601.0,51133.0,,
1996-05-06,1046.0,1283.0,802.0,146120.0,184541.0,44995.0,,
1996-05-07,1025.0,1339.0,785.0,147173.0,217062.0,42455.0,,
1996-05-08,1207.0,1148.0,786.0,284192.0,147081.0,61997.0,,
1996-05-09,1336.0,992.0,804.0,207104.0,155790.0,40818.0,,
1996-05-10,1712.0,717.0,726.0,301375.0,94825.0,32163.0,,
1996-05-13,1689.0,721.0,737.0,288559.0,69281.0,36319.0,,
1996-05-14,1566.0,879.0,730.0,277289.0,133589.0,47721.0,,
1996-05-15,1232.0,1159.0,765.0,215621.0,184058.0,48002.0,,
1996-05-16,1074.0,1296.0,781.0,173147.0,174231.0,42586.0,,
1996-05-17,1469.0,869.0,800.0,271329.0,118421.0,39362.0,,
1996-05-20,1318.0,1034.0,816.0,226270.0,115614.0,43105.0,,
1996-05-21,1162.0,1211.0,800.0,175213.0,187939.0,46442.0,,
1996-05-22,1309.0,1037.0,813.0,261771.0,121821.0,36970.0,,
1996-05-23,997.0,1349.0,827.0,146460.0,233981.0,50898.0,,
1996-05-24,1186.0,1084.0,860.0,157821.0,130098.0,41220.0,,
1996-05-28,814.0,1575.0,791.0,88361.0,213389.0,36488.0,,
1996-05-29,852.0,1535.0,782.0,105743.0,202807.0,37578.0,,
1996-05-30,1358.0,993.0,822.0,213998.0,116648.0,51311.0,,
1996-05-31,1090.0,1275.0,793.0,130410.0,175035.0,45197.0,,
1996-06-03,1007.0,1323.0,823.0,120724.0,158540.0,35696.0,,
1996-06-04,1448.0,909.0,787.0,233962.0,109401.0,41100.0,,
1996-06-05,1410.0,959.0,803.0,228008.0,107149.0,40220.0,,
1996-06-06,1021.0,1391.0,745.0,149357.0,278592.0,35181.0,,
1996-06-07,669.0,1816.0,659.0,156050.0,235976.0,53513.0,,
1996-06-10,1121.0,1244.0,788.0,135803.0,137700.0,60916.0,,
1996-06-11,1134.0,1217.0,821.0,160748.0,178246.0,62058.0,,
1996-06-12,1116.0,1202.0,837.0,186097.0,162055.0,42730.0,,
1996-06-13,962.0,1362.0,828.0,147976.0,173743.0,57899.0,,
1996-06-14,1007.0,1325.0,786.0,144905.0,194482.0,46529.0,,
1996-06-17,1095.0,1216.0,826.0,114935.0,145315.0,38066.0,,
1996-06-18,1108.0,1254.0,819.0,131608.0,192341.0,43048.0,,
1996-06-19,969.0,1374.0,819.0,150693.0,171988.0,52608.0,,
1996-06-20,876.0,1460.0,808.0,171369.0,218833.0,49051.0,,
1996-06-21,1328.0,996.0,811.0,315643.0,143953.0,56857.0,,
1996-06-24,1348.0,1019.0,811.0,177508.0,106852.0,49461.0,,
1996-06-25,1099.0,1311.0,768.0,151987.0,188445.0,48563.0,,
1996-06-26,940.0,1495.0,736.0,105022.0,239782.0,41673.0,,
1996-06-27,1324.0,1037.0,797.0,228924.0,132288.0,43993.0,,
1996-06-28,1826.0,743.0,620.0,281432.0,135186.0,45494.0,,
1996-07-01,1409.0,1056.0,710.0,218727.0,93151.0,33852.0,,
1996-07-02,1231.0,1120.0,836.0,156214.0,183262.0,47983.0,,
1996-07-03,1098.0,1200.0,867.0,122422.0,167389.0,44757.0,,
1996-07-05,315.0,2104.0,565.0,15153.0,158695.0,7565.0,,
1996-07-08,753.0,1732.0,672.0,88454.0,248491.0,29365.0,,
1996-07-09,1376.0,1036.0,774.0,196232.0,133837.0,49131.0,,
1996-07-10,1040.0,1406.0,740.0,161621.0,211590.0,48099.0,,
1996-07-11,531.0,2020.0,642.0,65827.0,417476.0,33161.0,,
1996-07-12,1211.0,1184.0,757.0,184477.0,173263.0,38978.0,,
1996-07-15,440.0,2149.0,587.0,33295.0,369517.0,15613.0,,
1996-07-16,701.0,1884.0,618.0,201644.0,426455.0,52209.0,,
1996-07-17,1783.0,736.0,667.0,324034.0,145247.0,40189.0,,
1996-07-18,1872.0,651.0,653.0,345985.0,90893.0,32768.0,,
1996-07-19,989.0,1403.0,753.0,114830.0,240574.0,46839.0,,
1996-07-22,649.0,1770.0,738.0,61620.0,227104.0,38531.0,,
1996-07-23,709.0,1696.0,770.0,111107.0,271153.0,36941.0,,
1996-07-24,680.0,1816.0,689.0,168096.0,251257.0,41627.0,,
1996-07-25,1549.0,814.0,785.0,255791.0,107542.0,40285.0,,
1996-07-26,1556.0,805.0,788.0,225953.0,88648.0,35242.0,,
1996-07-29,905.0,1465.0,787.0,82176.0,170052.0,29120.0,,
1996-07-30,1384.0,1021.0,767.0,191656.0,108047.0,37695.0,,
1996-07-31,1565.0,889.0,708.0,227425.0,137462.0,37701.0,,
1996-08-01,1985.0,550.0,662.0,338194.0,65291.0,35458.0,,
1996-08-02,2105.0,539.0,578.0,355270.0,50804.0,35596.0,,
1996-08-05,1170.0,1219.0,797.0,121550.0,136398.0,45819.0,,
1996-08-06,1270.0,1152.0,800.0,173300.0,129133.0,44795.0,,
1996-08-07,1415.0,981.0,790.0,213538.0,133410.0,45463.0,,
1996-08-08,1141.0,1138.0,901.0,159843.0,135617.0,39092.0,,
1996-08-09,1262.0,1048.0,851.0,143906.0,137986.0,43259.0,,
1996-08-12,1270.0,1061.0,838.0,166084.0,104481.0,41587.0,,
1996-08-13,852.0,1506.0,831.0,81617.0,220928.0,35809.0,,
1996-08-14,1460.0,904.0,824.0,207423.0,87073.0,48945.0,,
1996-08-15,1293.0,1048.0,852.0,157622.0,116582.0,48625.0,,
1996-08-16,1577.0,777.0,818.0,189107.0,104414.0,37223.0,,
1996-08-19,1266.0,1064.0,849.0,160402.0,93402.0,40126.0,,
1996-08-20,1261.0,1085.0,855.0,161516.0,129603.0,43829.0,,
1996-08-21,1077.0,1255.0,874.0,155187.0,146540.0,47010.0,,
1996-08-22,1500.0,865.0,826.0,228949.0,84806.0,40737.0,,
1996-08-23,1013.0,1285.0,888.0,107616.0,158948.0,41446.0,,
1996-08-26,899.0,1359.0,921.0,94789.0,143619.0,43000.0,,
1996-08-27,1436.0,896.0,872.0,171028.0,85649.0,49676.0,,
1996-08-28,1309.0,1023.0,853.0,134642.0,117067.0,44673.0,,
1996-08-29,760.0,1645.0,794.0,74407.0,217399.0,29287.0,,
1996-08-30,829.0,1457.0,864.0,62871.0,163034.0,31041.0,,
1996-09-03,1027.0,1395.0,761.0,145875.0,151835.0,35783.0,,
1996-09-04,1379.0,947.0,857.0,183343.0,127427.0,40492.0,,
1996-09-05,776.0,1617.0,783.0,75775.0,251786.0,32983.0,,
1996-09-06,1652.0,705.0,837.0,240034.0,74229.0,34419.0,,
1996-09-09,1542.0,861.0,812.0,224003.0,59150.0,27733.0,,
1996-09-10,1189.0,1167.0,851.0,164824.0,163265.0,43582.0,,
1996-09-11,1268.0,1052.0,888.0,203448.0,114926.0,56825.0,,
1996-09-12,1489.0,883.0,846.0,238669.0,110630.0,49536.0,,
1996-09-13,1729.0,735.0,776.0,343047.0,99586.0,44869.0,,
1996-09-16,1416.0,1002.0,800.0,259775.0,119905.0,50399.0,,
1996-09-17,999.0,1462.0,780.0,198421.0,190543.0,53616.0,,
1996-09-18,999.0,1365.0,860.0,155202.0,197183.0,43427.0,,
1996-09-19,1114.0,1266.0,851.0,209558.0,147233.0,39092.0,,
1996-09-20,1429.0,909.0,869.0,305491.0,144148.0,64682.0,,
1996-09-23,869.0,1456.0,875.0,116887.0,136432.0,44448.0,,
1996-09-24,1238.0,1081.0,905.0,201794.0,188256.0,67843.0,,
1996-09-25,1312.0,1078.0,840.0,230874.0,179551.0,41273.0,,
1996-09-26,1411.0,1012.0,812.0,247483.0,204604.0,47766.0,,
1996-09-27,1293.0,1033.0,901.0,198720.0,168874.0,39192.0,,
1996-09-30,1356.0,1069.0,836.0,204397.0,134026.0,49846.0,,
1996-10-01,1318.0,1106.0,818.0,201098.0,173044.0,44594.0,,
1996-10-02,1651.0,771.0,822.0,275899.0,115778.0,47577.0,,
1996-10-03,1133.0,1266.0,860.0,155000.0,174520.0,56604.0,,
1996-10-04,1803.0,726.0,714.0,303859.0,106642.0,53381.0,,
1996-10-07,1145.0,1230.0,876.0,187455.0,144061.0,49224.0,,
1996-10-08,1032.0,1393.0,831.0,175471.0,220506.0,38685.0,,
1996-10-09,878.0,1470.0,902.0,127126.0,233886.0,44948.0,,
1996-10-10,1093.0,1261.0,888.0,174804.0,172569.0,47578.0,,
1996-10-11,1475.0,853.0,904.0,236601.0,114223.0,45099.0,,
1996-10-14,1203.0,1092.0,945.0,175734.0,110814.0,35451.0,,
1996-10-15,1094.0,1316.0,841.0,187709.0,214559.0,56603.0,,
1996-10-16,1167.0,1233.0,858.0,212108.0,189146.0,40142.0,,
1996-10-17,1428.0,962.0,874.0,267392.0,172610.0,38547.0,,
1996-10-18,1340.0,1053.0,847.0,245298.0,176432.0,46209.0,,
1996-10-21,1102.0,1340.0,833.0,181823.0,196129.0,36664.0,,
1996-10-22,915.0,1541.0,828.0,132055.0,227422.0,51204.0,,
1996-10-23,1080.0,1285.0,888.0,191678.0,191725.0,56233.0,,
1996-10-24,1118.0,1236.0,900.0,142639.0,225952.0,46428.0,,
1996-10-25,1188.0,1178.0,893.0,166946.0,158129.0,39905.0,,
1996-10-28,894.0,1534.0,829.0,117023.0,224411.0,42200.0,,
1996-10-29,1307.0,1178.0,789.0,236088.0,161092.0,43901.0,,
1996-10-30,1201.0,1179.0,889.0,204363.0,188091.0,45319.0,,
1996-10-31,1485.0,974.0,831.0,243476.0,165895.0,73424.0,,
1996-11-01,1163.0,1225.0,879.0,188162.0,224099.0,51516.0,,
1996-11-04,1337.0,1075.0,868.0,197950.0,148642.0,44453.0,,
1996-11-05,1483.0,954.0,837.0,314627.0,120937.0,50483.0,,
1996-11-06,1731.0,788.0,772.0,364499.0,96566.0,47961.0,,
1996-11-07,1420.0,1084.0,790.0,260181.0,184111.0,56448.0,,
1996-11-08,1320.0,1089.0,885.0,219755.0,132227.0,50337.0,,
1996-11-11,1391.0,1003.0,875.0,184430.0,125061.0,44468.0,,
1996-11-12,1355.0,1118.0,840.0,216762.0,199945.0,55036.0,,
1996-11-13,1308.0,1132.0,859.0,206016.0,175515.0,48280.0,,
1996-11-14,1496.0,990.0,841.0,293225.0,142312.0,43010.0,,
1996-11-15,1278.0,1206.0,832.0,267028.0,205281.0,54314.0,,
1996-11-18,1174.0,1219.0,915.0,183338.0,156807.0,47899.0,,
1996-11-19,1442.0,1046.0,843.0,253018.0,151188.0,50207.0,,
1996-11-20,1388.0,1073.0,858.0,256246.0,187854.0,45297.0,,
1996-11-21,1207.0,1216.0,894.0,178425.0,237621.0,52656.0,,
1996-11-22,1540.0,971.0,817.0,325935.0,146052.0,53221.0,,
1996-11-25,1657.0,906.0,787.0,290817.0,125676.0,58761.0,,
1996-11-26,1154.0,1378.0,818.0,210407.0,254476.0,62490.0,,
1996-11-27,1343.0,1136.0,846.0,188089.0,147281.0,41736.0,,
1996-11-29,1305.0,934.0,915.0,81129.0,41964.0,28186.0,,
1996-12-02,1279.0,1235.0,811.0,191751.0,179475.0,41273.0,,
1996-12-03,1296.0,1220.0,818.0,184689.0,273080.0,57878.0,,
1996-12-04,1079.0,1458.0,776.0,198999.0,244238.0,50464.0,,
1996-12-05,1233.0,1288.0,816.0,217880.0,213796.0,51446.0,,
1996-12-06,572.0,2080.0,678.0,142398.0,313882.0,44571.0,,
1996-12-09,1953.0,639.0,751.0,272948.0,72118.0,36507.0,,
1996-12-10,1410.0,1155.0,787.0,182644.0,212753.0,50718.0,,
1996-12-11,526.0,2154.0,660.0,99195.0,357723.0,37275.0,,
1996-12-12,911.0,1644.0,771.0,130554.0,308398.0,53807.0,,
1996-12-13,1052.0,1450.0,810.0,189031.0,220652.0,44792.0,,
1996-12-16,891.0,1677.0,778.0,120387.0,281600.0,45597.0,,
1996-12-17,1264.0,1275.0,812.0,248440.0,204311.0,67085.0,,
1996-12-18,1610.0,951.0,803.0,306668.0,139743.0,53987.0,,
1996-12-19,1844.0,778.0,728.0,358277.0,110850.0,53189.0,,
1996-12-20,1616.0,972.0,783.0,352188.0,227780.0,70097.0,,
1996-12-23,1129.0,1392.0,808.0,119003.0,171077.0,49863.0,,
1996-12-24,1309.0,940.0,961.0,88565.0,45333.0,33267.0,,
1996-12-26,1616.0,854.0,846.0,150391.0,65910.0,37125.0,,
1996-12-27,1559.0,899.0,848.0,131409.0,84156.0,36907.0,,
1996-12-30,1406.0,1110.0,840.0,155393.0,139999.0,43618.0,,
1996-12-31,1297.0,1234.0,816.0,144290.0,210371.0,40491.0,,
1997-01-02,780.0,1869.0,692.0,138008.0,290264.0,32754.0,,
1997-01-03,1861.0,736.0,731.0,312750.0,95011.0,44187.0,,
1997-01-06,1434.0,1139.0,776.0,241346.0,239920.0,45839.0,,
1997-01-07,1499.0,1047.0,791.0,341581.0,146582.0,50044.0,,
1997-01-08,1252.0,1289.0,812.0,226716.0,275344.0,54498.0,,
1997-01-09,1632.0,957.0,761.0,341373.0,153717.0,59026.0,,
1997-01-10,1273.0,1235.0,842.0,321563.0,161187.0,62999.0,,
1997-01-13,1392.0,1196.0,771.0,200025.0,199225.0,44227.0,,
1997-01-14,1813.0,819.0,742.0,360434.0,122402.0,48460.0,,
1997-01-15,1283.0,1287.0,776.0,247692.0,230951.0,46352.0,,
1997-01-16,1354.0,1185.0,833.0,282168.0,199144.0,51002.0,,
1997-01-17,1542.0,975.0,848.0,323682.0,147680.0,61074.0,,
1997-01-20,1284.0,1262.0,790.0,204848.0,194117.0,41417.0,,
1997-01-21,1308.0,1244.0,799.0,317737.0,204738.0,48790.0,,
1997-01-22,1222.0,1328.0,798.0,278596.0,248642.0,58483.0,,
1997-01-23,1139.0,1441.0,769.0,275643.0,358521.0,49637.0,,
1997-01-24,836.0,1711.0,776.0,158409.0,349967.0,34368.0,,
1997-01-27,865.0,1667.0,789.0,138255.0,269701.0,37581.0,,
1997-01-28,1422.0,1052.0,848.0,244784.0,220670.0,60968.0,,
1997-01-29,1270.0,1190.0,862.0,271457.0,176541.0,48354.0,,
1997-01-30,1561.0,931.0,843.0,350058.0,120744.0,49600.0,,
1997-01-31,1411.0,1111.0,815.0,278505.0,242534.0,53468.0,,
1997-02-03,1395.0,1142.0,791.0,202783.0,221148.0,39645.0,,
1997-02-04,1177.0,1297.0,857.0,225015.0,218024.0,48802.0,,
1997-02-05,964.0,1634.0,759.0,142303.0,389055.0,46419.0,,
1997-02-06,1250.0,1242.0,854.0,256148.0,214852.0,48381.0,,
1997-02-07,1643.0,944.0,776.0,321130.0,161644.0,55834.0,,
1997-02-10,1169.0,1345.0,823.0,175798.0,252453.0,39314.0,,
1997-02-11,1315.0,1201.0,825.0,257393.0,172141.0,51056.0,,
1997-02-12,1800.0,778.0,771.0,426777.0,101490.0,35285.0,,
1997-02-13,1732.0,844.0,769.0,366207.0,163480.0,54681.0,,
1997-02-14,1345.0,1219.0,788.0,219019.0,215940.0,45180.0,,
1997-02-18,1535.0,1059.0,761.0,287944.0,145715.0,40408.0,,
1997-02-19,1293.0,1285.0,787.0,207304.0,258085.0,53884.0,,
1997-02-20,859.0,1694.0,802.0,123641.0,320953.0,45649.0,,
1997-02-21,1324.0,1168.0,861.0,234445.0,185360.0,58491.0,,
1997-02-24,1511.0,1065.0,800.0,282967.0,131952.0,44992.0,,
1997-02-25,1430.0,1150.0,797.0,285111.0,196254.0,46065.0,,
1997-02-26,775.0,1809.0,768.0,157326.0,357664.0,51227.0,,
1997-02-27,917.0,1624.0,801.0,113765.0,308131.0,42782.0,,
1997-02-28,1063.0,1449.0,837.0,199505.0,259781.0,48980.0,,
1997-03-03,1292.0,1270.0,779.0,233721.0,153764.0,45146.0,,
1997-03-04,1423.0,1129.0,788.0,263134.0,224571.0,48515.0,,
1997-03-05,1604.0,945.0,788.0,368728.0,105036.0,55137.0,,
1997-03-06,1276.0,1217.0,849.0,230345.0,235626.0,56510.0,,
1997-03-07,1651.0,890.0,819.0,322403.0,129932.0,53457.0,,
1997-03-10,1656.0,880.0,810.0,299820.0,115968.0,42960.0,,
1997-03-11,1319.0,1194.0,855.0,228542.0,215358.0,47420.0,,
1997-03-12,957.0,1598.0,813.0,160981.0,280880.0,41264.0,,
1997-03-13,534.0,2101.0,714.0,91012.0,379397.0,33328.0,,
1997-03-14,1452.0,1074.0,820.0,254826.0,177802.0,54301.0,,
1997-03-17,850.0,1651.0,840.0,188385.0,257395.0,48650.0,,
1997-03-18,863.0,1673.0,814.0,122598.0,293452.0,51254.0,,
1997-03-19,956.0,1529.0,851.0,173598.0,311745.0,50210.0,,
1997-03-20,950.0,1559.0,805.0,200167.0,257357.0,39337.0,,
1997-03-21,1258.0,1182.0,904.0,258596.0,215332.0,60443.0,,
1997-03-24,1223.0,1346.0,777.0,229892.0,169466.0,42787.0,,
1997-03-25,1324.0,1191.0,807.0,223953.0,209113.0,47317.0,,
1997-03-26,1314.0,1183.0,845.0,255172.0,183107.0,49030.0,,
1997-03-27,632.0,2021.0,685.0,65501.0,386829.0,23597.0,,
1997-03-31,552.0,2130.0,661.0,76424.0,452364.0,26939.0,,
1997-04-01,1173.0,1362.0,801.0,243880.0,212408.0,60968.0,,
1997-04-02,849.0,1745.0,731.0,110081.0,326398.0,41648.0,,
1997-04-03,923.0,1585.0,802.0,202343.0,240759.0,52367.0,,
1997-04-04,1432.0,1068.0,803.0,321570.0,164299.0,51368.0,,
1997-04-07,1740.0,801.0,785.0,292255.0,123487.0,37678.0,,
1997-04-08,1363.0,1129.0,823.0,247512.0,158015.0,43329.0,,
1997-04-09,1277.0,1244.0,818.0,171408.0,239410.0,40675.0,,
1997-04-10,1117.0,1347.0,841.0,165326.0,214678.0,41792.0,,
1997-04-11,394.0,2306.0,613.0,42745.0,382590.0,15144.0,,
1997-04-14,1048.0,1446.0,844.0,195822.0,169284.0,41671.0,,
1997-04-15,1864.0,768.0,702.0,355629.0,113523.0,37702.0,,
1997-04-16,1423.0,1033.0,869.0,296893.0,157895.0,44027.0,,
1997-04-17,1285.0,1210.0,808.0,209571.0,238515.0,54727.0,,
1997-04-18,1522.0,957.0,818.0,239271.0,176359.0,52529.0,,
1997-04-21,916.0,1660.0,751.0,119656.0,247410.0,26587.0,,
1997-04-22,1536.0,971.0,837.0,311376.0,150074.0,40526.0,,
1997-04-23,1149.0,1359.0,833.0,216700.0,230639.0,41901.0,,
1997-04-24,1172.0,1278.0,879.0,202321.0,239661.0,43436.0,,
1997-04-25,797.0,1683.0,842.0,109759.0,268503.0,36061.0,,
1997-04-28,1377.0,1115.0,830.0,224737.0,143058.0,34620.0,,
1997-04-29,2119.0,554.0,664.0,461715.0,52799.0,33152.0,,
1997-04-30,1632.0,967.0,771.0,400009.0,116373.0,39660.0,,
1997-05-01,1462.0,1049.0,822.0,217650.0,185635.0,56057.0,,
1997-05-02,2144.0,508.0,704.0,391876.0,74911.0,32944.0,,
1997-05-05,1971.0,679.0,706.0,455456.0,66511.0,27433.0,,
1997-05-06,1281.0,1293.0,799.0,277456.0,276276.0,47563.0,,
1997-05-07,854.0,1683.0,826.0,151795.0,312866.0,32916.0,,
1997-05-08,1440.0,1109.0,799.0,307212.0,174353.0,52540.0,,
1997-05-09,1545.0,969.0,842.0,279182.0,121889.0,54549.0,,
1997-05-12,1801.0,758.0,802.0,338728.0,85094.0,35187.0,,
1997-05-13,1162.0,1335.0,875.0,199162.0,251208.0,39350.0,,
1997-05-14,1490.0,1013.0,842.0,287736.0,161658.0,49353.0,,
1997-05-15,1302.0,1188.0,866.0,265820.0,150165.0,42158.0,,
1997-05-16,993.0,1472.0,901.0,132508.0,313334.0,39936.0,,
1997-05-19,1406.0,1074.0,867.0,182507.0,129033.0,33595.0,,
1997-05-20,1425.0,1047.0,883.0,270709.0,128489.0,47967.0,,
1997-05-21,1455.0,1136.0,772.0,237720.0,256364.0,42965.0,,
1997-05-22,1295.0,1197.0,879.0,187351.0,190140.0,49452.0,,
1997-05-23,1886.0,644.0,813.0,306533.0,70749.0,38980.0,,
1997-05-27,1242.0,1305.0,827.0,237864.0,157849.0,40217.0,,
1997-05-28,1324.0,1191.0,844.0,226652.0,220334.0,40197.0,,
1997-05-29,1460.0,1066.0,851.0,204657.0,216682.0,39142.0,,
1997-05-30,1602.0,933.0,836.0,304093.0,166657.0,62675.0,,
1997-06-02,1543.0,1002.0,811.0,207886.0,177231.0,47547.0,,
1997-06-03,1495.0,1031.0,857.0,251052.0,225121.0,50796.0,,
1997-06-04,1178.0,1365.0,818.0,177431.0,241605.0,47656.0,,
1997-06-05,1511.0,989.0,852.0,270245.0,131781.0,50597.0,,
1997-06-06,1766.0,736.0,877.0,329056.0,99969.0,59324.0,,
1997-06-09,1457.0,1113.0,814.0,283734.0,143138.0,38702.0,,
1997-06-10,1413.0,1174.0,809.0,283111.0,190120.0,53745.0,,
1997-06-11,1519.0,1058.0,814.0,284302.0,182049.0,47375.0,,
1997-06-12,1927.0,740.0,736.0,431014.0,111217.0,50501.0,,
1997-06-13,1763.0,832.0,803.0,387194.0,129954.0,49794.0,,
1997-06-16,1253.0,1291.0,851.0,188292.0,173413.0,52574.0,,
1997-06-17,1272.0,1273.0,858.0,283063.0,205788.0,54099.0,,
1997-06-18,1221.0,1316.0,846.0,183486.0,267240.0,40958.0,,
1997-06-19,1743.0,831.0,819.0,351564.0,136609.0,48748.0,,
1997-06-20,1149.0,1486.0,777.0,282611.0,351564.0,18551.0,,
1997-06-23,831.0,1808.0,757.0,84907.0,381193.0,26593.0,,
1997-06-24,1780.0,978.0,643.0,385074.0,133745.0,23829.0,,
1997-06-25,1283.0,1539.0,575.0,226197.0,337873.0,38950.0,,
1997-06-26,1339.0,1460.0,607.0,193845.0,274375.0,31561.0,,
1997-06-27,1822.0,972.0,577.0,274135.0,166248.0,29318.0,,
1997-06-30,1531.0,1306.0,558.0,277120.0,256780.0,27504.0,,
1997-07-01,1704.0,1150.0,537.0,347147.0,176564.0,20291.0,,
1997-07-02,1861.0,959.0,577.0,367234.0,128670.0,30880.0,,
1997-07-03,1972.0,777.0,582.0,287909.0,59097.0,27659.0,,
1997-07-07,1473.0,1415.0,539.0,222599.0,272260.0,23919.0,,
1997-07-08,1699.0,1146.0,571.0,351418.0,148244.0,25950.0,,
1997-07-09,1145.0,1725.0,562.0,177379.0,386701.0,24998.0,,
1997-07-10,1788.0,1056.0,556.0,339074.0,177553.0,34647.0,,
1997-07-11,1743.0,1113.0,573.0,299516.0,174086.0,26278.0,,
1997-07-14,1483.0,1370.0,579.0,230804.0,232566.0,22484.0,,
1997-07-15,1527.0,1348.0,555.0,334130.0,239669.0,24575.0,,
1997-07-16,1993.0,931.0,509.0,415452.0,203858.0,26690.0,,
1997-07-17,1305.0,1588.0,545.0,250876.0,355960.0,22221.0,,
1997-07-18,866.0,2028.0,521.0,127837.0,438454.0,19329.0,,
1997-07-21,955.0,1935.0,523.0,169796.0,269749.0,19947.0,,
1997-07-22,2094.0,842.0,506.0,479506.0,82025.0,18030.0,,
1997-07-23,1733.0,1167.0,533.0,353898.0,231199.0,31837.0,,
1997-07-24,1397.0,1461.0,566.0,302527.0,236068.0,32427.0,,
1997-07-25,1399.0,1394.0,611.0,239706.0,254731.0,25171.0,,
1997-07-28,1445.0,1424.0,536.0,221445.0,220782.0,21471.0,,
1997-07-29,1705.0,1143.0,568.0,331982.0,185522.0,27036.0,,
1997-07-30,2083.0,835.0,518.0,432272.0,112202.0,24004.0,,
1997-07-31,1747.0,1157.0,530.0,306710.0,212384.0,28734.0,,
1997-08-01,1063.0,1842.0,498.0,178736.0,303031.0,29868.0,,
1997-08-04,1496.0,1379.0,540.0,249705.0,186211.0,20079.0,,
1997-08-05,1619.0,1244.0,563.0,318800.0,177313.0,29549.0,,
1997-08-06,1871.0,994.0,550.0,380121.0,165146.0,19904.0,,
1997-08-07,1242.0,1586.0,554.0,222411.0,321567.0,32054.0,,
1997-08-08,544.0,2481.0,369.0,88506.0,462385.0,10412.0,,
1997-08-11,1377.0,1480.0,530.0,243597.0,218693.0,18047.0,,
1997-08-12,1266.0,1606.0,532.0,165343.0,307342.0,26207.0,,
1997-08-13,1373.0,1476.0,552.0,241061.0,312272.0,33882.0,,
1997-08-14,1558.0,1269.0,569.0,262494.0,228388.0,96346.0,,
1997-08-15,731.0,2150.0,503.0,86076.0,431822.0,16514.0,,
1997-08-18,1419.0,1474.0,523.0,301254.0,189487.0,23517.0,,
1997-08-19,2048.0,818.0,540.0,402782.0,121525.0,21273.0,,
1997-08-20,1956.0,903.0,542.0,388393.0,107558.0,22192.0,,
1997-08-21,909.0,1937.0,542.0,142007.0,328483.0,27069.0,,
1997-08-22,997.0,1898.0,482.0,191388.0,238526.0,27679.0,,
1997-08-25,1607.0,1239.0,552.0,207993.0,158754.0,22218.0,,
1997-08-26,1314.0,1512.0,578.0,174574.0,251086.0,23386.0,,
1997-08-27,1644.0,1193.0,547.0,251169.0,216997.0,23928.0,,
1997-08-28,1352.0,1499.0,534.0,137028.0,326326.0,22864.0,,
1997-08-29,1332.0,1485.0,554.0,147683.0,230181.0,29112.0,,
1997-09-02,2177.0,751.0,479.0,408983.0,71747.0,11093.0,,
1997-09-03,1751.0,1152.0,506.0,302105.0,218723.0,27862.0,,
1997-09-04,1507.0,1321.0,555.0,317240.0,201300.0,40778.0,,
1997-09-05,1652.0,1168.0,561.0,258342.0,242340.0,35705.0,,
1997-09-08,1791.0,1083.0,529.0,254929.0,186007.0,25504.0,,
1997-09-09,1612.0,1243.0,560.0,266181.0,212657.0,23263.0,,
1997-09-10,1056.0,1786.0,549.0,149104.0,343133.0,24512.0,,
1997-09-11,1100.0,1773.0,518.0,187515.0,358199.0,28816.0,,
1997-09-12,2093.0,788.0,500.0,390565.0,130053.0,22717.0,,
1997-09-15,1545.0,1292.0,566.0,219426.0,227970.0,20076.0,,
1997-09-16,2225.0,753.0,425.0,478422.0,136511.0,20832.0,,
1997-09-17,1460.0,1390.0,557.0,278395.0,278507.0,32573.0,,
1997-09-18,1717.0,1173.0,528.0,342016.0,193777.0,31043.0,,
1997-09-19,1387.0,1460.0,572.0,349440.0,244104.0,36996.0,,
1997-09-22,1710.0,1197.0,507.0,302535.0,162651.0,25075.0,,
1997-09-23,1308.0,1553.0,558.0,202302.0,296287.0,23624.0,,
1997-09-24,1447.0,1458.0,497.0,281944.0,335016.0,22503.0,,
1997-09-25,1379.0,1501.0,529.0,214824.0,281805.0,28260.0,,
1997-09-26,1774.0,1086.0,545.0,317842.0,159440.0,24403.0,,
1997-09-29,1654.0,1220.0,553.0,299940.0,147825.0,22797.0,,
1997-09-30,1644.0,1273.0,523.0,278865.0,278295.0,29586.0,,
1997-10-01,1927.0,1012.0,477.0,381070.0,193472.0,23346.0,,
1997-10-02,1655.0,1193.0,563.0,267891.0,179883.0,24943.0,,
1997-10-03,1837.0,1095.0,493.0,360024.0,231639.0,27760.0,,
1997-10-06,1824.0,1112.0,471.0,316051.0,157965.0,20810.0,,
1997-10-07,1633.0,1282.0,515.0,325681.0,203099.0,22628.0,,
1997-10-08,1006.0,1939.0,478.0,221546.0,330263.0,20479.0,,
1997-10-09,1190.0,1737.0,491.0,264933.0,264682.0,20124.0,,
1997-10-10,1318.0,1547.0,535.0,247431.0,222930.0,29331.0,,
1997-10-13,1536.0,1329.0,522.0,172845.0,157715.0,20639.0,,
1997-10-14,1455.0,1423.0,548.0,250466.0,229430.0,30441.0,,
1997-10-15,1205.0,1669.0,554.0,216336.0,261225.0,27114.0,,
1997-10-16,1072.0,1825.0,530.0,155926.0,411284.0,28768.0,,
1997-10-17,615.0,2331.0,471.0,142760.0,466217.0,14274.0,,
1997-10-20,1905.0,1015.0,484.0,338149.0,126280.0,18507.0,,
1997-10-21,1944.0,921.0,548.0,448388.0,115479.0,17908.0,,
1997-10-22,1227.0,1655.0,539.0,232433.0,357182.0,22625.0,,
1997-10-23,586.0,2419.0,413.0,70392.0,589835.0,9065.0,,
1997-10-24,1339.0,1502.0,565.0,229253.0,420065.0,22037.0,,
1997-10-27,182.0,2987.0,263.0,4038.0,674336.0,7122.0,,
1997-10-28,1835.0,1342.0,300.0,1008748.0,165722.0,21367.0,,
1997-10-29,1991.0,1088.0,368.0,400075.0,336002.0,34538.0,,
1997-10-30,804.0,2175.0,448.0,127709.0,556292.0,23816.0,,
1997-10-31,2093.0,896.0,447.0,473827.0,138909.0,16285.0,,
1997-11-03,2369.0,652.0,417.0,494158.0,59050.0,10859.0,,
1997-11-04,1537.0,1385.0,499.0,309051.0,210261.0,17826.0,,
1997-11-05,1697.0,1206.0,531.0,323031.0,206579.0,35283.0,,
1997-11-06,1236.0,1679.0,509.0,185778.0,311706.0,24690.0,,
1997-11-07,554.0,2409.0,471.0,75852.0,466372.0,21861.0,,
1997-11-10,1459.0,1431.0,536.0,178459.0,259686.0,25276.0,,
1997-11-11,1336.0,1486.0,590.0,199073.0,215629.0,19903.0,,
1997-11-12,664.0,2380.0,391.0,95811.0,473897.0,14906.0,,
1997-11-13,1446.0,1510.0,489.0,384786.0,233164.0,24393.0,,
1997-11-14,1937.0,980.0,530.0,429304.0,174235.0,31234.0,,
1997-11-17,2276.0,702.0,484.0,477200.0,87248.0,11508.0,,
1997-11-18,1188.0,1764.0,510.0,152011.0,339698.0,28788.0,,
1997-11-19,1532.0,1417.0,511.0,270523.0,240940.0,25583.0,,
1997-11-20,2058.0,923.0,483.0,466117.0,102816.0,32862.0,,
1997-11-21,1590.0,1305.0,570.0,363514.0,191829.0,36698.0,,
1997-11-24,766.0,2185.0,497.0,88413.0,410318.0,15252.0,,
1997-11-25,1551.0,1375.0,512.0,304187.0,245034.0,21914.0,,
1997-11-26,1676.0,1203.0,554.0,237505.0,217992.0,28564.0,,
1997-11-28,1694.0,1024.0,555.0,111074.0,66151.0,11681.0,,
1997-12-01,2027.0,993.0,445.0,403338.0,170696.0,15639.0,,
1997-12-02,1628.0,1332.0,523.0,286315.0,265704.0,23264.0,,
1997-12-03,1669.0,1274.0,519.0,334987.0,265723.0,22731.0,,
1997-12-04,1581.0,1362.0,520.0,279626.0,324429.0,28100.0,,
1997-12-05,1732.0,1190.0,518.0,375173.0,152306.0,29456.0,,
1997-12-08,1613.0,1366.0,512.0,246716.0,214526.0,28388.0,,
1997-12-09,1145.0,1777.0,536.0,162779.0,349184.0,26467.0,,
1997-12-10,1017.0,1985.0,471.0,159490.0,416712.0,24874.0,,
1997-12-11,750.0,2247.0,475.0,102471.0,503941.0,16772.0,,
1997-12-12,1483.0,1444.0,518.0,228436.0,314880.0,29413.0,,
1997-12-15,1604.0,1375.0,475.0,326673.0,250149.0,19562.0,,
1997-12-16,1737.0,1245.0,505.0,372381.0,231134.0,19808.0,,
1997-12-17,1659.0,1310.0,504.0,333059.0,258037.0,26764.0,,
1997-12-18,1066.0,1917.0,494.0,162713.0,418994.0,33174.0,,
1997-12-19,1002.0,1996.0,458.0,209282.0,531406.0,41340.0,,
1997-12-22,1685.0,1313.0,480.0,302495.0,213360.0,14091.0,,
1997-12-23,1380.0,1571.0,516.0,152989.0,335012.0,25929.0,,
1997-12-24,1261.0,1439.0,599.0,102405.0,142563.0,18337.0,,
1997-12-26,1470.0,1220.0,539.0,83252.0,61534.0,10049.0,,
1997-12-29,2142.0,864.0,467.0,351357.0,78357.0,11526.0,,
1997-12-30,2211.0,798.0,456.0,399806.0,80188.0,18975.0,,
1997-12-31,1847.0,1109.0,472.0,299630.0,143881.0,22207.0,,
1998-01-02,1568.0,1442.0,428.0,187767.0,161577.0,16853.0,,
1998-01-05,1659.0,1417.0,412.0,307129.0,294322.0,24813.0,,
1998-01-06,1039.0,1997.0,441.0,149712.0,444701.0,23190.0,,
1998-01-07,1213.0,1800.0,464.0,275491.0,361396.0,18994.0,,
1998-01-08,1120.0,1892.0,458.0,189745.0,437215.0,24290.0,,
1998-01-09,554.0,2541.0,387.0,41906.0,698577.0,4876.0,,
1998-01-12,1343.0,1710.0,442.0,353532.0,317274.0,22094.0,,
1998-01-13,2136.0,864.0,465.0,491249.0,130592.0,23842.0,,
1998-01-14,1877.0,1080.0,512.0,377937.0,186647.0,27045.0,,
1998-01-15,1350.0,1608.0,511.0,227370.0,316691.0,23980.0,,
1998-01-16,2133.0,854.0,484.0,504100.0,139842.0,21893.0,,
1998-01-20,2009.0,1030.0,431.0,469011.0,148620.0,21393.0,,
1998-01-21,1130.0,1787.0,527.0,239246.0,359497.0,26326.0,,
1998-01-22,1119.0,1837.0,499.0,193698.0,427668.0,22039.0,,
1998-01-23,1107.0,1876.0,469.0,202212.0,394569.0,30514.0,,
1998-01-26,1327.0,1559.0,546.0,248215.0,279557.0,26142.0,,
1998-01-27,1752.0,1201.0,508.0,421692.0,222090.0,34217.0,,
1998-01-28,1919.0,1048.0,492.0,439040.0,236913.0,30850.0,,
1998-01-29,1871.0,1100.0,510.0,514978.0,212822.0,21820.0,,
1998-01-30,1465.0,1490.0,505.0,273899.0,300893.0,33338.0,,
1998-02-02,2074.0,971.0,429.0,579147.0,120816.0,23525.0,,
1998-02-03,1740.0,1178.0,557.0,438068.0,225681.0,27593.0,,
1998-02-04,1615.0,1300.0,531.0,409325.0,254189.0,31095.0,,
1998-02-05,1641.0,1253.0,559.0,365391.0,309165.0,24621.0,,
1998-02-06,1754.0,1144.0,547.0,356103.0,193568.0,18353.0,,
1998-02-09,1448.0,1466.0,544.0,253997.0,240297.0,29787.0,,
1998-02-10,1847.0,1019.0,586.0,443192.0,168221.0,30085.0,,
1998-02-11,1535.0,1361.0,573.0,329865.0,239707.0,24289.0,,
1998-02-12,1448.0,1432.0,580.0,325868.0,251460.0,31075.0,,
1998-02-13,1382.0,1519.0,531.0,236831.0,266287.0,27909.0,,
1998-02-17,1576.0,1405.0,496.0,303066.0,264678.0,20321.0,,
1998-02-18,1698.0,1199.0,580.0,408182.0,174717.0,21907.0,,
1998-02-19,1305.0,1605.0,551.0,222290.0,321077.0,37803.0,,
1998-02-20,1554.0,1366.0,574.0,321020.0,231665.0,38892.0,,
1998-02-23,1556.0,1426.0,490.0,283573.0,248258.0,18128.0,,
1998-02-24,1170.0,1750.0,565.0,183460.0,376590.0,29237.0,,
1998-02-25,2000.0,944.0,528.0,432183.0,151901.0,24249.0,,
1998-02-26,1742.0,1122.0,578.0,404537.0,212040.0,29215.0,,
1998-02-27,1561.0,1354.0,564.0,307718.0,233253.0,32729.0,,
1998-03-02,1680.0,1265.0,536.0,305837.0,252891.0,31932.0,,
1998-03-03,1568.0,1381.0,539.0,346134.0,237037.0,25975.0,,
1998-03-04,1231.0,1738.0,497.0,271167.0,348034.0,23227.0,,
1998-03-05,843.0,2143.0,499.0,171699.0,439723.0,40580.0,,
1998-03-06,2219.0,775.0,489.0,528466.0,116656.0,18420.0,,
1998-03-09,1377.0,1577.0,534.0,257968.0,341053.0,24743.0,,
1998-03-10,1932.0,1041.0,516.0,435781.0,137185.0,58469.0,,
1998-03-11,1772.0,1233.0,499.0,407421.0,225629.0,19267.0,,
1998-03-12,1530.0,1414.0,531.0,318628.0,243034.0,31720.0,,
1998-03-13,1516.0,1404.0,563.0,305445.0,263342.0,25794.0,,
1998-03-16,1808.0,1176.0,515.0,346683.0,187111.0,13026.0,,
1998-03-17,1473.0,1508.0,529.0,321162.0,333232.0,19624.0,,
1998-03-18,1569.0,1388.0,547.0,362721.0,241224.0,24769.0,,
1998-03-19,1660.0,1253.0,581.0,328320.0,237322.0,20062.0,,
1998-03-20,1687.0,1261.0,556.0,436443.0,241910.0,31393.0,,
1998-03-23,1398.0,1632.0,472.0,328120.0,277479.0,23213.0,,
1998-03-24,1755.0,1212.0,538.0,376670.0,198984.0,29359.0,,
1998-03-25,1394.0,1537.0,556.0,292625.0,337558.0,33040.0,,
1998-03-26,1488.0,1503.0,513.0,306259.0,261276.0,30898.0,,
1998-03-27,1318.0,1601.0,565.0,247552.0,291017.0,41042.0,,
1998-03-30,1241.0,1746.0,512.0,195977.0,275172.0,25551.0,,
1998-03-31,1962.0,1061.0,496.0,403551.0,225295.0,27152.0,,
1998-04-01,1761.0,1259.0,509.0,387154.0,260482.0,24912.0,,
1998-04-02,1783.0,1218.0,503.0,420584.0,207070.0,41512.0,,
1998-04-03,1553.0,1458.0,511.0,352940.0,274377.0,21789.0,,
1998-04-06,1318.0,1727.0,491.0,263496.0,335200.0,24365.0,,
1998-04-07,899.0,2110.0,486.0,179102.0,466272.0,18747.0,,
1998-04-08,1296.0,1708.0,508.0,267651.0,318558.0,25798.0,,
1998-04-09,1860.0,1091.0,548.0,351595.0,169736.0,25096.0,,
1998-04-13,1293.0,1718.0,509.0,242836.0,300789.0,20283.0,,
1998-04-14,1899.0,1103.0,518.0,417872.0,165042.0,28506.0,,
1998-04-15,1570.0,1411.0,547.0,405468.0,258868.0,12953.0,,
1998-04-16,1003.0,1996.0,516.0,179414.0,499525.0,16441.0,,
1998-04-17,1753.0,1169.0,567.0,453434.0,191356.0,17319.0,,
1998-04-20,1377.0,1577.0,556.0,309185.0,268764.0,17241.0,,
1998-04-21,1584.0,1384.0,551.0,360374.0,280421.0,33263.0,,
1998-04-22,1397.0,1541.0,574.0,347166.0,323958.0,24269.0,,
1998-04-23,846.0,2150.0,510.0,196978.0,423138.0,31851.0,,
1998-04-24,893.0,2071.0,520.0,168411.0,428578.0,35283.0,,
1998-04-27,335.0,2866.0,314.0,63373.0,609602.0,12026.0,,
1998-04-28,1832.0,1167.0,498.0,362265.0,271845.0,43641.0,,
1998-04-29,1932.0,1031.0,532.0,422478.0,189755.0,25860.0,,
1998-04-30,2358.0,744.0,409.0,518743.0,147392.0,26909.0,,
1998-05-01,1836.0,1136.0,510.0,371994.0,175721.0,24123.0,,
1998-05-04,1567.0,1454.0,490.0,312312.0,214268.0,24086.0,,
1998-05-05,1140.0,1809.0,562.0,230297.0,316220.0,26539.0,,
1998-05-06,1139.0,1836.0,555.0,181404.0,383444.0,30357.0,,
1998-05-07,1027.0,1932.0,540.0,200393.0,355978.0,25245.0,,
1998-05-08,1813.0,1129.0,566.0,370168.0,157534.0,29269.0,,
1998-05-11,1292.0,1666.0,569.0,231474.0,306846.0,18653.0,,
1998-05-12,1403.0,1580.0,563.0,333135.0,242711.0,25057.0,,
1998-05-13,1436.0,1548.0,553.0,301361.0,276796.0,21097.0,,
1998-05-14,1248.0,1710.0,583.0,238623.0,307603.0,29013.0,,
1998-05-15,1152.0,1751.0,605.0,177911.0,395757.0,37948.0,,
1998-05-18,950.0,2068.0,497.0,157167.0,345618.0,15479.0,,
1998-05-19,1709.0,1290.0,530.0,312401.0,229480.0,23508.0,,
1998-05-20,1490.0,1466.0,565.0,310826.0,255014.0,20485.0,,
1998-05-21,1349.0,1584.0,591.0,219958.0,301280.0,29647.0,,
1998-05-22,1080.0,1820.0,598.0,149918.0,262032.0,31601.0,,
1998-05-26,870.0,2235.0,447.0,86073.0,431504.0,11728.0,,
1998-05-27,875.0,2196.0,463.0,226097.0,416441.0,38545.0,,
1998-05-28,1943.0,1066.0,507.0,371292.0,193265.0,19292.0,,
1998-05-29,1716.0,1242.0,567.0,234514.0,292081.0,26186.0,,
1998-06-01,1209.0,1841.0,484.0,213363.0,310655.0,12552.0,,
1998-06-02,1468.0,1509.0,554.0,266806.0,296134.0,26265.0,,
1998-06-03,1417.0,1588.0,539.0,220959.0,325700.0,29859.0,,
1998-06-04,1644.0,1257.0,616.0,347353.0,192196.0,29400.0,,
1998-06-05,1904.0,1016.0,577.0,422862.0,104761.0,28875.0,,
1998-06-08,1692.0,1320.0,528.0,308990.0,196726.0,27943.0,,
1998-06-09,1303.0,1667.0,540.0,274318.0,258200.0,28039.0,,
1998-06-10,995.0,2039.0,497.0,195844.0,395530.0,16189.0,,
1998-06-11,829.0,2251.0,441.0,102274.0,484731.0,16530.0,,
1998-06-12,1121.0,1907.0,500.0,267700.0,329840.0,34012.0,,
1998-06-15,744.0,2384.0,408.0,85075.0,482297.0,15533.0,,
1998-06-16,1880.0,1158.0,510.0,408414.0,227034.0,28323.0,,
1998-06-17,2185.0,901.0,470.0,550178.0,153562.0,17342.0,,
1998-06-18,1087.0,1891.0,547.0,238807.0,321566.0,29267.0,,
1998-06-19,1179.0,1785.0,557.0,256730.0,405683.0,31025.0,,
1998-06-22,1544.0,1439.0,543.0,298520.0,207854.0,21288.0,,
1998-06-23,1834.0,1200.0,514.0,433600.0,175485.0,23450.0,,
1998-06-24,1740.0,1270.0,539.0,427254.0,227337.0,24102.0,,
1998-06-25,1412.0,1595.0,535.0,296066.0,341378.0,20068.0,,
1998-06-26,1615.0,1354.0,562.0,257736.0,233474.0,23940.0,,
1998-06-29,1847.0,1180.0,492.0,336356.0,183364.0,23993.0,,
1998-06-30,1745.0,1318.0,479.0,381832.0,344841.0,25283.0,,
1998-07-01,2105.0,965.0,465.0,479857.0,173670.0,29263.0,,
1998-07-02,1551.0,1428.0,540.0,240520.0,243551.0,25326.0,,
1998-07-06,1737.0,1289.0,518.0,320897.0,171800.0,20522.0,,
1998-07-07,1579.0,1484.0,470.0,281299.0,310927.0,31240.0,,
1998-07-08,1759.0,1240.0,541.0,371522.0,202524.0,31313.0,,
1998-07-09,1217.0,1716.0,598.0,248589.0,383515.0,23541.0,,
1998-07-10,1326.0,1599.0,596.0,289074.0,257009.0,28504.0,,
1998-07-13,1307.0,1670.0,554.0,245180.0,293582.0,31788.0,,
1998-07-14,1773.0,1190.0,588.0,455149.0,214990.0,19989.0,,
1998-07-15,1433.0,1543.0,575.0,307090.0,376353.0,38441.0,,
1998-07-16,1739.0,1214.0,573.0,402929.0,237088.0,36430.0,,
1998-07-17,1383.0,1550.0,585.0,297906.0,297962.0,17915.0,,
1998-07-20,1248.0,1731.0,550.0,233618.0,304994.0,15523.0,,
1998-07-21,920.0,2090.0,533.0,184261.0,456594.0,17871.0,,
1998-07-22,1056.0,1912.0,565.0,270139.0,446155.0,20186.0,,
1998-07-23,647.0,2377.0,507.0,132373.0,565779.0,33230.0,,
1998-07-24,1137.0,1827.0,555.0,263687.0,383941.0,35021.0,,
1998-07-27,946.0,2076.0,518.0,273972.0,325425.0,18931.0,,
1998-07-28,845.0,2182.0,516.0,162236.0,514754.0,21857.0,,
1998-07-29,1349.0,1639.0,545.0,272727.0,338831.0,23142.0,,
1998-07-30,1919.0,1022.0,569.0,489291.0,172463.0,19361.0,,
1998-07-31,789.0,2236.0,523.0,124358.0,491477.0,24923.0,,
1998-08-03,957.0,2110.0,489.0,205753.0,385072.0,26792.0,,
1998-08-04,514.0,2626.0,424.0,75399.0,748996.0,2365.0,,
1998-08-05,1270.0,1841.0,466.0,423525.0,407977.0,18462.0,,
1998-08-06,1699.0,1280.0,549.0,418670.0,306948.0,34109.0,,
1998-08-07,2008.0,990.0,528.0,465956.0,272494.0,17805.0,,
1998-08-10,1002.0,2012.0,533.0,175180.0,382305.0,15148.0,,
1998-08-11,570.0,2613.0,380.0,137101.0,618023.0,15816.0,,
1998-08-12,2200.0,874.0,472.0,550188.0,138364.0,19119.0,,
1998-08-13,1122.0,1897.0,517.0,215278.0,412096.0,29293.0,,
1998-08-14,1326.0,1669.0,531.0,211755.0,400475.0,20340.0,,
1998-08-17,1591.0,1425.0,516.0,380046.0,178365.0,23129.0,,
1998-08-18,2104.0,943.0,510.0,514972.0,138106.0,29730.0,,
1998-08-19,1257.0,1778.0,526.0,246703.0,356956.0,27203.0,,
1998-08-20,1103.0,1906.0,516.0,226003.0,366395.0,23628.0,,
1998-08-21,812.0,2325.0,401.0,157803.0,547046.0,19076.0,,
1998-08-24,1420.0,1650.0,489.0,287923.0,245119.0,24193.0,,
1998-08-25,1374.0,1674.0,504.0,315170.0,329560.0,19032.0,,
1998-08-26,767.0,2391.0,393.0,160755.0,493276.0,17828.0,,
1998-08-27,378.0,2875.0,316.0,52279.0,881304.0,1080.0,,
1998-08-28,918.0,2213.0,417.0,249081.0,562642.0,27003.0,,
1998-08-31,414.0,2886.0,271.0,37819.0,874456.0,2421.0,,
1998-09-01,2017.0,1221.0,347.0,896611.0,289803.0,18478.0,,
1998-09-02,1897.0,1273.0,386.0,488399.0,382123.0,21054.0,,
1998-09-03,1022.0,2113.0,401.0,294423.0,556204.0,23839.0,,
1998-09-04,1493.0,1524.0,501.0,308973.0,442925.0,25733.0,,
1998-09-08,2536.0,636.0,369.0,733183.0,69682.0,7709.0,,
1998-09-09,943.0,2172.0,418.0,155271.0,526832.0,14838.0,,
1998-09-10,801.0,2363.0,381.0,179859.0,684227.0,11647.0,,
1998-09-11,2064.0,1000.0,462.0,652818.0,148026.0,16856.0,,
1998-09-14,2130.0,1005.0,420.0,551463.0,138331.0,19939.0,,
1998-09-15,1753.0,1312.0,478.0,432685.0,260102.0,27099.0,,
1998-09-16,1851.0,1213.0,475.0,508019.0,258057.0,25279.0,,
1998-09-17,839.0,2240.0,453.0,116759.0,559575.0,15511.0,,
1998-09-18,1928.0,1107.0,476.0,389663.0,370676.0,32693.0,,
1998-09-21,1290.0,1770.0,434.0,272213.0,314539.0,20907.0,,
1998-09-22,1932.0,1152.0,459.0,379681.0,288432.0,19068.0,,
1998-09-23,2377.0,800.0,371.0,725174.0,161286.0,11076.0,,
1998-09-24,1093.0,2042.0,409.0,166563.0,613427.0,19684.0,,
1998-09-25,1456.0,1621.0,471.0,339502.0,351258.0,33156.0,,
1998-09-28,1784.0,1285.0,466.0,376233.0,279217.0,27257.0,,
1998-09-29,1526.0,1536.0,486.0,294431.0,430403.0,18367.0,,
1998-09-30,1203.0,1936.0,386.0,141077.0,640094.0,16596.0,,
1998-10-01,809.0,2424.0,295.0,144189.0,720818.0,21661.0,,
1998-10-02,1755.0,1319.0,444.0,573422.0,302021.0,21883.0,,
1998-10-05,790.0,2410.0,333.0,204479.0,584094.0,14170.0,,
1998-10-06,1343.0,1702.0,479.0,348298.0,461232.0,26193.0,,
1998-10-07,1012.0,2136.0,400.0,313429.0,640135.0,10937.0,,
1998-10-08,615.0,2651.0,294.0,351216.0,753451.0,4874.0,,
1998-10-09,1911.0,1266.0,380.0,647562.0,216272.0,12245.0,,
1998-10-12,2134.0,993.0,380.0,483223.0,191933.0,13103.0,,
1998-10-13,1315.0,1784.0,426.0,258881.0,441743.0,25254.0,,
1998-10-14,1864.0,1188.0,463.0,480120.0,281127.0,21633.0,,
1998-10-15,2467.0,682.0,386.0,817752.0,93631.0,15925.0,,
1998-10-16,2112.0,1035.0,392.0,697991.0,303750.0,17865.0,,
1998-10-19,2015.0,1123.0,389.0,443819.0,250689.0,20277.0,,
1998-10-20,2143.0,1016.0,383.0,619279.0,308554.0,19642.0,,
1998-10-21,1595.0,1498.0,432.0,378746.0,338250.0,23015.0,,
1998-10-22,1852.0,1228.0,462.0,481815.0,238257.0,22569.0,,
1998-10-23,1292.0,1709.0,511.0,257456.0,358105.0,16749.0,,
1998-10-26,1788.0,1331.0,414.0,324257.0,246239.0,29728.0,,
1998-10-27,1461.0,1599.0,486.0,330130.0,413158.0,13874.0,,
1998-10-28,1456.0,1535.0,523.0,344571.0,311835.0,18763.0,,
1998-10-29,1886.0,1173.0,455.0,491546.0,182293.0,21161.0,,
1998-10-30,2215.0,880.0,442.0,576868.0,176314.0,19489.0,,
1998-11-02,2313.0,830.0,393.0,553034.0,178656.0,20279.0,,
1998-11-03,1617.0,1450.0,487.0,336996.0,324182.0,34291.0,,
1998-11-04,2062.0,1027.0,459.0,567298.0,250046.0,38444.0,,
1998-11-05,1839.0,1241.0,456.0,512859.0,229455.0,21381.0,,
1998-11-06,1734.0,1355.0,464.0,400588.0,257076.0,22288.0,,
1998-11-09,1107.0,1934.0,492.0,167749.0,395124.0,27480.0,,
1998-11-10,1270.0,1815.0,446.0,248411.0,389951.0,29089.0,,
1998-11-11,1215.0,1797.0,500.0,292160.0,405882.0,15332.0,,
1998-11-12,1350.0,1681.0,496.0,268383.0,390032.0,1833.0,,
1998-11-13,1494.0,1516.0,492.0,349653.0,224507.0,26335.0,,
1998-11-16,1649.0,1389.0,501.0,367437.0,222275.0,20367.0,,
1998-11-17,1487.0,1502.0,549.0,344418.0,323787.0,30823.0,,
1998-11-18,1514.0,1545.0,488.0,353132.0,269123.0,28254.0,,
1998-11-19,1714.0,1267.0,549.0,372453.0,253705.0,43230.0,,
1998-11-20,1760.0,1250.0,525.0,475428.0,217958.0,24367.0,,
1998-11-23,1864.0,1241.0,475.0,530262.0,204833.0,29285.0,,
1998-11-24,1451.0,1649.0,485.0,322519.0,410005.0,31317.0,,
1998-11-25,1582.0,1432.0,507.0,310439.0,251777.0,19974.0,,
1998-11-27,1493.0,1206.0,586.0,154963.0,90948.0,10893.0,,
1998-11-30,1108.0,2049.0,407.0,148859.0,526330.0,10692.0,,
1998-12-01,1494.0,1596.0,484.0,383107.0,378132.0,20731.0,,
1998-12-02,1348.0,1737.0,474.0,301520.0,397690.0,25195.0,,
1998-12-03,1168.0,1925.0,460.0,227281.0,550207.0,19715.0,,
1998-12-04,1969.0,1043.0,538.0,528373.0,145922.0,31839.0,,
1998-12-07,1724.0,1330.0,504.0,406724.0,217526.0,30422.0,,
1998-12-08,1281.0,1795.0,491.0,290983.0,408710.0,23376.0,,
1998-12-09,1444.0,1550.0,561.0,334035.0,318280.0,39931.0,,
1998-12-10,943.0,2118.0,492.0,194543.0,529570.0,22348.0,,
1998-12-11,1216.0,1832.0,514.0,273827.0,380699.0,26849.0,,
1998-12-14,830.0,2282.0,455.0,143794.0,539557.0,11811.0,,
1998-12-15,1611.0,1488.0,479.0,483252.0,265340.0,26129.0,,
1998-12-16,1522.0,1583.0,473.0,377220.0,316174.0,27758.0,,
1998-12-17,1742.0,1289.0,535.0,455135.0,259827.0,22340.0,,
1998-12-18,1617.0,1455.0,495.0,407651.0,389065.0,39028.0,,
1998-12-21,1745.0,1366.0,463.0,447377.0,263451.0,31453.0,,
1998-12-22,1289.0,1755.0,524.0,304538.0,339312.0,34505.0,,
1998-12-23,1927.0,1096.0,538.0,496573.0,162403.0,31006.0,,
1998-12-24,1475.0,1318.0,601.0,131022.0,100642.0,15105.0,,
1998-12-28,1418.0,1666.0,487.0,230799.0,277655.0,18025.0,,
1998-12-29,1784.0,1255.0,528.0,364386.0,183090.0,34817.0,,
1998-12-30,1620.0,1407.0,531.0,275471.0,290396.0,26129.0,,
1998-12-31,2319.0,801.0,438.0,451994.0,179922.0,7055.0,,
1999-01-04,1742.0,1446.0,414.0,384705.0,472833.0,17657.0,,
1999-01-05,1738.0,1354.0,487.0,493922.0,255772.0,23935.0,,
1999-01-06,2009.0,1120.0,443.0,773075.0,186587.0,17566.0,,
1999-01-07,1142.0,1954.0,478.0,396666.0,432202.0,22021.0,,
1999-01-08,1529.0,1518.0,537.0,493889.0,405661.0,34456.0,,
1999-01-11,1118.0,1970.0,502.0,316069.0,465963.0,28700.0,,
1999-01-12,908.0,2186.0,460.0,185349.0,585664.0,18428.0,,
1999-01-13,1026.0,2119.0,429.0,276331.0,621961.0,31643.0,,
1999-01-14,903.0,2161.0,483.0,158108.0,613211.0,22360.0,,
1999-01-15,2183.0,879.0,493.0,639713.0,133728.0,19161.0,,
1999-01-19,1553.0,1520.0,506.0,367781.0,385780.0,28885.0,,
1999-01-20,1478.0,1587.0,511.0,447229.0,426813.0,25128.0,,
1999-01-21,1129.0,1953.0,495.0,253571.0,596857.0,15781.0,,
1999-01-22,1241.0,1811.0,503.0,283553.0,466055.0,23803.0,,
1999-01-25,1461.0,1553.0,541.0,407254.0,288834.0,26598.0,,
1999-01-26,1587.0,1464.0,525.0,453795.0,385131.0,33494.0,,
1999-01-27,1074.0,1955.0,539.0,313486.0,539713.0,35428.0,,
1999-01-28,1561.0,1454.0,534.0,499356.0,310792.0,36470.0,,
1999-01-29,1705.0,1332.0,522.0,537652.0,335874.0,33409.0,,
1999-02-01,1386.0,1665.0,514.0,352885.0,415401.0,26668.0,,
1999-02-02,1125.0,1921.0,499.0,316208.0,479077.0,40666.0,,
1999-02-03,1645.0,1391.0,528.0,550931.0,279985.0,39034.0,,
1999-02-04,1104.0,1943.0,530.0,282792.0,548342.0,20597.0,,
1999-02-05,1182.0,1795.0,571.0,358979.0,480092.0,27364.0,,
1999-02-08,1403.0,1595.0,583.0,327254.0,339901.0,36516.0,,
1999-02-09,1014.0,2027.0,533.0,141909.0,540839.0,25931.0,,
1999-02-10,1177.0,1855.0,522.0,364009.0,331618.0,23751.0,,
1999-02-11,1787.0,1202.0,583.0,523082.0,239710.0,30044.0,,
1999-02-12,830.0,2228.0,497.0,157826.0,492494.0,33267.0,,
1999-02-16,1541.0,1550.0,473.0,358761.0,265709.0,21950.0,,
1999-02-17,1102.0,1938.0,546.0,196592.0,508742.0,21881.0,,
1999-02-18,1766.0,1255.0,558.0,451014.0,251611.0,35834.0,,
1999-02-19,1424.0,1523.0,606.0,354063.0,317459.0,25413.0,,
1999-02-22,1962.0,1063.0,541.0,565744.0,122633.0,27205.0,,
1999-02-23,1273.0,1724.0,584.0,337952.0,398419.0,29180.0,,
1999-02-24,1236.0,1795.0,549.0,265644.0,479896.0,18853.0,,
1999-02-25,1062.0,1966.0,537.0,234020.0,472989.0,30127.0,,
1999-02-26,1467.0,1511.0,557.0,303815.0,428696.0,30340.0,,
1999-03-01,1413.0,1600.0,543.0,310840.0,350079.0,29706.0,,
1999-03-02,1433.0,1555.0,562.0,319944.0,399255.0,24814.0,,
1999-03-03,1322.0,1654.0,566.0,350709.0,365107.0,29404.0,,
1999-03-04,1725.0,1198.0,606.0,512811.0,231197.0,24779.0,,
1999-03-05,2079.0,927.0,563.0,644253.0,148636.0,35185.0,,
1999-03-08,1372.0,1631.0,564.0,390970.0,288806.0,25285.0,,
1999-03-09,1367.0,1674.0,546.0,329593.0,440770.0,22664.0,,
1999-03-10,1673.0,1349.0,544.0,492706.0,310811.0,29065.0,,
1999-03-11,1748.0,1256.0,564.0,536394.0,323638.0,42585.0,,
1999-03-12,1407.0,1561.0,601.0,375333.0,384126.0,56437.0,,
1999-03-15,1547.0,1431.0,597.0,401865.0,299088.0,23555.0,,
1999-03-16,1318.0,1682.0,570.0,356827.0,359529.0,22416.0,,
1999-03-17,1371.0,1618.0,576.0,347812.0,359178.0,42795.0,,
1999-03-18,1572.0,1386.0,605.0,546739.0,252342.0,28311.0,,
1999-03-19,1185.0,1829.0,568.0,278361.0,601133.0,31910.0,,
1999-03-22,1240.0,1743.0,563.0,309859.0,321856.0,24473.0,,
1999-03-23,678.0,2357.0,507.0,111970.0,682576.0,14112.0,,
1999-03-24,1526.0,1440.0,570.0,403332.0,329294.0,27069.0,,
1999-03-25,1908.0,1059.0,599.0,546015.0,196009.0,35594.0,,
1999-03-26,1370.0,1629.0,529.0,294053.0,368831.0,27088.0,,
1999-03-29,1841.0,1143.0,558.0,555874.0,166274.0,20790.0,,
1999-03-30,1284.0,1716.0,567.0,258403.0,447576.0,19506.0,,
1999-03-31,1433.0,1663.0,476.0,344267.0,560152.0,17643.0,,
1999-04-01,1538.0,1474.0,549.0,351504.0,321470.0,28125.0,,
1999-04-05,1695.0,1318.0,555.0,475393.0,189007.0,30012.0,,
1999-04-06,1192.0,1797.0,588.0,339234.0,408498.0,38144.0,,
1999-04-07,1390.0,1601.0,575.0,410812.0,380151.0,22399.0,,
1999-04-08,1728.0,1268.0,579.0,559167.0,253971.0,25690.0,,
1999-04-09,1731.0,1287.0,549.0,413557.0,253999.0,39684.0,,
1999-04-12,1676.0,1307.0,599.0,454655.0,329203.0,22972.0,,
1999-04-13,1562.0,1480.0,538.0,401185.0,377733.0,29097.0,,
1999-04-14,1766.0,1285.0,532.0,510788.0,417780.0,21110.0,,
1999-04-15,1781.0,1295.0,490.0,579000.0,485106.0,15148.0,,
1999-04-16,2060.0,1022.0,476.0,606681.0,363026.0,28587.0,,
1999-04-19,1944.0,1201.0,432.0,591772.0,592420.0,19915.0,,
1999-04-20,1412.0,1670.0,485.0,541716.0,409613.0,24548.0,,
1999-04-21,1954.0,1114.0,485.0,602108.0,277600.0,34791.0,,
1999-04-22,1705.0,1307.0,545.0,539068.0,349442.0,29844.0,,
1999-04-23,1552.0,1407.0,578.0,316195.0,403994.0,21293.0,,
1999-04-26,1403.0,1615.0,535.0,341970.0,334361.0,30277.0,,
1999-04-27,1781.0,1264.0,538.0,548016.0,310620.0,29572.0,,
1999-04-28,1753.0,1279.0,510.0,485561.0,436765.0,20027.0,,
1999-04-29,1664.0,1322.0,556.0,498282.0,436804.0,27366.0,,
1999-04-30,1356.0,1673.0,517.0,369619.0,521166.0,43559.0,,
1999-05-03,2027.0,1015.0,519.0,621838.0,164295.0,19532.0,,
1999-05-04,1392.0,1597.0,576.0,338933.0,532019.0,54923.0,,
1999-05-05,1565.0,1444.0,553.0,534519.0,338052.0,17221.0,,
1999-05-06,1503.0,1490.0,558.0,384978.0,458387.0,30345.0,,
1999-05-07,1657.0,1331.0,573.0,488684.0,297240.0,27344.0,,
1999-05-10,1758.0,1271.0,531.0,395851.0,346463.0,20513.0,,
1999-05-11,1718.0,1323.0,537.0,507320.0,293321.0,35464.0,,
1999-05-12,1391.0,1645.0,528.0,457252.0,339696.0,27062.0,,
1999-05-13,1842.0,1201.0,537.0,485007.0,269632.0,30702.0,,
1999-05-14,680.0,2409.0,466.0,116065.0,580448.0,27176.0,,
1999-05-17,1071.0,1990.0,489.0,247438.0,397762.0,18793.0,,
1999-05-18,1370.0,1610.0,563.0,309575.0,400308.0,26417.0,,
1999-05-19,1762.0,1270.0,531.0,481487.0,267218.0,19036.0,,
1999-05-20,1757.0,1218.0,572.0,386869.0,324705.0,32428.0,,
1999-05-21,1620.0,1358.0,557.0,313031.0,345882.0,26576.0,,
1999-05-24,956.0,2049.0,540.0,149856.0,565233.0,19897.0,,
1999-05-25,1096.0,1937.0,532.0,211142.0,588433.0,16699.0,,
1999-05-26,1469.0,1499.0,565.0,544220.0,293986.0,30181.0,,
1999-05-27,1044.0,1929.0,555.0,228182.0,557336.0,23665.0,,
1999-05-28,1964.0,975.0,584.0,444989.0,175223.0,28716.0,,
1999-06-01,1416.0,1578.0,541.0,297567.0,340692.0,43733.0,,
1999-06-02,1360.0,1631.0,573.0,315174.0,383253.0,27713.0,,
1999-06-03,1624.0,1325.0,606.0,435617.0,250571.0,29959.0,,
1999-06-04,1846.0,1111.0,602.0,475409.0,192426.0,22079.0,,
1999-06-07,1748.0,1256.0,560.0,384098.0,238912.0,30362.0,,
1999-06-08,1169.0,1821.0,590.0,233171.0,422229.0,25230.0,,
1999-06-09,1392.0,1555.0,591.0,301835.0,315184.0,30314.0,,
1999-06-10,1027.0,1944.0,577.0,228949.0,447115.0,24437.0,,
1999-06-11,1312.0,1706.0,529.0,282327.0,366874.0,38507.0,,
1999-06-14,1320.0,1702.0,541.0,283247.0,358073.0,25983.0,,
1999-06-15,1657.0,1363.0,551.0,397323.0,258795.0,36988.0,,
1999-06-16,2000.0,1054.0,511.0,561424.0,210506.0,24929.0,,
1999-06-17,1851.0,1196.0,517.0,426558.0,247442.0,20655.0,,
1999-06-18,1569.0,1409.0,594.0,464647.0,396295.0,41362.0,,
1999-06-21,1596.0,1417.0,546.0,359845.0,288977.0,27304.0,,
1999-06-22,1299.0,1681.0,573.0,258993.0,423058.0,22240.0,,
1999-06-23,1259.0,1760.0,554.0,304346.0,392054.0,27022.0,,
1999-06-24,949.0,1984.0,597.0,154401.0,508445.0,25335.0,,
1999-06-25,1499.0,1448.0,593.0,279867.0,287579.0,42308.0,,
1999-06-28,1854.0,1155.0,537.0,406718.0,210740.0,23678.0,,
1999-06-29,1863.0,1105.0,593.0,567952.0,214128.0,29446.0,,
1999-06-30,1922.0,1145.0,483.0,753717.0,321155.0,39275.0,,
1999-07-01,1694.0,1383.0,492.0,499234.0,300521.0,28818.0,,
1999-07-02,1691.0,1219.0,628.0,326562.0,221541.0,35639.0,,
1999-07-06,1462.0,1610.0,489.0,351070.0,343949.0,23448.0,,
1999-07-07,1307.0,1691.0,563.0,350741.0,399510.0,26575.0,,
1999-07-08,1315.0,1684.0,541.0,319627.0,459738.0,40658.0,,
1999-07-09,1803.0,1142.0,614.0,424196.0,250934.0,23434.0,,
1999-07-12,1391.0,1626.0,547.0,291876.0,349248.0,23321.0,,
1999-07-13,1290.0,1724.0,560.0,276201.0,424310.0,33270.0,,
1999-07-14,1535.0,1402.0,601.0,385457.0,320638.0,39436.0,,
1999-07-15,1835.0,1092.0,622.0,458462.0,299948.0,38377.0,,
1999-07-16,1474.0,1481.0,603.0,374292.0,302258.0,33498.0,,
1999-07-19,1208.0,1736.0,594.0,201619.0,405313.0,29770.0,,
1999-07-20,897.0,2056.0,579.0,156886.0,569960.0,25178.0,,
1999-07-21,1525.0,1409.0,616.0,406546.0,342813.0,33577.0,,
1999-07-22,1106.0,1811.0,617.0,261175.0,480254.0,30288.0,,
1999-07-23,1001.0,1949.0,574.0,203705.0,394226.0,31036.0,,
1999-07-26,979.0,2043.0,510.0,227756.0,365750.0,17669.0,,
1999-07-27,1632.0,1362.0,556.0,446474.0,236735.0,31445.0,,
1999-07-28,1374.0,1602.0,575.0,355343.0,303392.0,30193.0,,
1999-07-29,809.0,2242.0,498.0,168581.0,561108.0,32312.0,,
1999-07-30,1533.0,1456.0,520.0,252176.0,444051.0,25061.0,,
1999-08-02,1225.0,1763.0,540.0,281830.0,322813.0,18277.0,,
1999-08-03,1128.0,1866.0,548.0,232972.0,472706.0,23677.0,,
1999-08-04,1006.0,2007.0,521.0,213184.0,542882.0,25171.0,,
1999-08-05,1208.0,1806.0,515.0,428050.0,398853.0,27305.0,,
1999-08-06,987.0,1978.0,535.0,210316.0,461150.0,24641.0,,
1999-08-09,1203.0,1810.0,533.0,330683.0,320684.0,23240.0,,
1999-08-10,797.0,2301.0,458.0,195715.0,614136.0,21787.0,,
1999-08-11,1881.0,1147.0,538.0,560547.0,186858.0,35392.0,,
1999-08-12,1514.0,1537.0,507.0,387722.0,332743.0,21938.0,,
1999-08-13,1948.0,1079.0,517.0,496422.0,179494.0,14051.0,,
1999-08-16,1424.0,1557.0,550.0,282522.0,267745.0,26722.0,,
1999-08-17,1845.0,1150.0,541.0,429986.0,232018.0,27880.0,,
1999-08-18,1195.0,1799.0,545.0,236501.0,413287.0,26943.0,,
1999-08-19,1382.0,1643.0,521.0,278262.0,366665.0,28751.0,,
1999-08-20,1737.0,1227.0,561.0,419223.0,216038.0,22837.0,,
1999-08-23,1724.0,1271.0,548.0,469588.0,172447.0,31727.0,,
1999-08-24,1298.0,1707.0,563.0,325065.0,366775.0,27158.0,,
1999-08-25,1607.0,1429.0,500.0,468939.0,342401.0,29484.0,,
1999-08-26,1191.0,1790.0,548.0,217273.0,468523.0,23369.0,,
1999-08-27,1140.0,1778.0,586.0,146502.0,377056.0,29621.0,,
1999-08-30,864.0,2144.0,523.0,111157.0,465056.0,19355.0,,
1999-08-31,1327.0,1666.0,577.0,296412.0,507806.0,34186.0,,
1999-09-01,1715.0,1288.0,522.0,408089.0,260862.0,28194.0,,
1999-09-02,874.0,2078.0,574.0,174265.0,473809.0,36274.0,,
1999-09-03,2292.0,710.0,501.0,534541.0,105250.0,14741.0,,
1999-09-07,1354.0,1665.0,534.0,327059.0,364808.0,15429.0,,
1999-09-08,1193.0,1781.0,574.0,307595.0,441442.0,30198.0,,
1999-09-09,1485.0,1477.0,569.0,396142.0,343831.0,26959.0,,
1999-09-10,1608.0,1329.0,585.0,396566.0,368105.0,37838.0,,
1999-09-13,1221.0,1754.0,554.0,248814.0,353089.0,50321.0,,
1999-09-14,871.0,2157.0,496.0,227108.0,470561.0,22275.0,,
1999-09-15,1201.0,1772.0,538.0,228224.0,521169.0,30192.0,,
1999-09-16,916.0,2063.0,530.0,289772.0,405380.0,28068.0,,
1999-09-17,1685.0,1272.0,577.0,528834.0,283161.0,30639.0,,
1999-09-20,1197.0,1757.0,540.0,225407.0,324012.0,15532.0,,
1999-09-21,696.0,2363.0,493.0,132488.0,632838.0,20007.0,,
1999-09-22,1248.0,1711.0,574.0,350117.0,423168.0,34942.0,,
1999-09-23,902.0,2185.0,477.0,191415.0,655850.0,26715.0,,
1999-09-24,1176.0,1828.0,521.0,340532.0,491947.0,33618.0,,
1999-09-27,1775.0,1265.0,517.0,450653.0,299321.0,26262.0,,
1999-09-28,1130.0,1899.0,517.0,346299.0,492416.0,38239.0,,
1999-09-29,1610.0,1465.0,487.0,376954.0,453143.0,20763.0,,
1999-09-30,1921.0,1183.0,460.0,604743.0,388137.0,20047.0,,
1999-10-01,1256.0,1796.0,502.0,409022.0,462605.0,20240.0,,
1999-10-04,1768.0,1262.0,519.0,531047.0,244862.0,20022.0,,
1999-10-05,1246.0,1793.0,501.0,390363.0,534635.0,29234.0,,
1999-10-06,1754.0,1268.0,526.0,641052.0,203615.0,44166.0,,
1999-10-07,1244.0,1715.0,573.0,313910.0,462213.0,25566.0,,
1999-10-08,1443.0,1547.0,522.0,442513.0,433665.0,17177.0,,
1999-10-11,1391.0,1562.0,552.0,364536.0,268684.0,20527.0,,
1999-10-12,869.0,2169.0,511.0,177265.0,570492.0,21341.0,,
1999-10-13,932.0,2149.0,473.0,177792.0,617953.0,18026.0,,
1999-10-14,1157.0,1841.0,537.0,385552.0,469607.0,24119.0,,
1999-10-15,684.0,2402.0,437.0,174914.0,716139.0,16507.0,,
1999-10-18,1119.0,1961.0,459.0,361364.0,413283.0,23483.0,,
1999-10-19,1642.0,1414.0,477.0,493942.0,381351.0,24744.0,,
1999-10-20,1634.0,1390.0,516.0,590708.0,305952.0,20841.0,,
1999-10-21,1162.0,1888.0,481.0,367261.0,584864.0,32540.0,,
1999-10-22,1948.0,1075.0,525.0,671311.0,260506.0,20102.0,,
1999-10-25,1203.0,1849.0,504.0,291385.0,452626.0,21620.0,,
1999-10-26,1187.0,1878.0,487.0,319260.0,525920.0,23779.0,,
1999-10-27,1739.0,1311.0,506.0,495842.0,360099.0,38446.0,,
1999-10-28,2193.0,910.0,447.0,931579.0,161488.0,23207.0,,
1999-10-29,2178.0,974.0,399.0,715727.0,298001.0,70278.0,,
1999-11-01,1540.0,1525.0,441.0,364294.0,447060.0,23193.0,,
1999-11-02,1660.0,1353.0,515.0,423148.0,449677.0,25453.0,,
1999-11-03,1678.0,1392.0,486.0,468805.0,384237.0,47843.0,,
1999-11-04,1579.0,1463.0,500.0,544295.0,391085.0,35329.0,,
1999-11-05,1754.0,1304.0,483.0,511378.0,436068.0,53906.0,,
1999-11-08,1356.0,1701.0,474.0,438500.0,331291.0,27564.0,,
1999-11-09,1311.0,1717.0,523.0,322796.0,459596.0,66279.0,,
1999-11-10,1404.0,1625.0,522.0,566452.0,342986.0,71842.0,,
1999-11-11,1265.0,1720.0,546.0,450604.0,387949.0,40688.0,,
1999-11-12,1664.0,1320.0,542.0,511820.0,321206.0,62243.0,,
1999-11-15,1545.0,1502.0,493.0,423366.0,305449.0,63735.0,,
1999-11-16,1790.0,1253.0,512.0,627028.0,272568.0,36282.0,,
1999-11-17,1183.0,1872.0,487.0,415514.0,460109.0,63070.0,,
1999-11-18,1498.0,1541.0,499.0,615061.0,333619.0,54694.0,,
1999-11-19,1137.0,1896.0,496.0,352224.0,458443.0,63650.0,,
1999-11-22,903.0,2189.0,463.0,310203.0,504515.0,46073.0,,
1999-11-23,886.0,2203.0,456.0,266047.0,598559.0,49261.0,,
1999-11-24,1384.0,1630.0,525.0,392757.0,271664.0,68547.0,,
1999-11-29,912.0,2181.0,452.0,299537.0,500615.0,63749.0,,
1999-11-30,1519.0,1576.0,477.0,386088.0,464548.0,96221.0,,
1999-12-01,1343.0,1719.0,462.0,444915.0,364649.0,71956.0,,
1999-12-02,1530.0,1502.0,491.0,454755.0,406237.0,29079.0,,
1999-12-03,1823.0,1252.0,467.0,666345.0,284673.0,33602.0,,
1999-12-06,1106.0,1959.0,497.0,310610.0,567159.0,28803.0,,
1999-12-07,1038.0,2006.0,505.0,316463.0,597942.0,131486.0,,
1999-12-08,1116.0,1955.0,472.0,367510.0,516310.0,57614.0,,
1999-12-09,1224.0,1857.0,475.0,458356.0,577148.0,71205.0,,
1999-12-10,1554.0,1482.0,515.0,550189.0,389560.0,41597.0,,
1999-12-13,1230.0,1847.0,479.0,388433.0,549134.0,33436.0,,
1999-12-14,1029.0,2073.0,439.0,356553.0,562637.0,98272.0,,
1999-12-15,1380.0,1702.0,468.0,457913.0,470494.0,94182.0,,
1999-12-16,1451.0,1631.0,479.0,508286.0,499985.0,59150.0,,
1999-12-17,1737.0,1363.0,450.0,626583.0,596846.0,123640.0,,
1999-12-20,1289.0,1815.0,444.0,345308.0,494700.0,55785.0,,
1999-12-21,1536.0,1534.0,472.0,515247.0,362795.0,79459.0,,
1999-12-22,1408.0,1710.0,431.0,396827.0,391341.0,55998.0,,
1999-12-23,1907.0,1141.0,495.0,519889.0,156531.0,50460.0,,
1999-12-27,1324.0,1781.0,437.0,284668.0,371463.0,60841.0,,
1999-12-28,1557.0,1522.0,478.0,320686.0,280221.0,53267.0,,
1999-12-29,1948.0,1141.0,456.0,348372.0,172973.0,44858.0,,
1999-12-30,1767.0,1359.0,427.0,294041.0,223846.0,35215.0,,
1999-12-31,1989.0,1023.0,494.0,194545.0,117164.0,60887.0,,
2000-01-03,1079.0,2140.0,308.0,284625.0,620946.0,15765.0,,
2000-01-04,909.0,2236.0,394.0,151760.0,807748.0,24105.0,,
2000-01-05,1785.0,1320.0,413.0,524748.0,471580.0,71887.0,,
2000-01-06,1941.0,1171.0,410.0,635969.0,382392.0,58865.0,,
2000-01-07,2225.0,886.0,409.0,803287.0,350268.0,59381.0,,
2000-01-10,1757.0,1367.0,420.0,545954.0,426177.0,60751.0,,
2000-01-11,994.0,2109.0,430.0,319666.0,603806.0,70234.0,,
2000-01-12,1328.0,1732.0,449.0,411151.0,485685.0,71948.0,,
2000-01-13,1869.0,1171.0,455.0,682397.0,262855.0,78769.0,,
2000-01-14,1630.0,1370.0,517.0,582361.0,403048.0,85553.0,,
2000-01-18,1289.0,1787.0,460.0,378554.0,558698.0,77736.0,,
2000-01-19,1449.0,1560.0,507.0,503376.0,482040.0,71930.0,,
2000-01-20,1178.0,1875.0,463.0,396336.0,637250.0,62117.0,,
2000-01-21,1284.0,1756.0,469.0,513006.0,609836.0,83468.0,,
2000-01-24,1033.0,2019.0,466.0,295134.0,755983.0,53554.0,,
2000-01-25,1217.0,1800.0,481.0,423665.0,564421.0,69811.0,,
2000-01-26,1698.0,1356.0,445.0,576140.0,470144.0,64499.0,,
2000-01-27,1456.0,1583.0,478.0,524724.0,529468.0,60671.0,,
2000-01-28,944.0,2060.0,507.0,212820.0,735557.0,127685.0,,
2000-01-31,1452.0,1613.0,441.0,547425.0,298926.0,121773.0,,
2000-02-01,1634.0,1341.0,524.0,532431.0,362257.0,79691.0,,
2000-02-02,1657.0,1353.0,512.0,506290.0,443451.0,79697.0,,
2000-02-03,2018.0,1077.0,423.0,580895.0,437033.0,89598.0,,
2000-02-04,1412.0,1572.0,512.0,411637.0,553503.0,67517.0,,
2000-02-07,1207.0,1801.0,489.0,332447.0,512710.0,69974.0,,
2000-02-08,1547.0,1466.0,482.0,545244.0,418600.0,80344.0,,
2000-02-09,1002.0,1995.0,499.0,251222.0,700067.0,90031.0,,
2000-02-10,1200.0,1822.0,474.0,431421.0,543596.0,70639.0,,
2000-02-11,1067.0,1960.0,456.0,265939.0,679527.0,76783.0,,
2000-02-14,1402.0,1595.0,508.0,380241.0,463800.0,79602.0,,
2000-02-15,1512.0,1504.0,496.0,608288.0,371140.0,101114.0,,
2000-02-16,1273.0,1737.0,470.0,361274.0,552148.0,97924.0,,
2000-02-17,1398.0,1611.0,492.0,453239.0,497051.0,79309.0,,
2000-02-18,716.0,2288.0,459.0,147775.0,818668.0,62651.0,,
2000-02-22,1347.0,1675.0,465.0,511993.0,362773.0,96260.0,,
2000-02-23,1237.0,1751.0,483.0,360481.0,533939.0,81057.0,,
2000-02-24,1017.0,2001.0,463.0,394444.0,699851.0,73561.0,,
2000-02-25,1143.0,1815.0,508.0,349593.0,625885.0,79668.0,,
2000-02-28,1451.0,1508.0,517.0,641343.0,337110.0,44063.0,,
2000-02-29,1794.0,1179.0,521.0,666187.0,372134.0,138718.0,,
2000-03-01,1543.0,1495.0,459.0,776861.0,418284.0,67839.0,,
2000-03-02,1253.0,1679.0,533.0,528737.0,572333.0,81668.0,,
2000-03-03,1688.0,1286.0,511.0,723518.0,349347.0,72751.0,,
2000-03-06,1098.0,1949.0,423.0,339390.0,611039.0,70430.0,,
2000-03-07,974.0,2061.0,450.0,295476.0,928370.0,74845.0,,
2000-03-08,1383.0,1570.0,486.0,602942.0,516941.0,74087.0,,
2000-03-09,1635.0,1309.0,512.0,734123.0,300778.0,84520.0,,
2000-03-10,1221.0,1719.0,508.0,487555.0,556794.0,88658.0,,
2000-03-13,1151.0,1866.0,446.0,376330.0,508246.0,107799.0,,
2000-03-14,1289.0,1682.0,488.0,421362.0,576030.0,86951.0,,
2000-03-15,1916.0,1127.0,411.0,878025.0,330126.0,87864.0,,
2000-03-16,2392.0,676.0,412.0,1274315.0,127832.0,74133.0,,
2000-03-17,1393.0,1606.0,462.0,562270.0,632552.0,96319.0,,
2000-03-20,1383.0,1587.0,456.0,401396.0,444913.0,66604.0,,
2000-03-21,1731.0,1213.0,501.0,656748.0,306663.0,87516.0,,
2000-03-22,1597.0,1349.0,498.0,516089.0,472919.0,82624.0,,
2000-03-23,1833.0,1157.0,478.0,648961.0,325241.0,89028.0,,
2000-03-24,1400.0,1514.0,524.0,458782.0,484671.0,84484.0,,
2000-03-27,1270.0,1682.0,502.0,365559.0,480099.0,30600.0,,
2000-03-28,1351.0,1655.0,469.0,393854.0,515455.0,38670.0,,
2000-03-29,1606.0,1355.0,477.0,525259.0,445826.0,68279.0,,
2000-03-30,1555.0,1445.0,458.0,561310.0,568189.0,40238.0,,
2000-03-31,2027.0,999.0,431.0,673492.0,319622.0,203701.0,,
2000-04-03,1537.0,1529.0,387.0,598663.0,342244.0,387693.0,,
2000-04-04,1007.0,2072.0,381.0,515403.0,914769.0,73506.0,,
2000-04-05,1636.0,1340.0,460.0,571482.0,463535.0,80018.0,,
2000-04-06,1816.0,1173.0,454.0,625186.0,290105.0,84080.0,,
2000-04-07,1451.0,1438.0,535.0,391917.0,428922.0,67548.0,,
2000-04-10,1415.0,1569.0,449.0,395427.0,391804.0,62944.0,,
2000-04-11,1485.0,1453.0,498.0,508195.0,397512.0,61444.0,,
2000-04-12,1527.0,1428.0,471.0,558311.0,514365.0,70795.0,,
2000-04-13,1257.0,1698.0,480.0,320563.0,625950.0,79055.0,,
2000-04-14,401.0,2665.0,356.0,40067.0,1146489.0,64355.0,,
2000-04-17,1254.0,1742.0,425.0,677648.0,453791.0,63514.0,,
2000-04-18,1926.0,1048.0,451.0,766594.0,256001.0,65946.0,,
2000-04-19,1435.0,1486.0,488.0,489130.0,432463.0,74871.0,,
2000-04-20,1638.0,1235.0,518.0,466779.0,360354.0,60945.0,,
2000-04-24,1285.0,1658.0,457.0,420454.0,403031.0,42413.0,,
2000-04-25,2137.0,863.0,431.0,787394.0,204348.0,67833.0,,
2000-04-26,1396.0,1557.0,472.0,397692.0,519660.0,62355.0,,
2000-04-27,1258.0,1653.0,497.0,485070.0,534330.0,83949.0,,
2000-04-28,1658.0,1243.0,502.0,373821.0,477801.0,118718.0,,
2000-05-01,1900.0,1086.0,433.0,583612.0,273313.0,86925.0,,
2000-05-02,1250.0,1718.0,435.0,397162.0,539822.0,70424.0,,
2000-05-03,815.0,2149.0,442.0,166158.0,758147.0,61796.0,,
2000-05-04,1535.0,1359.0,456.0,407231.0,419607.0,83052.0,,
2000-05-05,1608.0,1297.0,484.0,473749.0,254563.0,68017.0,,
2000-05-08,1219.0,1732.0,442.0,406232.0,316694.0,56524.0,,
2000-05-09,1264.0,1610.0,514.0,331699.0,479143.0,78989.0,,
2000-05-10,864.0,2113.0,427.0,248509.0,650521.0,73285.0,,
2000-05-11,1921.0,966.0,495.0,643781.0,221116.0,82505.0,,
2000-05-12,1574.0,1334.0,490.0,568385.0,231168.0,54318.0,,
2000-05-15,1724.0,1169.0,505.0,598100.0,190152.0,57541.0,,
2000-05-16,1638.0,1293.0,478.0,504794.0,380169.0,60975.0,,
2000-05-17,1007.0,1878.0,494.0,252877.0,500296.0,60510.0,,
2000-05-18,1271.0,1593.0,501.0,359110.0,384623.0,60392.0,,
2000-05-19,936.0,1934.0,481.0,172041.0,605116.0,73378.0,,
2000-05-22,1139.0,1770.0,453.0,298432.0,497416.0,72302.0,,
2000-05-23,1362.0,1529.0,500.0,340645.0,459386.0,62196.0,,
2000-05-24,1397.0,1493.0,504.0,606660.0,455476.0,69404.0,,
2000-05-25,1293.0,1600.0,514.0,330427.0,567000.0,73043.0,,
2000-05-26,1479.0,1362.0,497.0,330301.0,343923.0,45657.0,,
2000-05-30,1997.0,927.0,472.0,586065.0,170362.0,60163.0,,
2000-05-31,1682.0,1291.0,448.0,454189.0,383129.0,113005.0,,
2000-06-01,2036.0,925.0,411.0,613290.0,260269.0,77617.0,,
2000-06-02,2184.0,858.0,347.0,729162.0,335704.0,89680.0,,
2000-06-05,1308.0,1622.0,445.0,304791.0,459449.0,67033.0,,
2000-06-06,1507.0,1409.0,478.0,383735.0,470117.0,82255.0,,
2000-06-07,1532.0,1357.0,511.0,414593.0,345256.0,80343.0,,
2000-06-08,1308.0,1594.0,487.0,311295.0,459988.0,71004.0,,
2000-06-09,1672.0,1171.0,519.0,332154.0,382329.0,68158.0,,
2000-06-12,1381.0,1515.0,500.0,305195.0,377561.0,69216.0,,
2000-06-13,1700.0,1231.0,462.0,502721.0,323346.0,84747.0,,
2000-06-14,1643.0,1290.0,474.0,492127.0,353933.0,78978.0,,
2000-06-15,1385.0,1493.0,506.0,437364.0,470945.0,80424.0,,
2000-06-16,1298.0,1586.0,475.0,360154.0,679235.0,168377.0,,
2000-06-19,1413.0,1455.0,503.0,476834.0,351670.0,87622.0,,
2000-06-20,1266.0,1625.0,481.0,353133.0,544805.0,112944.0,,
2000-06-21,1235.0,1612.0,537.0,502268.0,424716.0,69705.0,,
2000-06-22,1008.0,1838.0,509.0,284159.0,643097.0,82987.0,,
2000-06-23,1191.0,1609.0,539.0,342086.0,421795.0,80851.0,,
2000-06-26,1484.0,1335.0,532.0,437019.0,387801.0,58696.0,,
2000-06-27,1647.0,1285.0,452.0,531735.0,416780.0,72781.0,,
2000-06-28,1779.0,1121.0,465.0,491149.0,493737.0,70022.0,,
2000-06-29,1456.0,1475.0,415.0,490368.0,585444.0,28387.0,,
2000-06-30,1511.0,1501.0,378.0,589037.0,783136.0,27694.0,,
2000-07-03,1961.0,819.0,424.0,310286.0,103744.0,32741.0,,
2000-07-05,1485.0,1447.0,419.0,412884.0,530497.0,36352.0,,
2000-07-06,1610.0,1279.0,449.0,470891.0,404214.0,68265.0,,
2000-07-07,1836.0,1069.0,435.0,620918.0,251777.0,56502.0,,
2000-07-10,1576.0,1255.0,529.0,426305.0,314071.0,74689.0,,
2000-07-11,1592.0,1326.0,466.0,523961.0,381496.0,70691.0,,
2000-07-12,1683.0,1172.0,513.0,515955.0,399819.0,78872.0,,
2000-07-13,1429.0,1447.0,478.0,508029.0,453649.0,59841.0,,
2000-07-14,1555.0,1286.0,503.0,494469.0,366141.0,86646.0,,
2000-07-17,1277.0,1553.0,524.0,397220.0,439851.0,63303.0,,
2000-07-18,1152.0,1671.0,517.0,327003.0,502986.0,75346.0,,
2000-07-19,1153.0,1648.0,536.0,382302.0,458110.0,62343.0,,
2000-07-20,1633.0,1178.0,534.0,482967.0,503885.0,71043.0,,
2000-07-21,1081.0,1758.0,508.0,325616.0,592980.0,45015.0,,
2000-07-24,1080.0,1764.0,484.0,275368.0,525446.0,68446.0,,
2000-07-25,1419.0,1408.0,513.0,490900.0,413828.0,57107.0,,
2000-07-26,1321.0,1503.0,523.0,354793.0,642643.0,173404.0,,
2000-07-27,1395.0,1446.0,476.0,537148.0,520400.0,90892.0,,
2000-07-28,903.0,1875.0,522.0,294049.0,595183.0,85383.0,,
2000-07-31,1659.0,1195.0,517.0,474396.0,325513.0,125301.0,,
2000-08-01,1643.0,1215.0,469.0,557474.0,276664.0,83091.0,,
2000-08-02,1557.0,1311.0,469.0,526527.0,376368.0,80156.0,,
2000-08-03,1300.0,1535.0,489.0,429617.0,523310.0,92654.0,,
2000-08-04,1664.0,1128.0,517.0,568662.0,318077.0,57001.0,,
2000-08-07,1711.0,1112.0,509.0,528250.0,257929.0,64263.0,,
2000-08-08,1583.0,1269.0,487.0,529442.0,381310.0,76082.0,,
2000-08-09,1425.0,1407.0,496.0,430292.0,525554.0,93931.0,,
2000-08-10,1372.0,1459.0,505.0,436382.0,428781.0,71796.0,,
2000-08-11,1997.0,855.0,488.0,495719.0,261763.0,76334.0,,
2000-08-14,1756.0,1104.0,486.0,517351.0,197584.0,66705.0,,
2000-08-15,1181.0,1667.0,483.0,354473.0,464113.0,73260.0,,
2000-08-16,1515.0,1302.0,512.0,428507.0,438088.0,60194.0,,
2000-08-17,1552.0,1264.0,535.0,555276.0,262366.0,83262.0,,
2000-08-18,1185.0,1616.0,521.0,338631.0,370374.0,103688.0,,
2000-08-21,1273.0,1529.0,524.0,330627.0,323694.0,72061.0,,
2000-08-22,1424.0,1360.0,555.0,409871.0,334786.0,70419.0,,
2000-08-23,1285.0,1499.0,540.0,357968.0,444552.0,57823.0,,
2000-08-24,1398.0,1412.0,522.0,359341.0,374225.0,83220.0,,
2000-08-25,1407.0,1327.0,574.0,332619.0,282615.0,55447.0,,
2000-08-28,1384.0,1419.0,533.0,384257.0,263590.0,75367.0,,
2000-08-29,1308.0,1500.0,536.0,331416.0,362340.0,89613.0,,
2000-08-30,1355.0,1459.0,517.0,355600.0,378487.0,79183.0,,
2000-08-31,1735.0,1130.0,491.0,521808.0,372422.0,162343.0,,
2000-09-01,1572.0,1181.0,568.0,419152.0,275380.0,71928.0,,
2000-09-05,1358.0,1505.0,497.0,387767.0,380805.0,67691.0,,
2000-09-06,1589.0,1227.0,528.0,482019.0,437517.0,72768.0,,
2000-09-07,1491.0,1325.0,524.0,451085.0,454638.0,67733.0,,
2000-09-08,1307.0,1523.0,491.0,382118.0,485318.0,91218.0,,
2000-09-11,1494.0,1309.0,543.0,469573.0,359743.0,66398.0,,
2000-09-12,1370.0,1412.0,554.0,400355.0,511771.0,62293.0,,
2000-09-13,1376.0,1466.0,504.0,487963.0,505909.0,70162.0,,
2000-09-14,1394.0,1401.0,538.0,462503.0,461873.0,76937.0,,
2000-09-15,1054.0,1772.0,485.0,403434.0,680418.0,141674.0,,
2000-09-18,681.0,2203.0,453.0,221321.0,674907.0,55622.0,,
2000-09-19,1372.0,1501.0,460.0,463053.0,499033.0,53775.0,,
2000-09-20,1147.0,1648.0,514.0,295941.0,773765.0,27752.0,,
2000-09-21,1042.0,1759.0,530.0,402556.0,596962.0,82966.0,,
2000-09-22,1347.0,1503.0,475.0,564066.0,545228.0,56557.0,,
2000-09-25,1267.0,1580.0,475.0,438429.0,464538.0,74558.0,,
2000-09-26,1250.0,1599.0,502.0,414736.0,637993.0,44184.0,,
2000-09-27,1502.0,1330.0,481.0,570166.0,526412.0,65074.0,,
2000-09-28,1882.0,936.0,496.0,851764.0,263565.0,73594.0,,
2000-09-29,1432.0,1411.0,458.0,469368.0,562469.0,94499.0,,
2000-10-02,1265.0,1646.0,442.0,527508.0,438532.0,57872.0,,
2000-10-03,1330.0,1554.0,470.0,456807.0,588795.0,42494.0,,
2000-10-04,1259.0,1559.0,495.0,588242.0,531221.0,40437.0,,
2000-10-05,1259.0,1549.0,498.0,562958.0,578663.0,29357.0,,
2000-10-06,816.0,2009.0,459.0,256079.0,833336.0,49790.0,,
2000-10-09,1194.0,1562.0,485.0,302482.0,379166.0,32499.0,,
2000-10-10,1128.0,1692.0,494.0,398222.0,597521.0,40033.0,,
2000-10-11,883.0,1999.0,443.0,363667.0,942589.0,71633.0,,
2000-10-12,758.0,2142.0,423.0,335319.0,1000042.0,29475.0,,
2000-10-13,1613.0,1255.0,456.0,845285.0,330406.0,48194.0,,
2000-10-16,1379.0,1492.0,433.0,536517.0,445262.0,16941.0,,
2000-10-17,810.0,2120.0,400.0,227486.0,850270.0,82791.0,,
2000-10-18,958.0,1929.0,426.0,566685.0,797350.0,61394.0,,
2000-10-19,1943.0,920.0,445.0,918829.0,323873.0,50884.0,,
2000-10-20,1568.0,1249.0,487.0,679862.0,419581.0,70509.0,,
2000-10-23,1280.0,1574.0,466.0,472082.0,492859.0,56937.0,,
2000-10-24,1555.0,1280.0,470.0,604353.0,508593.0,35103.0,,
2000-10-25,968.0,1892.0,464.0,371566.0,898145.0,23566.0,,
2000-10-26,1454.0,1396.0,457.0,596244.0,639942.0,48152.0,,
2000-10-27,1761.0,1071.0,481.0,658667.0,341317.0,78271.0,,
2000-10-30,1850.0,1014.0,454.0,833272.0,273871.0,51400.0,,
2000-10-31,2029.0,889.0,434.0,939378.0,298884.0,105087.0,,
2000-11-01,1399.0,1466.0,437.0,522949.0,614555.0,52718.0,,
2000-11-02,1757.0,1111.0,444.0,591104.0,507727.0,43918.0,,
2000-11-03,1326.0,1455.0,502.0,466187.0,477392.0,44399.0,,
2000-11-06,1419.0,1383.0,494.0,446935.0,386361.0,117213.0,,
2000-11-07,1449.0,1351.0,525.0,423178.0,398546.0,51883.0,,
2000-11-08,1297.0,1479.0,517.0,381461.0,474702.0,34729.0,,
2000-11-09,1080.0,1733.0,474.0,325744.0,733413.0,42371.0,,
2000-11-10,884.0,1927.0,473.0,240289.0,658085.0,60740.0,,
2000-11-13,1186.0,1670.0,450.0,431873.0,634390.0,47419.0,,
2000-11-14,1838.0,972.0,497.0,776431.0,278483.0,50893.0,,
2000-11-15,1657.0,1188.0,470.0,601954.0,425417.0,35299.0,,
2000-11-16,1213.0,1650.0,456.0,359161.0,545269.0,31254.0,,
2000-11-17,1493.0,1331.0,479.0,378715.0,642577.0,38402.0,,
2000-11-20,977.0,1849.0,464.0,258868.0,666791.0,21941.0,,
2000-11-21,1382.0,1465.0,485.0,522295.0,567006.0,22203.0,,
2000-11-22,941.0,1829.0,522.0,244018.0,676197.0,40133.0,,
2000-11-24,1800.0,791.0,510.0,286551.0,98032.0,17761.0,,
2000-11-27,1552.0,1289.0,466.0,531009.0,358571.0,29928.0,,
2000-11-28,1142.0,1688.0,497.0,377575.0,612863.0,27028.0,,
2000-11-29,1465.0,1396.0,451.0,517288.0,546126.0,33001.0,,
2000-11-30,999.0,1884.0,438.0,414043.0,1054338.0,30027.0,,
2000-12-01,1894.0,983.0,418.0,719914.0,419442.0,40558.0,,
2000-12-04,1421.0,1440.0,453.0,632115.0,417837.0,26958.0,,
2000-12-05,2076.0,841.0,416.0,1026836.0,314185.0,42386.0,,
2000-12-06,1219.0,1670.0,427.0,447271.0,837502.0,72081.0,,
2000-12-07,1438.0,1384.0,484.0,429480.0,630732.0,47711.0,,
2000-12-08,2076.0,816.0,435.0,960614.0,325752.0,16424.0,,
2000-12-11,1669.0,1180.0,466.0,759502.0,413530.0,29539.0,,
2000-12-12,1273.0,1592.0,457.0,499454.0,527791.0,41538.0,,
2000-12-13,1379.0,1494.0,448.0,499387.0,621566.0,55103.0,,
2000-12-14,1183.0,1695.0,426.0,355290.0,656845.0,31919.0,,
2000-12-15,1305.0,1600.0,411.0,445213.0,1051612.0,53044.0,,
2000-12-18,1880.0,1084.0,380.0,709793.0,408363.0,27511.0,,
2000-12-19,1465.0,1434.0,450.0,622807.0,638983.0,37749.0,,
2000-12-20,1010.0,1933.0,371.0,313430.0,1078786.0,23195.0,,
2000-12-21,1679.0,1230.0,417.0,757776.0,604020.0,37134.0,,
2000-12-22,2035.0,891.0,402.0,803352.0,245324.0,33560.0,,
2000-12-26,1754.0,1161.0,405.0,466107.0,306749.0,20986.0,,
2000-12-27,2117.0,854.0,359.0,753036.0,266514.0,34343.0,,
2000-12-28,2096.0,832.0,401.0,638433.0,317567.0,53327.0,,
2000-12-29,1461.0,1494.0,369.0,442009.0,540305.0,32684.0,,
2001-01-02,1339.0,1718.0,269.0,252984.0,820677.0,21615.0,,
2001-01-03,2296.0,780.0,248.0,1323575.0,526297.0,13951.0,,
2001-01-04,1597.0,1362.0,358.0,987272.0,1084032.0,21797.0,,
2001-01-05,1250.0,1691.0,374.0,423693.0,965966.0,20074.0,,
2001-01-08,1609.0,1331.0,354.0,522575.0,546110.0,28774.0,,
2001-01-09,1622.0,1285.0,404.0,595406.0,565884.0,26817.0,,
2001-01-10,1863.0,1057.0,366.0,816866.0,439899.0,26328.0,,
2001-01-11,1635.0,1255.0,419.0,854790.0,473685.0,25743.0,,
2001-01-12,1452.0,1398.0,464.0,602496.0,622405.0,42909.0,,
2001-01-16,1739.0,1198.0,382.0,721007.0,440696.0,29918.0,,
2001-01-17,1588.0,1331.0,400.0,680808.0,603485.0,35799.0,,
2001-01-18,1624.0,1284.0,393.0,796811.0,546393.0,17059.0,,
2001-01-19,1248.0,1585.0,456.0,576331.0,784498.0,38284.0,,
2001-01-22,1608.0,1238.0,440.0,618654.0,473861.0,34194.0,,
2001-01-23,1972.0,881.0,451.0,823866.0,331897.0,61809.0,,
2001-01-24,1436.0,1411.0,469.0,703854.0,542669.0,35786.0,,
2001-01-25,1589.0,1232.0,460.0,666073.0,547378.0,34942.0,,
2001-01-26,1398.0,1432.0,470.0,436133.0,595400.0,49397.0,,
2001-01-29,1968.0,1170.0,146.0,664568.0,358888.0,4886.0,,
2001-01-30,1860.0,1241.0,199.0,738783.0,377612.0,20217.0,,
2001-01-31,1767.0,1373.0,170.0,600297.0,643656.0,11181.0,,
2001-02-01,1721.0,1368.0,193.0,618105.0,459175.0,8145.0,,
2001-02-02,1370.0,1701.0,192.0,375439.0,660746.0,2706.0,,
2001-02-05,1625.0,1448.0,210.0,554394.0,445424.0,5683.0,,
2001-02-06,1662.0,1401.0,210.0,548832.0,486327.0,14173.0,,
2001-02-07,1616.0,1457.0,208.0,468188.0,661181.0,7732.0,,
2001-02-08,1426.0,1639.0,218.0,460043.0,617142.0,5950.0,,
2001-02-09,1388.0,1660.0,219.0,394541.0,646564.0,10968.0,,
2001-02-12,1942.0,1135.0,197.0,682908.0,323061.0,3432.0,,
2001-02-13,1598.0,1468.0,216.0,478680.0,575987.0,7234.0,,
2001-02-14,1378.0,1711.0,201.0,457780.0,647094.0,5377.0,,
2001-02-15,1669.0,1396.0,222.0,685060.0,429794.0,7847.0,,
2001-02-16,1136.0,1911.0,216.0,388526.0,840119.0,6931.0,,
2001-02-20,1314.0,1762.0,196.0,361491.0,730299.0,4857.0,,
2001-02-21,1074.0,2023.0,177.0,298819.0,893377.0,2541.0,,
2001-02-22,1138.0,1895.0,223.0,593770.0,739127.0,10769.0,,
2001-02-23,1317.0,1734.0,227.0,423836.0,799306.0,4744.0,,
2001-02-26,2196.0,859.0,191.0,845655.0,238959.0,29916.0,,
2001-02-27,1452.0,1589.0,220.0,504741.0,564074.0,29807.0,,
2001-02-28,1388.0,1667.0,222.0,413693.0,754981.0,5517.0,,
2001-03-01,1468.0,1563.0,220.0,538014.0,702811.0,35187.0,,
2001-03-02,1918.0,1118.0,213.0,760107.0,508700.0,12272.0,,
2001-03-05,1651.0,1402.0,195.0,578776.0,341837.0,848.0,,
2001-03-06,1854.0,1193.0,205.0,720806.0,364832.0,3095.0,,
2001-03-07,1924.0,1163.0,188.0,691499.0,416257.0,12236.0,,
2001-03-08,1679.0,1386.0,203.0,639456.0,458941.0,14535.0,,
2001-03-09,1080.0,1983.0,188.0,238675.0,837789.0,2488.0,,
2001-03-12,685.0,2423.0,168.0,90402.0,1093018.0,35282.0,,
2001-03-13,1362.0,1716.0,207.0,694084.0,655748.0,3546.0,,
2001-03-14,766.0,2316.0,186.0,150946.0,1208870.0,8858.0,,
2001-03-15,1620.0,1416.0,233.0,723397.0,491023.0,5687.0,,
2001-03-16,996.0,2049.0,221.0,265386.0,1265682.0,12491.0,,
2001-03-19,1957.0,1102.0,211.0,870040.0,241866.0,2999.0,,
2001-03-20,1303.0,1764.0,225.0,332100.0,881846.0,10887.0,,
2001-03-21,860.0,2209.0,209.0,301938.0,1001996.0,1167.0,,
2001-03-22,779.0,2333.0,187.0,432798.0,1294994.0,3837.0,,
2001-03-23,1976.0,1040.0,235.0,1048229.0,301543.0,10478.0,,
2001-03-26,1995.0,1077.0,197.0,818809.0,289789.0,2015.0,,
2001-03-27,1932.0,1118.0,227.0,979248.0,321937.0,8244.0,,
2001-03-28,1083.0,1977.0,195.0,411955.0,874030.0,12898.0,,
2001-03-29,1489.0,1559.0,211.0,562699.0,657403.0,10528.0,,
2001-03-30,2100.0,965.0,206.0,834705.0,431822.0,5814.0,,
2001-04-02,1181.0,1861.0,201.0,343995.0,852683.0,7652.0,,
2001-04-03,740.0,2354.0,179.0,125964.0,1240342.0,8629.0,,
2001-04-04,1520.0,1522.0,220.0,705290.0,714851.0,5452.0,,
2001-04-05,2309.0,745.0,210.0,1157191.0,169439.0,4294.0,,
2001-04-06,878.0,2125.0,218.0,232096.0,1010087.0,7683.0,,
2001-04-09,1920.0,1119.0,211.0,634656.0,311536.0,44628.0,,
2001-04-10,2084.0,1006.0,198.0,1081442.0,225184.0,35129.0,,
2001-04-11,1160.0,1917.0,200.0,505552.0,763877.0,75.0,,
2001-04-12,1846.0,1151.0,252.0,765597.0,306227.0,17755.0,,
2001-04-16,1296.0,1746.0,214.0,378525.0,512310.0,9498.0,,
2001-04-17,1857.0,1163.0,236.0,702419.0,390869.0,17214.0,,
2001-04-18,2050.0,1061.0,180.0,1494387.0,402487.0,6714.0,,
2001-04-19,1629.0,1431.0,208.0,876804.0,571086.0,12552.0,,
2001-04-20,1183.0,1860.0,215.0,449921.0,860500.0,6608.0,,
2001-04-23,1241.0,1823.0,210.0,321639.0,676221.0,14565.0,,
2001-04-24,1529.0,1496.0,243.0,515440.0,675477.0,19036.0,,
2001-04-25,2069.0,991.0,215.0,814311.0,347094.0,12811.0,,
2001-04-26,1955.0,1113.0,209.0,894726.0,370820.0,10758.0,,
2001-04-27,2001.0,1007.0,234.0,827306.0,249776.0,10158.0,,
2001-04-30,1708.0,1347.0,211.0,638176.0,577809.0,12322.0,,
2001-05-01,1869.0,1169.0,220.0,791028.0,362910.0,8877.0,,
2001-05-02,1550.0,1508.0,215.0,678312.0,645999.0,10161.0,,
2001-05-03,1226.0,1817.0,218.0,291742.0,800737.0,15666.0,,
2001-05-04,2072.0,996.0,191.0,757839.0,278711.0,35803.0,,
2001-05-07,1453.0,1593.0,210.0,424353.0,491260.0,15206.0,,
2001-05-08,1608.0,1446.0,211.0,421447.0,558430.0,11536.0,,
2001-05-09,1605.0,1409.0,256.0,478915.0,537092.0,21728.0,,
2001-05-10,1856.0,1225.0,189.0,610024.0,428790.0,10366.0,,
2001-05-11,1329.0,1705.0,212.0,314281.0,570412.0,11262.0,,
2001-05-14,1632.0,1419.0,208.0,458870.0,384575.0,8037.0,,
2001-05-15,1908.0,1170.0,219.0,570877.0,460732.0,14735.0,,
2001-05-16,2153.0,940.0,194.0,1117423.0,183571.0,8913.0,,
2001-05-17,1892.0,1207.0,201.0,876276.0,452543.0,11636.0,,
2001-05-18,1646.0,1388.0,232.0,679685.0,415968.0,16120.0,,
2001-05-21,2066.0,1042.0,194.0,865561.0,279232.0,25961.0,,
2001-05-22,1495.0,1609.0,204.0,565084.0,658272.0,28230.0,,
2001-05-23,1038.0,2019.0,218.0,237450.0,888726.0,9127.0,,
2001-05-24,1581.0,1463.0,241.0,507021.0,583931.0,8999.0,,
2001-05-25,1387.0,1635.0,215.0,257836.0,553670.0,6524.0,,
2001-05-29,1409.0,1678.0,193.0,361618.0,625321.0,10162.0,,
2001-05-30,1100.0,1961.0,218.0,258915.0,882328.0,10857.0,,
2001-05-31,1834.0,1228.0,212.0,777996.0,348547.0,15828.0,,
2001-06-01,1811.0,1238.0,214.0,527345.0,457484.0,21639.0,,
2001-06-04,1982.0,1092.0,203.0,526287.0,291720.0,18090.0,,
2001-06-05,1985.0,1087.0,205.0,781454.0,322279.0,8809.0,,
2001-06-06,1214.0,1857.0,201.0,268873.0,756577.0,34384.0,,
2001-06-07,1587.0,1460.0,220.0,552127.0,521537.0,13772.0,,
2001-06-08,1294.0,1711.0,216.0,250746.0,458018.0,14769.0,,
2001-06-11,1244.0,1801.0,219.0,236387.0,607851.0,11957.0,,
2001-06-12,1557.0,1524.0,207.0,454310.0,640516.0,8909.0,,
2001-06-13,1520.0,1562.0,187.0,383687.0,655248.0,22596.0,,
2001-06-14,927.0,2150.0,186.0,218348.0,995435.0,10551.0,,
2001-06-15,1437.0,1588.0,220.0,647960.0,901835.0,23161.0,,
2001-06-18,1309.0,1776.0,189.0,408622.0,679574.0,16040.0,,
2001-06-19,1500.0,1540.0,248.0,542179.0,613723.0,19356.0,,
2001-06-20,1822.0,1270.0,205.0,714608.0,608947.0,16940.0,,
2001-06-21,1738.0,1351.0,191.0,896198.0,544737.0,23672.0,,
2001-06-22,1244.0,1813.0,212.0,438751.0,720670.0,25238.0,,
2001-06-25,1301.0,1777.0,214.0,332410.0,680584.0,14592.0,,
2001-06-26,1778.0,1294.0,212.0,576306.0,604643.0,16251.0,,
2001-06-27,1811.0,1268.0,200.0,462172.0,655471.0,24340.0,,
2001-06-28,1884.0,1211.0,187.0,876604.0,422578.0,8148.0,,
2001-06-29,1954.0,1122.0,201.0,929899.0,669680.0,8460.0,,
2001-07-02,1598.0,1468.0,189.0,694254.0,399278.0,16870.0,,
2001-07-03,1592.0,1349.0,243.0,306776.0,304219.0,11492.0,,
2001-07-05,1371.0,1695.0,210.0,305643.0,615178.0,10095.0,,
2001-07-06,1028.0,2059.0,183.0,198638.0,835151.0,6567.0,,
2001-07-09,1592.0,1472.0,196.0,536199.0,481053.0,27306.0,,
2001-07-10,1215.0,1865.0,212.0,390305.0,836151.0,17291.0,,
2001-07-11,1344.0,1746.0,186.0,537252.0,824388.0,14015.0,,
2001-07-12,1941.0,1168.0,174.0,978633.0,393194.0,13282.0,,
2001-07-13,1761.0,1280.0,228.0,697953.0,388230.0,20383.0,,
2001-07-16,1190.0,1867.0,206.0,308934.0,680246.0,10061.0,,
2001-07-17,1845.0,1218.0,230.0,742421.0,432771.0,8439.0,,
2001-07-18,1342.0,1779.0,193.0,551638.0,716677.0,19816.0,,
2001-07-19,1787.0,1261.0,250.0,846606.0,480624.0,13061.0,,
2001-07-20,1566.0,1487.0,221.0,505997.0,632643.0,14227.0,,
2001-07-23,1195.0,1919.0,189.0,264236.0,703204.0,5821.0,,
2001-07-24,978.0,2147.0,196.0,175240.0,1014303.0,9118.0,,
2001-07-25,1901.0,1178.0,239.0,922310.0,317060.0,13321.0,,
2001-07-26,1917.0,1177.0,207.0,817478.0,381091.0,16661.0,,
2001-07-27,1686.0,1401.0,229.0,626010.0,372146.0,16691.0,,
2001-07-30,1678.0,1450.0,177.0,480585.0,415026.0,7284.0,,
2001-07-31,1678.0,1450.0,177.0,480585.0,415026.0,7284.0,,
2001-08-01,1829.0,1284.0,199.0,660646.0,630974.0,10562.0,,
2001-08-02,1788.0,1298.0,224.0,707792.0,488060.0,29575.0,,
2001-08-03,1472.0,1589.0,240.0,408135.0,504720.0,24997.0,,
2001-08-06,1206.0,1877.0,220.0,162810.0,625874.0,28246.0,,
2001-08-07,1715.0,1382.0,233.0,508995.0,434453.0,35553.0,,
2001-08-08,1193.0,1908.0,223.0,200633.0,835319.0,76828.0,,
2001-08-09,1750.0,1357.0,207.0,464377.0,608910.0,27557.0,,
2001-08-10,1908.0,1168.0,225.0,572566.0,368582.0,17922.0,,
2001-08-13,1654.0,1452.0,196.0,415802.0,418001.0,8560.0,,
2001-08-14,1902.0,1208.0,197.0,494886.0,452452.0,14640.0,,
2001-08-15,1627.0,1460.0,221.0,447510.0,606418.0,7559.0,,
2001-08-16,1689.0,1389.0,233.0,538898.0,498733.0,22736.0,,
2001-08-17,1147.0,1925.0,211.0,185281.0,782277.0,10840.0,,
2001-08-20,1772.0,1340.0,223.0,508733.0,370943.0,10651.0,,
2001-08-21,1334.0,1755.0,256.0,357355.0,655954.0,15851.0,,
2001-08-22,1844.0,1269.0,216.0,685972.0,404373.0,24275.0,,
2001-08-23,1410.0,1694.0,218.0,385162.0,577505.0,22083.0,,
2001-08-24,1953.0,1108.0,248.0,760014.0,287920.0,10855.0,,
2001-08-27,1360.0,1760.0,219.0,358797.0,479115.0,10913.0,,
2001-08-28,1219.0,1881.0,238.0,271493.0,699385.0,10639.0,,
2001-08-29,1438.0,1694.0,207.0,282730.0,674050.0,9451.0,,
2001-08-30,1069.0,2027.0,225.0,217360.0,938499.0,9942.0,,
2001-08-31,1694.0,1379.0,241.0,574503.0,323879.0,19760.0,,
2001-09-04,1628.0,1469.0,239.0,583402.0,589621.0,13964.0,,
2001-09-05,1246.0,1886.0,206.0,404505.0,940681.0,17059.0,,
2001-09-06,1021.0,2117.0,193.0,214327.0,1106429.0,18851.0,,
2001-09-07,907.0,2181.0,214.0,327182.0,1085148.0,23212.0,,
2001-09-10,1144.0,1966.0,205.0,573362.0,668763.0,8997.0,,
2001-09-17,608.0,2675.0,74.0,336127.0,2027116.0,55177.0,,
2001-09-18,1230.0,1928.0,184.0,597456.0,1062132.0,12186.0,,
2001-09-19,758.0,2439.0,152.0,541948.0,1582670.0,28376.0,,
2001-09-20,560.0,2651.0,134.0,288247.0,1638713.0,12676.0,,
2001-09-21,808.0,2434.0,136.0,731703.0,1538675.0,39762.0,,
2001-09-24,2412.0,807.0,159.0,1463645.0,266800.0,5493.0,,
2001-09-25,1895.0,1286.0,172.0,946896.0,637468.0,17276.0,,
2001-09-26,1503.0,1657.0,174.0,532708.0,987538.0,12269.0,,
2001-09-27,1936.0,1184.0,181.0,914070.0,531414.0,25827.0,,
2001-09-28,2509.0,696.0,153.0,1360732.0,267981.0,16205.0,,
2001-10-01,1297.0,1867.0,165.0,439142.0,723185.0,8751.0,,
2001-10-02,2078.0,1056.0,175.0,865328.0,392652.0,20268.0,,
2001-10-03,2141.0,1004.0,189.0,1294551.0,354760.0,20471.0,,
2001-10-04,1796.0,1324.0,194.0,827075.0,708407.0,44571.0,,
2001-10-05,1572.0,1542.0,196.0,620327.0,678708.0,11581.0,,
2001-10-08,1175.0,1897.0,222.0,353768.0,613403.0,9231.0,,
2001-10-09,1478.0,1613.0,212.0,484142.0,667037.0,9208.0,,
2001-10-10,2259.0,876.0,182.0,1073293.0,220120.0,10397.0,,
2001-10-11,1987.0,1125.0,194.0,1198866.0,457335.0,10116.0,,
2001-10-12,1194.0,1890.0,189.0,474778.0,841836.0,16138.0,,
2001-10-15,1506.0,1569.0,229.0,441870.0,573495.0,11941.0,,
2001-10-16,1988.0,1139.0,211.0,776896.0,400422.0,37385.0,,
2001-10-17,1158.0,1974.0,195.0,398797.0,1040036.0,4591.0,,
2001-10-18,1118.0,2015.0,189.0,359253.0,889611.0,14435.0,,
2001-10-19,1683.0,1384.0,221.0,656979.0,592736.0,23335.0,,
2001-10-22,1853.0,1286.0,200.0,765678.0,323896.0,8915.0,,
2001-10-23,1529.0,1597.0,202.0,583970.0,713135.0,16831.0,,
2001-10-24,1374.0,1743.0,215.0,596023.0,729757.0,12994.0,,
2001-10-25,1913.0,1204.0,216.0,903776.0,452180.0,10851.0,,
2001-10-26,1841.0,1279.0,204.0,727757.0,461543.0,25661.0,,
2001-10-29,1019.0,2116.0,187.0,213686.0,880540.0,13258.0,,
2001-10-30,971.0,2146.0,210.0,216107.0,1078558.0,9631.0,,
2001-10-31,1939.0,1183.0,199.0,688539.0,614790.0,20124.0,,
2001-11-01,2228.0,893.0,189.0,964680.0,329322.0,13164.0,,
2001-11-02,1578.0,1522.0,225.0,591412.0,508109.0,18642.0,,
2001-11-05,2053.0,1079.0,194.0,868266.0,317094.0,7623.0,,
2001-11-06,2063.0,1053.0,214.0,904974.0,422755.0,14057.0,,
2001-11-07,1607.0,1541.0,200.0,614129.0,797383.0,8570.0,,
2001-11-08,1688.0,1436.0,214.0,758642.0,705978.0,29401.0,,
2001-11-09,1592.0,1495.0,258.0,567715.0,517705.0,10116.0,,
2001-11-12,1501.0,1568.0,225.0,448815.0,531917.0,10504.0,,
2001-11-13,2233.0,932.0,195.0,1114065.0,223293.0,11148.0,,
2001-11-14,1880.0,1236.0,247.0,899908.0,516028.0,12745.0,,
2001-11-15,1497.0,1651.0,207.0,723688.0,715848.0,23363.0,,
2001-11-16,1685.0,1433.0,217.0,725707.0,594818.0,26735.0,,
2001-11-19,1969.0,1168.0,214.0,953688.0,322047.0,23262.0,,
2001-11-20,1471.0,1682.0,205.0,467784.0,833278.0,22083.0,,
2001-11-21,1270.0,1821.0,246.0,343149.0,667366.0,10559.0,,
2001-11-23,2171.0,751.0,232.0,335210.0,75932.0,2781.0,,
2001-11-26,1681.0,1509.0,188.0,656358.0,408005.0,24013.0,,
2001-11-27,1402.0,1744.0,227.0,533350.0,755889.0,12337.0,,
2001-11-28,1070.0,2092.0,185.0,221512.0,1175021.0,9813.0,,
2001-11-29,1957.0,1154.0,227.0,770248.0,581421.0,13323.0,,
2001-11-30,1558.0,1588.0,206.0,604768.0,712396.0,18351.0,,
2001-12-03,1277.0,1880.0,187.0,506025.0,687292.0,6996.0,,
2001-12-04,2189.0,943.0,217.0,1013194.0,280652.0,11600.0,,
2001-12-05,2069.0,1116.0,178.0,1483044.0,265814.0,5803.0,,
2001-12-06,1586.0,1537.0,229.0,698988.0,733127.0,31365.0,,
2001-12-07,1409.0,1696.0,236.0,493764.0,731435.0,17692.0,,
2001-12-10,969.0,2178.0,203.0,260929.0,917009.0,8682.0,,
2001-12-11,1559.0,1564.0,216.0,576340.0,749801.0,16155.0,,
2001-12-12,1522.0,1619.0,191.0,643439.0,766766.0,705.0,,
2001-12-13,1063.0,2052.0,206.0,452413.0,936586.0,30432.0,,
2001-12-14,1771.0,1361.0,207.0,713587.0,571191.0,12605.0,,
2001-12-17,1786.0,1380.0,193.0,736323.0,487551.0,12612.0,,
2001-12-18,1978.0,1152.0,208.0,830299.0,481502.0,17532.0,,
2001-12-19,1530.0,1670.0,180.0,834422.0,608293.0,13980.0,,
2001-12-20,1280.0,1856.0,222.0,549645.0,860401.0,25609.0,,
2001-12-21,2073.0,1116.0,177.0,1085214.0,606331.0,16271.0,,
2001-12-24,1747.0,1222.0,228.0,221196.0,206183.0,15292.0,,
2001-12-26,2059.0,1086.0,178.0,511793.0,250743.0,38971.0,,
2001-12-27,2088.0,1073.0,181.0,615681.0,241742.0,23883.0,,
2001-12-28,1997.0,1156.0,191.0,625561.0,265975.0,13523.0,,
2001-12-31,1614.0,1564.0,170.0,315854.0,614909.0,18211.0,,
2002-01-02,1649.0,1549.0,160.0,598311.0,559989.0,19014.0,,
2002-01-03,2112.0,1057.0,178.0,793410.0,599743.0,18480.0,,
2002-01-04,2002.0,1162.0,181.0,1021164.0,483597.0,5183.0,,
2002-01-07,1482.0,1687.0,174.0,536968.0,751034.0,16469.0,,
2002-01-08,1658.0,1519.0,180.0,440040.0,790379.0,12001.0,,
2002-01-09,1532.0,1612.0,186.0,594723.0,841277.0,18835.0,,
2002-01-10,1564.0,1598.0,176.0,565412.0,713763.0,8449.0,,
2002-01-11,1323.0,1839.0,185.0,351813.0,826904.0,23976.0,,
2002-01-14,1246.0,1916.0,182.0,332378.0,917365.0,9035.0,,
2002-01-15,1884.0,1267.0,202.0,736381.0,637018.0,10492.0,,
2002-01-16,1113.0,2048.0,192.0,264284.0,1174296.0,17895.0,,
2002-01-17,1979.0,1153.0,211.0,797188.0,558252.0,15896.0,,
2002-01-18,1233.0,1881.0,224.0,474527.0,827344.0,29112.0,,
2002-01-22,1367.0,1772.0,211.0,480046.0,815594.0,15550.0,,
2002-01-23,1966.0,1140.0,229.0,997765.0,422296.0,21617.0,,
2002-01-24,1736.0,1394.0,218.0,903130.0,578597.0,19848.0,,
2002-01-25,1606.0,1488.0,220.0,712318.0,582866.0,42825.0,,
2002-01-28,1672.0,1486.0,196.0,581251.0,580949.0,13312.0,,
2002-01-29,964.0,2160.0,200.0,221588.0,1517639.0,18211.0,,
2002-01-30,1891.0,1232.0,203.0,1279493.0,693921.0,18333.0,,
2002-01-31,2108.0,1006.0,235.0,1161015.0,358887.0,10717.0,,
2002-02-01,1460.0,1671.0,198.0,518448.0,846712.0,14196.0,,
2002-02-04,944.0,2203.0,194.0,184071.0,1245304.0,15297.0,,
2002-02-05,1309.0,1791.0,243.0,498652.0,1236878.0,33231.0,,
2002-02-06,1143.0,1939.0,234.0,617052.0,1031011.0,16854.0,,
2002-02-07,1408.0,1699.0,224.0,774773.0,648690.0,11018.0,,
2002-02-08,2078.0,1049.0,230.0,1033797.0,318539.0,16395.0,,
2002-02-11,2115.0,1014.0,218.0,920567.0,218544.0,9327.0,,
2002-02-12,1535.0,1570.0,248.0,441759.0,648790.0,8804.0,,
2002-02-13,1979.0,1155.0,212.0,767277.0,409286.0,27711.0,,
2002-02-14,1489.0,1636.0,221.0,517397.0,729892.0,15711.0,,
2002-02-15,1557.0,1553.0,213.0,464407.0,884795.0,8657.0,,
2002-02-19,1014.0,2144.0,197.0,197590.0,977844.0,13900.0,,
2002-02-20,1894.0,1244.0,222.0,919655.0,488414.0,12423.0,,
2002-02-21,1288.0,1856.0,225.0,412680.0,920180.0,13552.0,,
2002-02-22,1969.0,1171.0,188.0,796527.0,597453.0,10342.0,,
2002-02-25,1936.0,1199.0,234.0,970469.0,353254.0,14813.0,,
2002-02-26,1799.0,1334.0,209.0,728554.0,543422.0,35657.0,,
2002-02-27,1921.0,1221.0,210.0,836116.0,532758.0,24809.0,,
2002-02-28,1662.0,1453.0,229.0,616674.0,722903.0,19924.0,,
2002-03-01,2226.0,931.0,188.0,1081908.0,326472.0,37103.0,,
2002-03-04,2248.0,933.0,187.0,1309234.0,293409.0,6969.0,,
2002-03-05,1599.0,1549.0,210.0,662535.0,845954.0,30443.0,,
2002-03-06,2289.0,884.0,186.0,1240155.0,289294.0,5689.0,,
2002-03-07,1609.0,1579.0,182.0,690990.0,798892.0,20496.0,,
2002-03-08,1664.0,1497.0,188.0,854946.0,540084.0,22913.0,,
2002-03-11,1631.0,1537.0,202.0,731199.0,461147.0,16339.0,,
2002-03-12,1539.0,1616.0,200.0,599031.0,693604.0,19552.0,,
2002-03-13,1393.0,1785.0,193.0,407522.0,928914.0,14819.0,,
2002-03-14,1752.0,1392.0,203.0,497253.0,679788.0,31185.0,,
2002-03-15,1869.0,1278.0,181.0,1058960.0,410458.0,11713.0,,
2002-03-18,1775.0,1396.0,190.0,610824.0,528240.0,15135.0,,
2002-03-19,1729.0,1418.0,204.0,709024.0,506261.0,33788.0,,
2002-03-20,1011.0,2168.0,180.0,351599.0,921604.0,8016.0,,
2002-03-21,1674.0,1501.0,192.0,697202.0,614483.0,16769.0,,
2002-03-22,1337.0,1819.0,188.0,506181.0,708712.0,27794.0,,
2002-03-25,955.0,2225.0,178.0,202947.0,838760.0,13229.0,,
2002-03-26,1964.0,1208.0,197.0,681373.0,508246.0,9190.0,,
2002-03-27,2127.0,1037.0,182.0,818479.0,338698.0,14666.0,,
2002-03-28,1769.0,1402.0,175.0,662198.0,433985.0,30638.0,,
2002-04-01,1444.0,1704.0,203.0,434602.0,579492.0,24349.0,,
2002-04-02,1516.0,1656.0,192.0,391638.0,753014.0,29221.0,,
2002-04-03,1172.0,1988.0,174.0,262289.0,940618.0,8285.0,,
2002-04-04,1726.0,1408.0,213.0,593547.0,661223.0,12971.0,,
2002-04-05,1870.0,1271.0,203.0,512950.0,582934.0,10501.0,,
2002-04-08,1837.0,1329.0,177.0,599996.0,486838.0,11649.0,,
2002-04-09,1732.0,1416.0,191.0,544916.0,616621.0,11527.0,,
2002-04-10,2261.0,882.0,197.0,940050.0,477090.0,25961.0,,
2002-04-11,1069.0,2086.0,170.0,205898.0,1294745.0,10592.0,,
2002-04-12,2084.0,1044.0,207.0,806505.0,450637.0,8579.0,,
2002-04-15,1383.0,1767.0,211.0,425630.0,571157.0,16242.0,,
2002-04-16,2236.0,953.0,160.0,1165090.0,185340.0,5195.0,,
2002-04-17,1667.0,1497.0,202.0,763352.0,591923.0,16628.0,,
2002-04-18,1546.0,1567.0,206.0,582615.0,738695.0,45778.0,,
2002-04-19,1738.0,1383.0,222.0,608259.0,554999.0,26789.0,,
2002-04-22,1191.0,1960.0,202.0,278616.0,884387.0,11155.0,,
2002-04-23,1579.0,1587.0,198.0,592364.0,715610.0,17753.0,,
2002-04-24,1520.0,1642.0,186.0,546163.0,796740.0,12546.0,,
2002-04-25,1646.0,1513.0,192.0,703035.0,800812.0,22727.0,,
2002-04-26,1242.0,1888.0,223.0,335598.0,1025974.0,13969.0,,
2002-04-29,1409.0,1736.0,193.0,308085.0,945521.0,10900.0,,
2002-04-30,2220.0,940.0,206.0,1165737.0,365800.0,15228.0,,
2002-05-01,1913.0,1197.0,228.0,1024735.0,400943.0,28515.0,,
2002-05-02,1844.0,1297.0,224.0,642877.0,712930.0,7843.0,,
2002-05-03,1638.0,1473.0,240.0,496530.0,777034.0,23482.0,,
2002-05-06,1029.0,2113.0,207.0,192871.0,897175.0,27109.0,,
2002-05-07,1398.0,1775.0,211.0,523350.0,820101.0,13223.0,,
2002-05-08,2001.0,1181.0,196.0,1214180.0,273080.0,16764.0,,
2002-05-09,1118.0,2053.0,192.0,312134.0,829355.0,12121.0,,
2002-05-10,1145.0,1995.0,195.0,196403.0,972168.0,13600.0,,
2002-05-13,1995.0,1209.0,161.0,789493.0,296451.0,10264.0,,
2002-05-14,2228.0,986.0,197.0,1130977.0,278298.0,9134.0,,
2002-05-15,1686.0,1487.0,211.0,620736.0,776550.0,12585.0,,
2002-05-16,1416.0,1733.0,219.0,612894.0,602702.0,21715.0,,
2002-05-17,1735.0,1424.0,194.0,737916.0,469846.0,51549.0,,
2002-05-20,1197.0,1942.0,204.0,365985.0,618426.0,8889.0,,
2002-05-21,1197.0,1942.0,204.0,365985.0,618426.0,8889.0,,
2002-05-22,1599.0,1550.0,218.0,579934.0,539984.0,29347.0,,
2002-05-23,1993.0,1150.0,222.0,857470.0,299253.0,23610.0,,
2002-05-24,1236.0,1890.0,214.0,254928.0,627141.0,6373.0,,
2002-05-28,1268.0,1916.0,203.0,230244.0,557953.0,15120.0,,
2002-05-29,1391.0,1775.0,207.0,348369.0,709438.0,12709.0,,
2002-05-30,1493.0,1687.0,202.0,390608.0,833911.0,12038.0,,
2002-05-31,1916.0,1220.0,234.0,736161.0,470936.0,31990.0,,
2002-06-03,872.0,2321.0,188.0,159482.0,1144318.0,7409.0,,
2002-06-04,1416.0,1769.0,201.0,524304.0,945737.0,10906.0,,
2002-06-05,1773.0,1390.0,219.0,740058.0,513724.0,42698.0,,
2002-06-06,995.0,2181.0,190.0,246632.0,1341795.0,22381.0,,
2002-06-07,1794.0,1352.0,229.0,932112.0,847170.0,32545.0,,
2002-06-10,1636.0,1561.0,179.0,665950.0,542539.0,12673.0,,
2002-06-11,1194.0,2007.0,197.0,357898.0,1038181.0,11015.0,,
2002-06-12,1599.0,1592.0,183.0,712543.0,984962.0,38280.0,,
2002-06-13,1238.0,1939.0,196.0,463704.0,932933.0,11858.0,,
2002-06-14,1446.0,1732.0,197.0,582136.0,941190.0,26711.0,,
2002-06-17,2384.0,826.0,187.0,1092459.0,132594.0,5035.0,,
2002-06-18,1656.0,1559.0,186.0,635560.0,530727.0,22339.0,,
2002-06-19,1195.0,1984.0,198.0,313298.0,935215.0,29907.0,,
2002-06-21,1352.0,1742.0,188.0,552697470.0,1460529690.0,26347850.0,,
2002-06-24,1302.0,1876.0,181.0,765317329.0,918368266.0,18713020.0,,
2002-06-25,1403.0,1770.0,166.0,415260377.0,1183957122.0,18308200.0,,
2002-06-26,1328.0,1889.0,153.0,686934890.0,1480056278.0,15344550.0,,
2002-06-27,2000.0,1165.0,172.0,1270198939.0,660026885.0,63429661.0,,
2002-06-28,2118.0,1067.0,168.0,1394756274.0,857222622.0,10685390.0,,
2002-07-01,1133.0,2083.0,170.0,288852000.0,1121322000.0,12272000.0,,
2002-07-02,786.0,2431.0,136.0,215827102.0,1698514299.0,7558710.0,,
2002-07-03,1232.0,1941.0,171.0,756392593.0,889616509.0,12772895.0,,
2002-07-04,1232.0,1941.0,171.0,756392593.0,889616509.0,12772895.0,,
2002-07-05,2303.0,666.0,215.0,715182360.0,73634526.0,6965095.0,,
2002-07-08,1481.0,1682.0,166.0,490328393.0,765382046.0,7861030.0,,
2002-07-09,1241.0,1941.0,163.0,288745416.0,1181094940.0,8517220.0,,
2002-07-10,779.0,2398.0,152.0,258861947.0,1666417629.0,10153250.0,,
2002-07-11,1238.0,1966.0,156.0,1226575327.0,1033745407.0,12457330.0,,
2002-07-12,1275.0,1900.0,166.0,757570110.0,963455640.0,11235970.0,,
2002-07-15,899.0,2320.0,156.0,706192364.0,1375022598.0,17492000.0,,
2002-07-16,1282.0,1906.0,178.0,665687902.0,1292438584.0,32396230.0,,
2002-07-17,1794.0,1383.0,174.0,1052161519.0,1008974232.0,28027050.0,,
2002-07-18,1012.0,2154.0,163.0,368214971.0,1489323153.0,11682450.0,,
2002-07-19,766.0,2467.0,171.0,446921000.0,2174261000.0,11039000.0,,
2002-07-22,633.0,2595.0,156.0,311885239.0,2013226047.0,10818760.0,,
2002-07-23,567.0,2684.0,138.0,503523384.0,2047889983.0,18539260.0,,
2002-07-24,1987.0,1326.0,126.0,2261367000.0,501322000.0,5065000.0,,
2002-07-25,1802.0,1380.0,181.0,1068839998.0,1528404224.0,27487200.0,,
2002-07-26,1958.0,1258.0,128.0,1076834457.0,871070456.0,19990340.0,,
2002-07-29,2639.0,612.0,126.0,1777359272.0,162828283.0,6367400.0,,
2002-07-30,1724.0,1464.0,162.0,1182301660.0,795465524.0,16702450.0,,
2002-07-31,1640.0,1534.0,157.0,1033982882.0,1094548327.0,15461000.0,,
2002-08-01,1247.0,1924.0,154.0,412622854.0,1390804069.0,21127940.0,,
2002-08-02,861.0,2329.0,155.0,331245676.0,1338999854.0,6087090.0,,
2002-08-05,771.0,2438.0,150.0,183992322.0,1348328455.0,4294350.0,,
2002-08-06,2370.0,808.0,167.0,1332604277.0,292493708.0,29519840.0,,
2002-08-07,2027.0,1138.0,186.0,1057106412.0,517647592.0,40297900.0,,
2002-08-08,2184.0,979.0,188.0,1335792475.0,418093858.0,36727309.0,,
2002-08-09,1740.0,1404.0,184.0,835707311.0,526461921.0,13712435.0,,
2002-08-12,1368.0,1601.0,156.0,385230596.0,721127643.0,19402680.0,,
2002-08-13,943.0,2054.0,129.0,240821715.0,1137367550.0,16025200.0,,
2002-08-14,2180.0,812.0,142.0,1348480563.0,249618204.0,19137915.0,,
2002-08-15,1860.0,1109.0,171.0,1180356955.0,435131240.0,13528355.0,,
2002-08-16,1679.0,1281.0,162.0,669810360.0,704073530.0,11830340.0,,
2002-08-19,2039.0,959.0,144.0,1173957381.0,199637768.0,38987000.0,,
2002-08-20,1162.0,1821.0,153.0,522419162.0,894347648.0,11429510.0,,
2002-08-21,2126.0,859.0,162.0,1103100568.0,358841786.0,9431280.0,,
2002-08-22,1936.0,1047.0,166.0,1154796455.0,337140538.0,32085330.0,,
2002-08-23,948.0,2025.0,139.0,171332036.0,998191176.0,8315600.0,,
2002-08-26,2141.0,849.0,139.0,813659575.0,289310519.0,15780000.0,,
2002-08-27,1185.0,1819.0,132.0,431105236.0,921716993.0,12771440.0,,
2002-08-28,917.0,2064.0,144.0,206469222.0,1045682886.0,9685290.0,,
2002-08-29,1672.0,1304.0,159.0,633092377.0,598934319.0,37186959.0,,
2002-08-30,1645.0,1299.0,179.0,495959636.0,473235194.0,22467910.0,,
2002-09-03,640.0,2386.0,121.0,108204115.0,1284261669.0,5743670.0,,
2002-09-04,2099.0,900.0,140.0,1106289532.0,342770138.0,6617735.0,,
2002-09-05,979.0,1993.0,163.0,362889909.0,1054730605.0,8039710.0,,
2002-09-06,2167.0,815.0,150.0,918129508.0,369814771.0,3900320.0,,
2002-09-09,1699.0,1289.0,158.0,841964207.0,373282521.0,19205070.0,,
2002-09-10,1657.0,1293.0,180.0,720335359.0,528231948.0,14135640.0,,
2002-09-11,1557.0,1368.0,161.0,510996926.0,402198840.0,6771775.0,,
2002-09-12,789.0,2193.0,147.0,172325457.0,1075632914.0,33274195.0,,
2002-09-13,1649.0,1275.0,167.0,619186830.0,728094469.0,16731550.0,,
2002-09-16,1320.0,1646.0,148.0,463291120.0,614479332.0,7023210.0,,
2002-09-17,852.0,2142.0,149.0,192861125.0,1321131712.0,9080820.0,,
2002-09-18,1155.0,1824.0,149.0,502994384.0,1112528147.0,10460970.0,,
2002-09-19,662.0,2358.0,137.0,225740172.0,1393610047.0,5936510.0,,
2002-09-20,1548.0,1407.0,185.0,1010390282.0,845346853.0,73609630.0,,
2002-09-23,829.0,2176.0,147.0,312130561.0,1156288936.0,11342620.0,,
2002-09-24,890.0,2107.0,159.0,321279020.0,1494835441.0,20945055.0,,
2002-09-25,2193.0,858.0,124.0,1410387987.0,381521219.0,5867840.0,,
2002-09-26,2221.0,784.0,118.0,1223193480.0,525325253.0,7165350.0,,
2002-09-27,807.0,2164.0,149.0,209324498.0,1420729513.0,11819320.0,,
2002-09-30,1338.0,1667.0,139.0,595751702.0,1241736063.0,42770500.0,,
2002-10-01,2086.0,921.0,133.0,1435275021.0,374499734.0,57408810.0,,
2002-10-02,911.0,2063.0,149.0,333825066.0,1435055451.0,34225910.0,,
2002-10-03,1238.0,1727.0,165.0,602374939.0,1172806699.0,19813870.0,,
2002-10-04,726.0,2262.0,134.0,274926504.0,1638524519.0,42638329.0,,
2002-10-07,651.0,2340.0,132.0,282409580.0,1371201574.0,20455590.0,,
2002-10-08,1429.0,1573.0,155.0,1176668185.0,888760214.0,19833440.0,,
2002-10-09,417.0,2636.0,90.0,280513142.0,1693270649.0,12359950.0,,
2002-10-10,1919.0,1104.0,125.0,1767625819.0,417624107.0,14136000.0,,
2002-10-11,2412.0,605.0,114.0,1767903173.0,213644281.0,4648700.0,,
2002-10-14,1509.0,1409.0,169.0,718237401.0,542483723.0,23064330.0,,
2002-10-15,2329.0,716.0,122.0,1750470927.0,248640360.0,25096860.0,,
2002-10-16,764.0,2261.0,116.0,269877961.0,1419564280.0,9472390.0,,
2002-10-17,2162.0,860.0,128.0,1358454461.0,556632671.0,11491600.0,,
2002-10-18,1459.0,1498.0,172.0,805454323.0,703481477.0,34518980.0,,
2002-10-21,1984.0,1262.0,166.0,1174139264.0,253368800.0,17862150.0,,
2002-10-22,956.0,2024.0,158.0,522637318.0,1121254044.0,7990080.0,,
2002-10-23,1861.0,1098.0,163.0,1091037115.0,582621603.0,17790760.0,,
2002-10-24,1288.0,1674.0,166.0,769507920.0,1067374331.0,26517085.0,,
2002-10-25,2056.0,942.0,148.0,1050907463.0,407597061.0,7090820.0,,
2002-10-28,1269.0,1711.0,158.0,668959484.0,835248492.0,14615520.0,,
2002-10-29,1252.0,1720.0,165.0,475069406.0,1084154444.0,17440410.0,,
2002-10-30,1906.0,1063.0,164.0,1062060381.0,496710762.0,8509925.0,,
2002-10-31,1647.0,1351.0,148.0,719808288.0,942366391.0,25639980.0,,
2002-11-01,2157.0,819.0,146.0,1180789950.0,425391761.0,7503410.0,,
2002-11-04,1767.0,1226.0,166.0,1218463270.0,561431642.0,26560640.0,,
2002-11-05,1558.0,1400.0,178.0,815632608.0,593191944.0,47078899.0,,
2002-11-06,2012.0,997.0,137.0,1341769429.0,451755347.0,9802575.0,,
2002-11-07,986.0,2001.0,142.0,294516562.0,1298852997.0,7512800.0,,
2002-11-08,1154.0,1810.0,168.0,397024151.0,1172120863.0,11652670.0,,
2002-11-11,780.0,2153.0,173.0,148502216.0,1048195751.0,15307100.0,,
2002-11-12,1843.0,1138.0,143.0,998510148.0,469523387.0,19875430.0,,
2002-11-13,1421.0,1574.0,149.0,780198057.0,769704614.0,23986995.0,,
2002-11-14,2252.0,756.0,152.0,1393435353.0,235844699.0,17157000.0,,
2002-11-15,1803.0,1192.0,142.0,1026795182.0,458540678.0,36020830.0,,
2002-11-18,1283.0,1712.0,174.0,576316120.0,802286165.0,19214845.0,,
2002-11-19,1298.0,1680.0,161.0,563875185.0,893627933.0,18680520.0,,
2002-11-20,2122.0,904.0,139.0,1255317419.0,427794123.0,10745280.0,,
2002-11-21,2103.0,896.0,161.0,1837954509.0,413486145.0,13937470.0,,
2002-11-22,1585.0,1404.0,143.0,905104071.0,882526076.0,14169810.0,,
2002-11-25,1751.0,1276.0,134.0,1072171552.0,664971716.0,10171730.0,,
2002-11-26,1017.0,1979.0,163.0,332135575.0,1341923713.0,10624345.0,,
2002-11-27,2445.0,576.0,137.0,1297957824.0,193365768.0,6216590.0,,
2002-11-28,2595.0,675.0,157.0,1172328448.0,170445216.0,7644090.0,,
2002-11-29,1390.0,1454.0,163.0,334115958.0,382650651.0,15707800.0,,
2002-12-02,1697.0,1323.0,160.0,955853728.0,765931522.0,18363570.0,,
2002-12-03,1130.0,1898.0,148.0,346129492.0,1258707356.0,15266210.0,,
2002-12-04,1400.0,1562.0,199.0,582122390.0,1079704414.0,35056450.0,,
2002-12-05,1233.0,1798.0,183.0,376955993.0,981760789.0,19178820.0,,
2002-12-06,1861.0,1174.0,161.0,776304223.0,563807067.0,33279400.0,,
2002-12-09,839.0,2225.0,148.0,190176386.0,1145386324.0,44058080.0,,
2002-12-10,2087.0,932.0,197.0,1084656577.0,297918133.0,13163800.0,,
2002-12-11,1677.0,1368.0,165.0,679704626.0,696327926.0,15165190.0,,
2002-12-12,1627.0,1414.0,175.0,706759198.0,657195550.0,14338440.0,,
2002-12-13,1009.0,2015.0,165.0,397149839.0,979422994.0,18378720.0,,
2002-12-16,2199.0,860.0,156.0,1127666779.0,223438362.0,18243780.0,,
2002-12-17,1183.0,1851.0,174.0,404505285.0,975447414.0,15661270.0,,
2002-12-18,1118.0,2174.0,167.0,290360640.0,1087150848.0,11106660.0,,
2002-12-19,1391.0,1673.0,158.0,431044562.0,1040852191.0,23884560.0,,
2002-12-20,2055.0,1001.0,163.0,1407027399.0,465118037.0,29953380.0,,
2002-12-23,1606.0,1437.0,167.0,581242558.0,595548535.0,18804350.0,,
2002-12-24,1340.0,1538.0,208.0,141609875.0,359627953.0,9927110.0,,
2002-12-26,1888.0,1312.0,190.0,389026432.0,310019200.0,17432600.0,,
2002-12-27,914.0,2094.0,147.0,104166552.0,721159676.0,8636810.0,,
2002-12-30,1849.0,1424.0,162.0,588529472.0,428160480.0,20591710.0,,
2002-12-31,1882.0,1121.0,201.0,710488365.0,442001866.0,31835790.0,,
2003-01-02,2427.0,654.0,124.0,1275449266.0,83505391.0,12738920.0,,
2003-01-03,1609.0,1424.0,167.0,584715084.0,632921270.0,21469920.0,,
2003-01-06,2354.0,783.0,120.0,1253452959.0,291431168.0,11392710.0,,
2003-01-07,1209.0,1908.0,127.0,754692145.0,948856794.0,25156290.0,,
2003-01-08,1238.0,2077.0,151.0,385182400.0,1051792000.0,9287250.0,,
2003-01-09,2244.0,870.0,139.0,1428282884.0,260472785.0,10964865.0,,
2003-01-10,1568.0,1507.0,155.0,952876433.0,685779166.0,28429655.0,,
2003-01-13,1559.0,1523.0,164.0,759246562.0,740856662.0,17305185.0,,
2003-01-14,1869.0,1224.0,156.0,1018849493.0,463627413.0,16262685.0,,
2003-01-15,1182.0,1910.0,140.0,406500059.0,1088143974.0,34615670.0,,
2003-01-16,1649.0,1417.0,149.0,711687103.0,917882478.0,18378315.0,,
2003-01-17,1001.0,2069.0,140.0,351622454.0,1134622706.0,12779940.0,,
2003-01-21,930.0,2179.0,145.0,219996542.0,1213690824.0,5571440.0,,
2003-01-22,1080.0,1984.0,177.0,552478314.0,1137358292.0,17449775.0,,
2003-01-23,1925.0,1151.0,154.0,1228539745.0,608992425.0,27734475.0,,
2003-01-24,760.0,2326.0,130.0,297736520.0,1369309248.0,21492165.0,,
2003-01-27,669.0,2431.0,125.0,167310989.0,1391243855.0,12604350.0,,
2003-01-28,1983.0,1108.0,145.0,1149447378.0,416536233.0,12368100.0,,
2003-01-29,1685.0,1346.0,175.0,1008907010.0,675548189.0,36028455.0,,
2003-01-30,964.0,2098.0,157.0,318745763.0,1304977074.0,13521430.0,,
2003-01-31,2202.0,853.0,162.0,1168822742.0,457015945.0,10702950.0,,
2003-02-03,1615.0,1429.0,177.0,720564503.0,600682356.0,16050830.0,,
2003-02-04,1246.0,1809.0,162.0,363647637.0,1147867831.0,30475725.0,,
2003-02-05,1318.0,1739.0,159.0,484892923.0,1031142590.0,35740330.0,,
2003-02-06,1083.0,1974.0,146.0,429188186.0,1086449367.0,15920575.0,,
2003-02-07,978.0,2076.0,139.0,310757310.0,1026811300.0,27156680.0,,
2003-02-10,1763.0,1307.0,160.0,878495896.0,444365806.0,21509760.0,,
2003-02-11,1221.0,1841.0,167.0,419796129.0,971103615.0,23784820.0,,
2003-02-12,890.0,2150.0,179.0,255581054.0,1077523537.0,27742285.0,,
2003-02-13,1292.0,1768.0,163.0,555879530.0,1024757116.0,15722510.0,,
2003-02-14,1950.0,1084.0,173.0,1142495440.0,316111018.0,17093250.0,,
2003-02-18,2253.0,828.0,145.0,1108412466.0,176368191.0,5051320.0,,
2003-02-19,1133.0,1898.0,169.0,351971955.0,801560830.0,21157670.0,,
2003-02-20,1400.0,1631.0,167.0,421339039.0,834421371.0,35507280.0,,
2003-02-21,2168.0,871.0,157.0,1049158885.0,436867019.0,13986070.0,,
2003-02-24,958.0,2119.0,130.0,251934168.0,1081766399.0,6009000.0,,
2003-02-25,1784.0,1270.0,169.0,967280379.0,596576574.0,58232011.0,,
2003-02-26,1142.0,1906.0,147.0,502989839.0,934265054.0,15206710.0,,
2003-02-27,2053.0,970.0,176.0,1032140139.0,372671231.0,19198510.0,,
2003-02-28,1778.0,1228.0,196.0,890893320.0,517099775.0,27368370.0,,
2003-03-03,1479.0,1543.0,175.0,453550174.0,807585532.0,27041200.0,,
2003-03-04,1029.0,1997.0,178.0,168699383.0,1124131285.0,16079515.0,,
2003-03-05,1646.0,1408.0,172.0,860111135.0,535662731.0,22513630.0,,
2003-03-06,1129.0,1911.0,170.0,450592747.0,912448326.0,34499935.0,,
2003-03-07,1679.0,1355.0,171.0,951457657.0,522703863.0,11596865.0,,
2003-03-10,704.0,2371.0,140.0,69731934.0,1256387064.0,8122700.0,,
2003-03-11,1229.0,1810.0,175.0,422477538.0,1058579288.0,53841751.0,,
2003-03-12,1275.0,1778.0,167.0,813024945.0,847438076.0,33058230.0,,
2003-03-13,2308.0,796.0,125.0,1542634127.0,341420837.0,31762270.0,,
2003-03-14,1692.0,1346.0,184.0,849110328.0,776488629.0,51021196.0,,
2003-03-17,2323.0,789.0,133.0,1711774278.0,131841269.0,7386170.0,,
2003-03-18,1687.0,1366.0,167.0,1160712653.0,509807833.0,24237195.0,,
2003-03-19,1670.0,1359.0,184.0,996690548.0,544739082.0,29562460.0,,
2003-03-20,1791.0,1236.0,179.0,906043867.0,591801009.0,52033540.0,,
2003-03-21,2194.0,891.0,134.0,1571176554.0,406374701.0,10789180.0,,
2003-03-24,644.0,2443.0,127.0,74915847.0,1332116731.0,7024095.0,,
2003-03-25,2234.0,838.0,145.0,1210762778.0,240376310.0,10907070.0,,
2003-03-26,1303.0,1760.0,149.0,482061838.0,918079315.0,24134610.0,,
2003-03-27,1655.0,1391.0,144.0,609364976.0,688761981.0,36559881.0,,
2003-03-28,1598.0,1401.0,181.0,582381570.0,729467415.0,26314600.0,,
2003-03-31,1202.0,1846.0,160.0,328069926.0,1168569555.0,16203260.0,,
2003-04-01,2090.0,949.0,142.0,1108835812.0,459513294.0,12539025.0,,
2003-04-02,2259.0,806.0,137.0,1516512105.0,232421933.0,7130460.0,,
2003-04-03,1327.0,1686.0,159.0,580252532.0,886108132.0,24560800.0,,
2003-04-04,1660.0,1354.0,161.0,727566620.0,613995120.0,9836305.0,,
2003-04-07,1907.0,1160.0,154.0,1024688856.0,569394333.0,18992640.0,,
2003-04-08,1326.0,1701.0,159.0,464928374.0,848199519.0,15646940.0,,
2003-04-09,1319.0,1709.0,170.0,378804621.0,996257929.0,21930255.0,,
2003-04-10,1738.0,1261.0,191.0,797723947.0,535734039.0,9654130.0,,
2003-04-11,1472.0,1520.0,189.0,586100200.0,603807806.0,32597470.0,,
2003-04-14,2273.0,777.0,151.0,1024845209.0,171843328.0,15440120.0,,
2003-04-15,2006.0,1031.0,162.0,1045479753.0,497433546.0,12762350.0,,
2003-04-16,1336.0,1697.0,168.0,558329100.0,1112540823.0,36387430.0,,
2003-04-17,2268.0,782.0,148.0,1272912347.0,222415521.0,29350950.0,,
2003-04-21,1709.0,1341.0,167.0,696769061.0,529815948.0,10937795.0,,
2003-04-22,2320.0,790.0,118.0,1530573783.0,273205282.0,9133390.0,,
2003-04-23,1902.0,1168.0,153.0,1225407672.0,572337466.0,13357500.0,,
2003-04-24,1235.0,1810.0,167.0,519155329.0,1105478555.0,14502410.0,,
2003-04-25,1129.0,1923.0,159.0,356865549.0,1109573005.0,13539210.0,,
2003-04-28,2323.0,753.0,152.0,1198218313.0,170010539.0,28489810.0,,
2003-04-29,1736.0,1327.0,157.0,1085218884.0,564005237.0,32325210.0,,
2003-04-30,1816.0,1238.0,170.0,942109099.0,844019502.0,38931530.0,,
2003-05-01,1551.0,1473.0,176.0,712904767.0,809666295.0,15039820.0,,
2003-05-02,2350.0,692.0,155.0,1417915165.0,258554397.0,21260395.0,,
2003-05-05,1725.0,1335.0,174.0,883243637.0,678628902.0,20588160.0,,
2003-05-06,2057.0,1004.0,176.0,1300447955.0,479823055.0,37606060.0,,
2003-05-07,1414.0,1627.0,172.0,676357975.0,1014523376.0,28193775.0,,
2003-05-08,1338.0,1710.0,165.0,375607163.0,1088102346.0,33207975.0,,
2003-05-09,2283.0,773.0,148.0,1125420687.0,318630948.0,17729400.0,,
2003-05-12,2149.0,930.0,153.0,1299371917.0,221039891.0,14791630.0,,
2003-05-13,1496.0,1549.0,171.0,745868518.0,781214806.0,23066390.0,,
2003-05-14,1469.0,1571.0,176.0,798341256.0,717419295.0,24337740.0,,
2003-05-15,1915.0,1149.0,161.0,1101308771.0,497083815.0,19449370.0,,
2003-05-16,1535.0,1535.0,152.0,894467379.0,736260430.0,17597490.0,,
2003-05-19,855.0,2214.0,146.0,157947854.0,1337577210.0,8378570.0,,
2003-05-20,1695.0,1342.0,172.0,758721219.0,889214283.0,19181305.0,,
2003-05-21,1831.0,1239.0,154.0,1054556813.0,520922656.0,13024845.0,,
2003-05-22,2029.0,1036.0,161.0,1251521254.0,351067292.0,16288400.0,,
2003-05-23,2021.0,1034.0,160.0,829208783.0,464492998.0,41933430.0,,
2003-05-27,2194.0,883.0,155.0,1409550390.0,277340223.0,9632580.0,,
2003-05-28,1769.0,1298.0,169.0,869149733.0,786013305.0,27718990.0,,
2003-05-29,1624.0,1448.0,167.0,727630269.0,1143267454.0,19177775.0,,
2003-05-30,2405.0,687.0,141.0,1403374827.0,453813387.0,33861905.0,,
2003-06-02,2003.0,1096.0,147.0,1212458059.0,618385033.0,37399110.0,,
2003-06-03,1653.0,1413.0,173.0,738525132.0,849854137.0,19495480.0,,
2003-06-04,2409.0,709.0,134.0,1542277424.0,240769052.0,13127500.0,,
2003-06-05,1918.0,1183.0,164.0,1294592308.0,591824248.0,14596160.0,,
2003-06-06,1511.0,1569.0,157.0,880880466.0,1149572426.0,13081770.0,,
2003-06-09,980.0,2128.0,146.0,248715556.0,1202684913.0,8476555.0,,
2003-06-10,2184.0,896.0,157.0,1026909926.0,388821462.0,23599980.0,,
2003-06-11,2216.0,876.0,150.0,1257983747.0,397759222.0,11241180.0,,
2003-06-12,1796.0,1299.0,150.0,844151634.0,805770133.0,46399199.0,,
2003-06-13,1054.0,2024.0,146.0,340887011.0,1055014558.0,19672575.0,,
2003-06-16,2281.0,810.0,139.0,1209941782.0,226726861.0,10397170.0,,
2003-06-17,1422.0,1647.0,171.0,870888347.0,715946329.0,39591701.0,,
2003-06-18,1211.0,1867.0,153.0,711807049.0,871102589.0,39829000.0,,
2003-06-19,1039.0,2027.0,153.0,398040834.0,1232931095.0,38808220.0,,
2003-06-20,1494.0,1528.0,185.0,851355179.0,986632841.0,19109440.0,,
2003-06-23,740.0,2320.0,152.0,175106701.0,1309801766.0,10727190.0,,
2003-06-24,1643.0,1421.0,159.0,810869288.0,715853277.0,12657570.0,,
2003-06-25,1662.0,1418.0,164.0,662763897.0,903978498.0,27803040.0,,
2003-06-26,2012.0,1072.0,149.0,1091917991.0,421429369.0,19223275.0,,
2003-06-27,1437.0,1604.0,164.0,386691757.0,920905615.0,36787321.0,,
2003-06-30,1575.0,1497.0,149.0,828906116.0,856168751.0,28703410.0,,
2003-07-01,1842.0,1189.0,171.0,977260769.0,596597308.0,20245060.0,,
2003-07-02,2390.0,688.0,136.0,1273568915.0,285009897.0,38564720.0,,
2003-07-03,1143.0,1774.0,187.0,191500358.0,611825260.0,19361370.0,,
2003-07-07,2120.0,957.0,152.0,1249261720.0,284513666.0,13690380.0,,
2003-07-08,1761.0,1290.0,163.0,994991046.0,678987293.0,32009820.0,,
2003-07-09,1398.0,1633.0,184.0,856220488.0,862798118.0,21879700.0,,
2003-07-10,870.0,2167.0,165.0,285642472.0,1312689364.0,6970660.0,,
2003-07-11,2084.0,949.0,166.0,895260162.0,419979958.0,30498560.0,,
2003-07-14,1883.0,1195.0,141.0,1027740062.0,554699483.0,14625600.0,,
2003-07-15,1055.0,2026.0,136.0,559094528.0,1101952723.0,13985470.0,,
2003-07-16,990.0,2059.0,157.0,523899981.0,1306410635.0,40129160.0,,
2003-07-17,729.0,2317.0,123.0,356237367.0,1444955605.0,12556010.0,,
2003-07-18,2055.0,962.0,169.0,1182211917.0,277252063.0,13488370.0,,
2003-07-21,792.0,2264.0,146.0,284056203.0,1030143655.0,14557000.0,,
2003-07-22,1789.0,1280.0,138.0,1165484467.0,387716224.0,38951250.0,,
2003-07-23,1563.0,1440.0,179.0,703175493.0,738989232.0,25506560.0,,
2003-07-24,1482.0,1574.0,139.0,708604132.0,984203998.0,9865260.0,,
2003-07-25,2016.0,1023.0,159.0,1132614236.0,373875635.0,6729020.0,,
2003-07-28,1477.0,1609.0,118.0,714709357.0,684537357.0,13910950.0,,
2003-07-29,1203.0,1849.0,153.0,494387904.0,1031051469.0,25103150.0,,
2003-07-30,1451.0,1583.0,161.0,578750046.0,867977385.0,40307780.0,,
2003-07-31,1494.0,1579.0,131.0,1015898437.0,708379677.0,40201000.0,,
2003-08-01,854.0,2188.0,149.0,385735399.0,1066058542.0,27391500.0,,
2003-08-04,1092.0,1943.0,155.0,644154524.0,741788319.0,21714750.0,,
2003-08-05,933.0,2102.0,155.0,224657009.0,1170840822.0,19077395.0,,
2003-08-06,1507.0,1542.0,144.0,893887505.0,693045825.0,11506970.0,,
2003-08-07,1868.0,1164.0,144.0,911953448.0,555156708.0,19815510.0,,
2003-08-08,1889.0,1122.0,166.0,754838579.0,398093846.0,37425870.0,,
2003-08-11,1811.0,1177.0,183.0,696562178.0,378100766.0,37348179.0,,
2003-08-12,2145.0,884.0,143.0,932393872.0,291400504.0,14466120.0,,
2003-08-13,1338.0,1683.0,171.0,566308486.0,742932364.0,16713200.0,,
2003-08-14,1897.0,1126.0,158.0,840777826.0,427369510.0,25327850.0,,
2003-08-15,1603.0,1292.0,179.0,345003338.0,289043654.0,13917450.0,,
2003-08-18,2061.0,1002.0,133.0,938290441.0,295849272.0,16285410.0,,
2003-08-19,1980.0,1064.0,168.0,991248212.0,434019509.0,14324810.0,,
2003-08-20,1644.0,1360.0,194.0,667714694.0,638206826.0,31527005.0,,
2003-08-21,1966.0,1065.0,176.0,1015977873.0,487099709.0,46515110.0,,
2003-08-22,927.0,2115.0,146.0,364633713.0,1064111189.0,8889440.0,,
2003-08-25,1240.0,1766.0,174.0,387810669.0,647097382.0,23601870.0,,
2003-08-26,1716.0,1307.0,188.0,806741244.0,449481225.0,37225770.0,,
2003-08-27,1818.0,1185.0,186.0,721698175.0,411497027.0,37785581.0,,
2003-08-28,2087.0,916.0,167.0,930043471.0,323877583.0,26008710.0,,
2003-08-29,1962.0,994.0,202.0,736162833.0,277755779.0,32433900.0,,
2003-09-02,2231.0,838.0,142.0,1320484404.0,258977331.0,16355985.0,,
2003-09-03,1913.0,1136.0,153.0,1163043980.0,664011426.0,28067805.0,,
2003-09-04,1687.0,1338.0,178.0,878357633.0,720595444.0,28879010.0,,
2003-09-05,1311.0,1716.0,149.0,694267392.0,912137990.0,25369970.0,,
2003-09-08,2160.0,874.0,157.0,1147005424.0,303504786.0,13919625.0,,
2003-09-09,1131.0,1892.0,175.0,372254291.0,1168629872.0,18526570.0,,
2003-09-10,984.0,2084.0,149.0,310440744.0,1360678932.0,22555880.0,,
2003-09-11,2003.0,1039.0,152.0,1011692756.0,409349506.0,33987945.0,,
2003-09-12,1775.0,1229.0,171.0,785898720.0,537377472.0,33711260.0,,
2003-09-15,1361.0,1673.0,147.0,447570934.0,794982720.0,9846950.0,,
2003-09-16,2205.0,840.0,143.0,1296235297.0,223470907.0,10665350.0,,
2003-09-17,1436.0,1582.0,171.0,693590856.0,750388459.0,28561730.0,,
2003-09-18,2011.0,1003.0,180.0,1269374885.0,372943191.0,17175700.0,,
2003-09-19,1649.0,1344.0,178.0,724949417.0,844453966.0,34370800.0,,
2003-09-22,839.0,2192.0,155.0,265027794.0,1108359997.0,12876830.0,,
2003-09-23,1926.0,1107.0,168.0,961063928.0,477576429.0,10188000.0,,
2003-09-24,996.0,2057.0,139.0,294956299.0,1414667688.0,4058135.0,,
2003-09-25,991.0,2029.0,144.0,450003724.0,1206106470.0,34583215.0,,
2003-09-26,1039.0,1970.0,165.0,418391636.0,1115387429.0,45874945.0,,
2003-09-29,2127.0,911.0,160.0,1020207984.0,388290662.0,33375000.0,,
2003-09-30,1457.0,1596.0,158.0,505004657.0,1111446468.0,29483430.0,,
2003-10-01,2533.0,533.0,126.0,1389249035.0,246179246.0,16789620.0,,
2003-10-02,1819.0,1187.0,190.0,905174031.0,457498003.0,32729220.0,,
2003-10-03,2074.0,972.0,156.0,1288493027.0,407399354.0,11419520.0,,
2003-10-06,1950.0,1054.0,159.0,743379107.0,353583716.0,13077230.0,,
2003-10-07,1834.0,1185.0,171.0,918787113.0,480092040.0,21861110.0,,
2003-10-08,1345.0,1662.0,169.0,519691984.0,839228175.0,16556710.0,,
2003-10-09,1911.0,1135.0,152.0,1161044757.0,550052482.0,24948470.0,,
2003-10-10,1608.0,1408.0,173.0,608221360.0,600599690.0,21041660.0,,
2003-10-13,2181.0,831.0,160.0,868252908.0,277174974.0,13010120.0,,
2003-10-14,1757.0,1272.0,165.0,768701134.0,603228656.0,22501200.0,,
2003-10-15,1169.0,1851.0,177.0,582766909.0,1015124913.0,45408886.0,,
2003-10-16,1781.0,1232.0,170.0,920038164.0,557841356.0,41174941.0,,
2003-10-17,923.0,2072.0,151.0,310592230.0,1081250786.0,36825050.0,,
2003-10-20,1685.0,1327.0,175.0,739683094.0,535276323.0,26363250.0,,
2003-10-21,1676.0,1335.0,175.0,872837301.0,744246498.0,13787810.0,,
2003-10-22,882.0,2147.0,158.0,452595308.0,1374987960.0,18469140.0,,
2003-10-23,1435.0,1582.0,157.0,926483358.0,861725525.0,10854250.0,,
2003-10-24,1255.0,1730.0,171.0,521044507.0,1032548034.0,26565350.0,,
2003-10-27,2032.0,977.0,174.0,954935520.0,530533622.0,11361160.0,,
2003-10-28,2074.0,968.0,153.0,1373021807.0,435231394.0,23332710.0,,
2003-10-29,1904.0,1132.0,157.0,1122883459.0,567809054.0,23447805.0,,
2003-10-30,1551.0,1506.0,153.0,911494714.0,887222715.0,19784800.0,,
2003-10-31,1646.0,1349.0,175.0,835620044.0,763743293.0,30171250.0,,
2003-11-03,2124.0,919.0,141.0,1146706550.0,347623821.0,15196533.0,,
2003-11-04,1581.0,1471.0,149.0,561665219.0,962613576.0,19573366.0,,
2003-11-05,1518.0,1492.0,167.0,775113738.0,726985005.0,26074120.0,,
2003-11-06,1798.0,1224.0,172.0,1012006209.0,543825593.0,18212370.0,,
2003-11-07,1669.0,1362.0,142.0,781094567.0,763931933.0,28904410.0,,
2003-11-10,1048.0,1993.0,147.0,376372967.0,970162191.0,12229030.0,,
2003-11-11,1198.0,1814.0,165.0,463062054.0,790300678.0,26367430.0,,
2003-11-12,2347.0,701.0,135.0,1231967340.0,238772387.0,21921800.0,,
2003-11-13,1726.0,1310.0,161.0,758185553.0,734867487.0,21334255.0,,
2003-11-14,1222.0,1797.0,164.0,495880770.0,963426291.0,10881440.0,,
2003-11-17,884.0,2153.0,164.0,249037032.0,1188322743.0,41234230.0,,
2003-11-18,1244.0,1805.0,158.0,447256009.0,1001328913.0,9179250.0,,
2003-11-19,1644.0,1366.0,158.0,648722085.0,494597974.0,12473605.0,,
2003-11-20,1158.0,1890.0,157.0,401520801.0,1019324465.0,11808370.0,,
2003-11-21,1818.0,1188.0,197.0,783537051.0,561024623.0,29391630.0,,
2003-11-24,2320.0,752.0,156.0,1223541116.0,202650991.0,18121575.0,,
2003-11-25,2077.0,971.0,157.0,1028909550.0,435856254.0,15352055.0,,
2003-11-26,1995.0,1001.0,176.0,887798556.0,324365819.0,13268260.0,,
2003-11-28,1687.0,1157.0,193.0,308510381.0,208980156.0,13256960.0,,
2003-12-01,2417.0,882.0,151.0,1080716800.0,245573648.0,26385400.0,,
2003-12-02,1496.0,1535.0,182.0,647249664.0,867805529.0,20819750.0,,
2003-12-03,1398.0,1657.0,168.0,677626413.0,873305407.0,37388825.0,,
2003-12-04,1504.0,1517.0,163.0,804752293.0,819900793.0,13396410.0,,
2003-12-05,1299.0,1707.0,179.0,402442765.0,914799157.0,30899980.0,,
2003-12-08,2023.0,998.0,164.0,801654911.0,495440083.0,18723450.0,,
2003-12-09,1184.0,1873.0,151.0,459367258.0,1107976980.0,13346010.0,,
2003-12-10,1162.0,1919.0,134.0,562410780.0,991474635.0,18557345.0,,
2003-12-11,2310.0,741.0,144.0,1363216723.0,201334729.0,23422840.0,,
2003-12-12,2033.0,1029.0,138.0,852786865.0,463253189.0,19550520.0,,
2003-12-15,1156.0,1914.0,136.0,572301236.0,1020018300.0,21762015.0,,
2003-12-16,1817.0,1267.0,126.0,1008115301.0,617854879.0,37064020.0,,
2003-12-17,1791.0,1221.0,186.0,841785984.0,670021650.0,39728930.0,,
2003-12-18,2287.0,764.0,151.0,1465144733.0,227244581.0,24317680.0,,
2003-12-19,1553.0,1479.0,161.0,870202095.0,828551069.0,34533650.0,,
2003-12-22,1912.0,1131.0,179.0,906202399.0,450509312.0,17297350.0,,
2003-12-23,1913.0,1110.0,182.0,779097483.0,475454328.0,21161770.0,,
2003-12-24,1480.0,1414.0,184.0,248895170.0,311487924.0,14332720.0,,
2003-12-26,1834.0,1026.0,183.0,272373607.0,117819656.0,9403970.0,,
2003-12-29,2384.0,696.0,123.0,1058977163.0,112714258.0,4452435.0,,
2003-12-30,1768.0,1257.0,169.0,581972826.0,470571410.0,45920619.0,,
2003-12-31,1401.0,1636.0,145.0,578739261.0,478202323.0,33099225.0,,
2004-01-02,1630.0,1399.0,151.0,691735958.0,572826361.0,28393705.0,,
2004-01-05,2089.0,1006.0,127.0,1356316048.0,413141034.0,22714250.0,,
2004-01-06,1578.0,1502.0,144.0,872569820.0,786585514.0,32252755.0,,
2004-01-07,1644.0,1443.0,144.0,1148662043.0,781854454.0,36124840.0,,
2004-01-08,1879.0,1184.0,160.0,1496390493.0,665485274.0,11168870.0,,
2004-01-09,1478.0,1602.0,152.0,687316735.0,1204077150.0,15700645.0,,
2004-01-12,1907.0,1172.0,139.0,1037837187.0,596786384.0,18154420.0,,
2004-01-13,1488.0,1600.0,146.0,704661066.0,1023499638.0,19544225.0,,
2004-01-14,2073.0,991.0,159.0,1270583242.0,433491627.0,24761410.0,,
2004-01-15,1519.0,1564.0,128.0,1005793359.0,890359385.0,33542850.0,,
2004-01-16,1755.0,1313.0,132.0,1486944838.0,486471689.0,28247900.0,,
2004-01-20,1933.0,1167.0,121.0,1283466714.0,652120225.0,12094050.0,,
2004-01-21,1915.0,1145.0,156.0,1145646060.0,875695963.0,11575390.0,,
2004-01-22,1580.0,1499.0,147.0,768572723.0,1179243770.0,12809745.0,,
2004-01-23,1629.0,1451.0,137.0,841386403.0,845343673.0,55509950.0,,
2004-01-26,1760.0,1324.0,154.0,1163352406.0,447783107.0,19483220.0,,
2004-01-27,1334.0,1748.0,128.0,728596580.0,1081986445.0,13718425.0,,
2004-01-28,841.0,2288.0,101.0,430612547.0,1622286582.0,11826850.0,,
2004-01-29,1158.0,1925.0,113.0,869743297.0,1230095389.0,45858225.0,,
2004-01-30,1574.0,1455.0,153.0,995191671.0,817203220.0,30661410.0,,
2004-02-02,1656.0,1412.0,139.0,995856700.0,731566190.0,44725350.0,,
2004-02-03,1551.0,1513.0,149.0,705060485.0,923287277.0,10553100.0,,
2004-02-04,798.0,2245.0,152.0,461503534.0,1329647251.0,18087340.0,,
2004-02-05,1634.0,1416.0,140.0,1000596502.0,724851002.0,7597450.0,,
2004-02-06,2484.0,618.0,112.0,1413531077.0,213979811.0,5985510.0,,
2004-02-09,1706.0,1372.0,142.0,751145793.0,672703616.0,15874900.0,,
2004-02-10,2020.0,1047.0,150.0,938113884.0,602109539.0,11945470.0,,
2004-02-11,2112.0,945.0,165.0,1492200635.0,394922780.0,23774880.0,,
2004-02-12,1305.0,1743.0,180.0,726735410.0,894641811.0,24132915.0,,
2004-02-13,1145.0,1918.0,138.0,467539045.0,973782012.0,23184750.0,,
2004-02-17,2290.0,809.0,129.0,1226374851.0,339311542.0,18707340.0,,
2004-02-18,1182.0,1887.0,147.0,510851858.0,1043729671.0,9276980.0,,
2004-02-19,1128.0,1934.0,164.0,623176403.0,1049069525.0,42938400.0,,
2004-02-20,1109.0,1945.0,154.0,431748160.0,1178642244.0,34080350.0,,
2004-02-23,1112.0,1953.0,161.0,489739872.0,1051684265.0,14803995.0,,
2004-02-24,1556.0,1511.0,156.0,675284688.0,991349270.0,30757760.0,,
2004-02-25,2014.0,1040.0,156.0,1069294571.0,419811116.0,22610200.0,,
2004-02-26,1916.0,1136.0,166.0,995650771.0,520019301.0,22434545.0,,
2004-02-27,1092.0,545.0,90.0,443869120.0,298339360.0,12002205.0,,
2004-03-01,2343.0,729.0,137.0,1288265359.0,291058706.0,29287600.0,,
2004-03-02,1315.0,1751.0,146.0,597394625.0,1032941029.0,17210430.0,,
2004-03-03,1521.0,1523.0,162.0,701353193.0,739218406.0,33387795.0,,
2004-03-04,1918.0,1134.0,157.0,885191987.0,477281163.0,44452719.0,,
2004-03-05,2042.0,1030.0,128.0,915178231.0,595319317.0,13715270.0,,
2004-03-08,1251.0,1825.0,128.0,401408696.0,979358831.0,23360830.0,,
2004-03-09,1111.0,1966.0,136.0,279959787.0,1340901373.0,27731365.0,,
2004-03-10,734.0,2356.0,133.0,227788320.0,1588567053.0,10595850.0,,
2004-03-11,788.0,2296.0,134.0,283079806.0,1797842910.0,26067510.0,,
2004-03-12,2277.0,805.0,135.0,1326951645.0,192363408.0,17048600.0,,
2004-03-15,762.0,2300.0,140.0,179201786.0,1523609796.0,11294130.0,,
2004-03-16,1789.0,1257.0,148.0,1062629347.0,555956185.0,37881500.0,,
2004-03-17,2400.0,703.0,113.0,1348850595.0,294468273.0,31237959.0,,
2004-03-18,1361.0,1701.0,154.0,626394245.0,833672707.0,33774685.0,,
2004-03-19,1134.0,1888.0,171.0,362968404.0,1176360695.0,28452175.0,,
2004-03-22,676.0,2399.0,120.0,122966311.0,1468137766.0,13153325.0,,
2004-03-23,1749.0,1289.0,176.0,836093575.0,738826270.0,27338450.0,,
2004-03-24,1046.0,1974.0,168.0,486739211.0,1120115372.0,48163686.0,,
2004-03-25,2240.0,803.0,156.0,1411034829.0,240550235.0,13339730.0,,
2004-03-26,1637.0,1422.0,133.0,814519082.0,638461872.0,12382300.0,,
2004-03-29,2282.0,798.0,139.0,1314746045.0,175790343.0,15928255.0,,
2004-03-30,2042.0,1005.0,162.0,1042407054.0,403602702.0,13982750.0,,
2004-03-31,1871.0,1184.0,158.0,883918252.0,719884239.0,48547390.0,,
2004-04-01,2029.0,1032.0,140.0,1171734538.0,509467003.0,14889865.0,,
2004-04-02,1681.0,1390.0,132.0,1241391918.0,530738427.0,15148500.0,,
2004-04-05,1480.0,1637.0,113.0,999818145.0,537629398.0,23605260.0,,
2004-04-06,1166.0,1913.0,123.0,582664899.0,960032127.0,15616000.0,,
2004-04-07,1464.0,1589.0,153.0,560602722.0,1041448119.0,25279670.0,,
2004-04-08,1087.0,1918.0,168.0,542281732.0,753143407.0,18435975.0,,
2004-04-09,1087.0,1918.0,167.0,542281732.0,753143407.0,18431525.0,,
2004-04-12,1584.0,1467.0,157.0,676185286.0,544802433.0,13760650.0,,
2004-04-13,399.0,2727.0,102.0,167714312.0,1445110301.0,8188440.0,,
2004-04-14,714.0,2416.0,108.0,510255031.0,1145154989.0,45074400.0,,
2004-04-15,1514.0,1567.0,139.0,830144476.0,871954665.0,11259700.0,,
2004-04-16,2221.0,851.0,129.0,1036861289.0,585048682.0,14572610.0,,
2004-04-19,1531.0,1516.0,147.0,663398485.0,637218876.0,15250500.0,,
2004-04-20,725.0,2353.0,121.0,335662632.0,1385229269.0,6099520.0,,
2004-04-21,1512.0,1578.0,130.0,1209750181.0,697094359.0,12383200.0,,
2004-04-22,2348.0,735.0,123.0,1602671978.0,411269727.0,5381460.0,,
2004-04-23,1077.0,1993.0,136.0,604060472.0,917956900.0,26818829.0,,
2004-04-26,1172.0,1894.0,150.0,502221815.0,899492218.0,28367420.0,,
2004-04-27,1732.0,1338.0,150.0,836342772.0,821676200.0,23282330.0,,
2004-04-28,690.0,2388.0,131.0,271281276.0,1858886427.0,8618800.0,,
2004-04-29,792.0,2284.0,134.0,407244592.0,1580586944.0,82244524.0,,
2004-04-30,1209.0,1816.0,172.0,500273993.0,1272489024.0,30999625.0,,
2004-05-03,1859.0,1215.0,130.0,1089400123.0,633396804.0,30663540.0,,
2004-05-04,1773.0,1288.0,145.0,1153978213.0,649630958.0,31870800.0,,
2004-05-05,1527.0,1520.0,146.0,892269925.0,728219346.0,25103725.0,,
2004-05-06,604.0,2501.0,99.0,329731363.0,1320459198.0,9443350.0,,
2004-05-07,249.0,2937.0,60.0,199951496.0,1575023756.0,17288825.0,,
2004-05-10,335.0,2866.0,60.0,302405289.0,1776490524.0,23798700.0,,
2004-05-11,2492.0,648.0,91.0,1306252746.0,350889639.0,27224070.0,,
2004-05-12,1585.0,1495.0,155.0,930557371.0,887243629.0,41031150.0,,
2004-05-13,1466.0,1616.0,130.0,732259339.0,818125507.0,12909400.0,,
2004-05-14,1693.0,1376.0,127.0,672697376.0,795087811.0,24064390.0,,
2004-05-17,939.0,2150.0,120.0,217063584.0,1333176182.0,22094430.0,,
2004-05-18,2245.0,848.0,131.0,1152243257.0,344871789.0,25183210.0,,
2004-05-19,1631.0,1444.0,125.0,897714350.0,790104560.0,24852830.0,,
2004-05-20,1777.0,1307.0,112.0,579203949.0,743331046.0,13073900.0,,
2004-05-21,2026.0,1009.0,144.0,926271627.0,448682391.0,18241400.0,,
2004-05-24,2227.0,850.0,122.0,882555957.0,399882635.0,31398840.0,,
2004-05-25,2605.0,524.0,99.0,1468799252.0,177341686.0,48164650.0,,
2004-05-26,1893.0,1173.0,149.0,906101939.0,596369723.0,24008580.0,,
2004-05-27,2108.0,966.0,133.0,1156983955.0,427089406.0,30035150.0,,
2004-05-28,1757.0,1288.0,149.0,676071744.0,579963906.0,25506400.0,,
2004-06-01,1566.0,1487.0,128.0,653838546.0,695907557.0,13668460.0,,
2004-06-02,1841.0,1211.0,153.0,774596268.0,595422346.0,19878155.0,,
2004-06-03,806.0,2256.0,116.0,261192687.0,1096832649.0,10188330.0,,
2004-06-04,2011.0,1007.0,157.0,924909849.0,294923342.0,11001230.0,,
2004-06-07,2475.0,609.0,115.0,1209122518.0,107694330.0,13242470.0,,
2004-06-08,1400.0,1621.0,156.0,635401638.0,646360156.0,37170750.0,,
2004-06-09,752.0,2265.0,160.0,311104637.0,1090213559.0,24221925.0,,
2004-06-10,1714.0,1317.0,141.0,758169524.0,508295847.0,46302925.0,,
2004-06-14,543.0,2572.0,89.0,187490146.0,1093760195.0,23943050.0,,
2004-06-15,2408.0,689.0,111.0,1151915104.0,305352067.0,21582420.0,,
2004-06-16,1678.0,1366.0,141.0,707722831.0,563057785.0,28530320.0,,
2004-06-17,1776.0,1237.0,161.0,778118753.0,610841915.0,44630400.0,,
2004-06-18,1694.0,1330.0,152.0,991771106.0,620361976.0,25991550.0,,
2004-06-21,1457.0,1604.0,126.0,518940293.0,720358455.0,17201640.0,,
2004-06-22,1644.0,1372.0,163.0,985232777.0,528024421.0,31475100.0,,
2004-06-23,2145.0,900.0,130.0,1275565787.0,319319737.0,7391440.0,,
2004-06-24,1526.0,1530.0,149.0,662535325.0,877019777.0,21820590.0,,
2004-06-25,1656.0,1372.0,138.0,902333692.0,1017062141.0,40701796.0,,
2004-06-28,1370.0,1671.0,133.0,618066417.0,849910313.0,30351100.0,,
2004-06-29,1615.0,1464.0,124.0,851294625.0,658609790.0,14331580.0,,
2004-06-30,2232.0,833.0,145.0,1131673233.0,436563484.0,69736054.0,,
2004-07-01,1231.0,1815.0,134.0,334386819.0,1280588869.0,21763775.0,,
2004-07-02,1932.0,1129.0,105.0,442210659.0,732520916.0,13867110.0,,
2004-07-06,1134.0,1915.0,119.0,310359997.0,1101947482.0,11608480.0,,
2004-07-07,1880.0,1149.0,144.0,859680450.0,563094421.0,46942379.0,,
2004-07-08,995.0,2044.0,135.0,318029468.0,1211030282.0,7808550.0,,
2004-07-09,1885.0,1107.0,138.0,790351867.0,476157684.0,30270400.0,,
2004-07-12,1685.0,1342.0,158.0,571144000.0,628486911.0,25659255.0,,
2004-07-13,1562.0,1477.0,144.0,732285510.0,582045123.0,22285120.0,,
2004-07-14,1454.0,1588.0,144.0,630790409.0,977010851.0,10851550.0,,
2004-07-15,1627.0,1381.0,141.0,610253088.0,932996925.0,17033300.0,,
2004-07-16,1548.0,1484.0,137.0,602869841.0,965308652.0,11953240.0,,
2004-07-19,1605.0,1445.0,124.0,623878164.0,802414131.0,24443210.0,,
2004-07-20,1840.0,1197.0,145.0,1078081439.0,487026153.0,29884150.0,,
2004-07-21,676.0,2403.0,108.0,303832865.0,1554086593.0,7419050.0,,
2004-07-22,1176.0,1863.0,139.0,807430406.0,1007720194.0,13123060.0,,
2004-07-23,960.0,2056.0,139.0,311755522.0,1139652171.0,11176905.0,,
2004-07-26,984.0,2061.0,128.0,447295345.0,1086470172.0,14296330.0,,
2004-07-27,1964.0,1098.0,132.0,1170391651.0,568602924.0,41760259.0,,
2004-07-28,1492.0,1559.0,130.0,775928709.0,917941284.0,18227550.0,,
2004-07-29,2129.0,904.0,142.0,1176207348.0,451181706.0,53901159.0,,
2004-07-30,1850.0,1165.0,128.0,792262054.0,606346926.0,26948180.0,,
2004-08-02,1790.0,1222.0,141.0,860098659.0,521486761.0,19524240.0,,
2004-08-03,1295.0,1734.0,153.0,479251434.0,977055197.0,12735930.0,,
2004-08-04,1469.0,1570.0,128.0,639783270.0,844290102.0,17879200.0,,
2004-08-05,758.0,2249.0,152.0,176277919.0,1332758373.0,31279440.0,,
2004-08-06,1109.0,1984.0,94.0,261895848.0,1381204738.0,9700150.0,,
2004-08-09,1414.0,1640.0,138.0,582406152.0,589256868.0,20067980.0,,
2004-08-10,2279.0,772.0,134.0,1153152772.0,199108842.0,11574160.0,,
2004-08-11,1265.0,1753.0,154.0,543981802.0,989348075.0,24588005.0,,
2004-08-12,861.0,2179.0,121.0,196607268.0,1339895078.0,16754355.0,,
2004-08-13,1713.0,1283.0,155.0,676298790.0,591619399.0,21236780.0,,
2004-08-16,2403.0,646.0,107.0,1196243492.0,125626514.0,4509200.0,,
2004-08-17,1792.0,1254.0,137.0,863722593.0,507035471.0,31008825.0,,
2004-08-18,2378.0,684.0,136.0,1259805809.0,154898613.0,19273915.0,,
2004-08-19,1303.0,1703.0,147.0,591092643.0,783619112.0,25728150.0,,
2004-08-20,2312.0,733.0,118.0,1080325512.0,228651429.0,10389500.0,,
2004-08-23,1098.0,1955.0,136.0,413263036.0,704961021.0,24599920.0,,
2004-08-24,1735.0,1350.0,131.0,586427744.0,590805256.0,39328570.0,,
2004-08-25,2151.0,933.0,127.0,987037142.0,324244630.0,16942580.0,,
2004-08-26,1650.0,1383.0,116.0,603427957.0,495489499.0,24992770.0,,
2004-08-27,2029.0,981.0,165.0,609275816.0,304478062.0,20819875.0,,
2004-08-30,1131.0,1900.0,142.0,175908522.0,743545978.0,14110700.0,,
2004-08-31,2136.0,944.0,134.0,850728781.0,404657468.0,8663130.0,,
2004-09-01,1888.0,1155.0,156.0,778857473.0,463558169.0,21375820.0,,
2004-09-02,2229.0,811.0,138.0,1030055103.0,184250328.0,22615010.0,,
2004-09-03,1260.0,1760.0,149.0,412976732.0,597624611.0,14667660.0,,
2004-09-07,2253.0,818.0,113.0,980845203.0,341047316.0,17357455.0,,
2004-09-08,1210.0,1821.0,157.0,475920447.0,899918933.0,19331495.0,,
2004-09-09,1866.0,1195.0,129.0,952741896.0,560863435.0,18689275.0,,
2004-09-10,1805.0,1233.0,137.0,932354756.0,458336558.0,9012705.0,,
2004-09-13,1838.0,1230.0,119.0,919573760.0,519905078.0,12958805.0,,
2004-09-14,1472.0,1591.0,133.0,700114305.0,641707545.0,17880675.0,,
2004-09-15,1226.0,1785.0,142.0,367765454.0,1026362259.0,21015250.0,,
2004-09-16,2263.0,777.0,134.0,803215932.0,435420819.0,22203200.0,,
2004-09-17,1587.0,1445.0,147.0,940745769.0,628285183.0,15388315.0,,
2004-09-20,1200.0,1827.0,155.0,518486031.0,796376467.0,14559970.0,,
2004-09-21,2168.0,884.0,149.0,1070606852.0,374330728.0,17153780.0,,
2004-09-22,877.0,2187.0,137.0,232156868.0,1289382204.0,10645415.0,,
2004-09-23,1374.0,1658.0,169.0,472796500.0,934345022.0,30100250.0,,
2004-09-24,1680.0,1347.0,153.0,723825156.0,646437478.0,22840850.0,,
2004-09-27,1043.0,2018.0,141.0,340360265.0,1051610145.0,13368000.0,,
2004-09-28,2083.0,970.0,158.0,1061203139.0,480446412.0,19339540.0,,
2004-09-29,1698.0,1341.0,126.0,933370181.0,611208503.0,22999765.0,,
2004-09-30,1860.0,1193.0,140.0,1179331698.0,760858768.0,30093650.0,,
2004-10-01,2309.0,724.0,124.0,1499505839.0,241577577.0,12242450.0,,
2004-10-04,1815.0,1245.0,134.0,1141307145.0,545765842.0,37133711.0,,
2004-10-05,1482.0,1572.0,130.0,629635284.0,938776634.0,15688430.0,,
2004-10-06,2071.0,939.0,157.0,1173026298.0,402123950.0,23127135.0,,
2004-10-07,781.0,2252.0,137.0,408821299.0,1228027924.0,11805800.0,,
2004-10-08,1428.0,1611.0,120.0,395647843.0,1022157837.0,21797400.0,,
2004-10-11,1562.0,1430.0,146.0,507267531.0,529265339.0,15281370.0,,
2004-10-12,1419.0,1635.0,116.0,481686908.0,971443155.0,15497300.0,,
2004-10-13,950.0,2109.0,141.0,447321820.0,1251452381.0,19214240.0,,
2004-10-14,1231.0,1810.0,137.0,489052234.0,1152757028.0,16442165.0,,
2004-10-15,2090.0,946.0,157.0,1082474060.0,705751557.0,37873896.0,,
2004-10-18,1648.0,1392.0,124.0,804374273.0,676405464.0,51471550.0,,
2004-10-19,1046.0,1999.0,145.0,528412712.0,1370960837.0,43456055.0,,
2004-10-20,1641.0,1399.0,143.0,945304576.0,918144500.0,41640761.0,,
2004-10-21,2096.0,960.0,126.0,1201366048.0,635913574.0,13479750.0,,
2004-10-22,1062.0,1949.0,157.0,479680215.0,1089456964.0,73268514.0,,
2004-10-25,1609.0,1435.0,158.0,735285821.0,785487791.0,17500100.0,,
2004-10-26,2196.0,852.0,146.0,1514902791.0,357979797.0,18324805.0,,
2004-10-27,2113.0,935.0,133.0,1412013635.0,510892016.0,25853500.0,,
2004-10-28,1560.0,1474.0,146.0,988003523.0,841340263.0,18882990.0,,
2004-10-29,1738.0,1293.0,161.0,964196055.0,651969966.0,44815350.0,,
2004-11-01,1781.0,1267.0,137.0,793950527.0,743064909.0,23930745.0,,
2004-11-02,1626.0,1450.0,126.0,925188322.0,892525504.0,40069886.0,,
2004-11-03,2348.0,727.0,127.0,1568774012.0,363974968.0,25916260.0,,
2004-11-04,2405.0,681.0,116.0,1601242983.0,385532131.0,18211520.0,,
2004-11-05,1624.0,1510.0,107.0,1222567390.0,648836777.0,45724370.0,,
2004-11-08,1217.0,1869.0,126.0,684839734.0,816641916.0,20902070.0,,
2004-11-09,1758.0,1301.0,139.0,882194653.0,729098515.0,26618750.0,,
2004-11-10,1787.0,1288.0,141.0,934894346.0,718812914.0,41694100.0,,
2004-11-11,2227.0,831.0,115.0,1157227707.0,403706488.0,5153950.0,,
2004-11-12,2275.0,795.0,133.0,1323655564.0,405270489.0,20852810.0,,
2004-11-15,1673.0,1402.0,141.0,886582036.0,742106452.0,16628600.0,,
2004-11-16,1150.0,1925.0,130.0,409962588.0,1110796718.0,25066550.0,,
2004-11-17,2115.0,959.0,135.0,1426719806.0,461759916.0,20798580.0,,
2004-11-18,1510.0,1529.0,156.0,862847190.0,770348833.0,26365085.0,,
2004-11-19,882.0,2201.0,124.0,406329168.0,1291567592.0,9263300.0,,
2004-11-22,2145.0,945.0,130.0,1044933709.0,494242896.0,24558520.0,,
2004-11-23,1867.0,1208.0,132.0,874910330.0,698147137.0,29605000.0,,
2004-11-24,2214.0,836.0,137.0,912393383.0,363239232.0,18127235.0,,
2004-11-26,1685.0,1155.0,150.0,344016269.0,208123670.0,8203550.0,,
2004-11-29,1375.0,1722.0,115.0,636591342.0,873943163.0,34233200.0,,
2004-11-30,1325.0,1763.0,132.0,736274656.0,989560075.0,27581850.0,,
2004-12-01,2174.0,927.0,121.0,1548876195.0,417541285.0,12959780.0,,
2004-12-02,1175.0,1892.0,138.0,816015938.0,1148312497.0,37597280.0,,
2004-12-03,1884.0,1182.0,128.0,945511055.0,785111051.0,29958620.0,,
2004-12-06,1293.0,1789.0,121.0,629164230.0,825806011.0,73986225.0,,
2004-12-07,592.0,2224.0,119.0,324645550.0,1607509110.0,12204100.0,,
2004-12-08,1818.0,1235.0,128.0,918430070.0,779970272.0,18751570.0,,
2004-12-09,1655.0,1386.0,135.0,1085122791.0,719111837.0,24200980.0,,
2004-12-10,1672.0,1356.0,150.0,733036094.0,844470409.0,33165250.0,,
2004-12-13,2115.0,952.0,137.0,1177457005.0,417853618.0,17881025.0,,
2004-12-14,1935.0,1138.0,154.0,1098122471.0,605435519.0,40840806.0,,
2004-12-15,2106.0,993.0,123.0,1242471605.0,628747900.0,47849491.0,,
2004-12-16,1060.0,2011.0,127.0,907773511.0,1091177133.0,19159110.0,,
2004-12-17,1517.0,1552.0,134.0,1154672160.0,1600619279.0,38907411.0,,
2004-12-20,1512.0,1555.0,143.0,752042442.0,821810462.0,32603235.0,,
2004-12-21,2253.0,847.0,125.0,1302975330.0,345566810.0,19174440.0,,
2004-12-22,1834.0,1249.0,127.0,967249973.0,560551571.0,40825540.0,,
2004-12-23,1697.0,1316.0,162.0,611037867.0,433397426.0,26494670.0,,
2004-12-27,1167.0,1881.0,129.0,365818606.0,637796345.0,23234300.0,,
2004-12-28,2302.0,785.0,116.0,872546480.0,205257362.0,26764885.0,,
2004-12-29,1710.0,1344.0,129.0,582756446.0,425704211.0,29052360.0,,
2004-12-30,1728.0,1280.0,156.0,480440285.0,424424333.0,25036770.0,,
2004-12-31,1578.0,1422.0,145.0,429282741.0,439174442.0,11233050.0,,
2005-01-03,775.0,2295.0,122.0,371254338.0,1289754126.0,36446870.0,,
2005-01-04,822.0,2504.0,135.0,191458000.0,1478490000.0,49651000.0,,
2005-01-05,816.0,2262.0,124.0,475207829.0,1421386982.0,30500605.0,,
2005-01-06,1753.0,1302.0,153.0,1055656053.0,664413149.0,30090260.0,,
2005-01-07,1237.0,1826.0,137.0,599399902.0,1041948562.0,18251435.0,,
2005-01-10,1934.0,1153.0,129.0,1037362995.0,587039705.0,38475525.0,,
2005-01-11,1076.0,1988.0,144.0,401585083.0,1266518094.0,15314490.0,,
2005-01-12,1775.0,1303.0,134.0,1026076403.0,690521849.0,38864080.0,,
2005-01-13,1379.0,1682.0,148.0,598477759.0,1061571959.0,20675800.0,,
2005-01-14,2111.0,951.0,152.0,1042179846.0,402261976.0,37470150.0,,
2005-01-18,2113.0,988.0,128.0,1348167186.0,416773748.0,28067055.0,,
2005-01-19,1191.0,1921.0,121.0,393301135.0,1267239974.0,28196975.0,,
2005-01-20,929.0,2114.0,162.0,483549202.0,1391279274.0,12251690.0,,
2005-01-21,1442.0,1599.0,153.0,622283029.0,1155453042.0,49185134.0,,
2005-01-24,1196.0,1897.0,123.0,554956321.0,1101629904.0,16856340.0,,
2005-01-25,1581.0,1507.0,152.0,982614593.0,801550311.0,21383280.0,,
2005-01-26,2190.0,854.0,148.0,1234017592.0,558956837.0,40243200.0,,
2005-01-27,1688.0,1360.0,142.0,1028629824.0,739263687.0,18562345.0,,
2005-01-28,1368.0,1665.0,155.0,710650570.0,1090460151.0,26778700.0,,
2005-01-31,2391.0,720.0,123.0,1466845816.0,395092610.0,14210260.0,,
2005-02-01,2107.0,976.0,137.0,1306571811.0,579219218.0,28515695.0,,
2005-02-02,1925.0,1155.0,133.0,1168236942.0,579554398.0,26409455.0,,
2005-02-03,1398.0,1656.0,159.0,695800719.0,1008594474.0,27515690.0,,
2005-02-04,2355.0,745.0,114.0,1392051680.0,420952021.0,29644450.0,,
2005-02-07,1559.0,1526.0,129.0,703992332.0,794057308.0,21034255.0,,
2005-02-08,1698.0,1379.0,139.0,852319686.0,732816791.0,21519990.0,,
2005-02-09,1000.0,2077.0,145.0,422281897.0,1257595070.0,23964960.0,,
2005-02-10,1708.0,1378.0,136.0,936167893.0,691702713.0,72276454.0,,
2005-02-11,2172.0,905.0,126.0,1308088623.0,381332514.0,45709350.0,,
2005-02-14,1686.0,1384.0,156.0,783895663.0,646024918.0,20292180.0,,
2005-02-15,1649.0,1398.0,163.0,1022108404.0,653105101.0,43078570.0,,
2005-02-16,1635.0,1429.0,150.0,812896661.0,835152901.0,26491280.0,,
2005-02-17,1030.0,2054.0,132.0,500735005.0,1218402894.0,34434540.0,,
2005-02-18,1172.0,1933.0,118.0,836037332.0,862497801.0,30739470.0,,
2005-02-21,1172.0,1933.0,118.0,836737432.0,863115301.0,30744270.0,,
2005-02-22,680.0,2459.0,96.0,310922706.0,1622398065.0,10269485.0,,
2005-02-23,1948.0,1139.0,136.0,1139087606.0,498080504.0,37518465.0,,
2005-02-24,2099.0,1021.0,118.0,1193435042.0,458320881.0,44040501.0,,
2005-02-25,2353.0,724.0,110.0,1345909310.0,346135011.0,13923120.0,,
2005-02-28,1217.0,1878.0,129.0,608075222.0,1411175549.0,23610755.0,,
2005-03-01,1974.0,1104.0,120.0,1270375492.0,640366430.0,26144470.0,,
2005-03-02,1408.0,1630.0,156.0,834343792.0,937985139.0,49618879.0,,
2005-03-03,1618.0,1425.0,147.0,862425273.0,954277092.0,23446930.0,,
2005-03-04,2354.0,716.0,135.0,1332714586.0,504847056.0,29473025.0,,
2005-03-07,1630.0,1433.0,139.0,1021183218.0,656171188.0,25637320.0,,
2005-03-08,1076.0,1975.0,152.0,513536034.0,1184016400.0,31155945.0,,
2005-03-09,648.0,2476.0,106.0,434475506.0,1497554612.0,8473805.0,,
2005-03-10,1292.0,1780.0,145.0,868738204.0,915795783.0,25052990.0,,
2005-03-11,1233.0,1836.0,139.0,577807516.0,988319831.0,45077945.0,,
2005-03-14,1691.0,1403.0,116.0,1101348255.0,470970818.0,17240485.0,,
2005-03-15,1045.0,2030.0,142.0,443468289.0,1235338410.0,10845760.0,,
2005-03-16,870.0,2205.0,131.0,488805603.0,1379415738.0,24377850.0,,
2005-03-17,1753.0,1277.0,145.0,994269305.0,718125349.0,58326200.0,,
2005-03-18,1156.0,1904.0,135.0,1029652761.0,1487040178.0,32195500.0,,
2005-03-21,957.0,2113.0,135.0,578284040.0,1213985830.0,27884750.0,,
2005-03-22,897.0,2188.0,110.0,566253950.0,1516554770.0,855492600.0,,
2005-03-23,704.0,2388.0,115.0,738002490.0,1425871280.0,71713250.0,,
2005-03-24,1835.0,1236.0,129.0,963076430.0,713957340.0,35453600.0,,
2005-03-28,1352.0,1713.0,128.0,766628790.0,899000670.0,26806320.0,,
2005-03-29,921.0,2137.0,116.0,535027420.0,1631937940.0,21830400.0,,
2005-03-30,2321.0,735.0,133.0,1745163140.0,329332780.0,20661080.0,,
2005-03-31,1811.0,1229.0,153.0,1166375970.0,1003794090.0,24890110.0,,
2005-04-01,1426.0,1614.0,121.0,708299570.0,1434690030.0,20207950.0,,
2005-04-04,1586.0,1461.0,115.0,1012189960.0,1011379620.0,52127720.0,,
2005-04-05,1734.0,1314.0,132.0,1092107060.0,738593040.0,30846160.0,,
2005-04-06,1781.0,1241.0,151.0,987967750.0,754458670.0,46651010.0,,
2005-04-07,1939.0,1088.0,142.0,1313548470.0,546579830.0,17694660.0,,
2005-04-08,834.0,2156.0,150.0,370446270.0,1254665170.0,24257170.0,,
2005-04-11,1307.0,1729.0,138.0,626959040.0,867467130.0,24280800.0,,
2005-04-12,1938.0,1116.0,149.0,1247662920.0,700445510.0,27982540.0,,
2005-04-13,858.0,2210.0,124.0,386890730.0,1608829540.0,42872260.0,,
2005-04-14,669.0,2404.0,124.0,439265510.0,1882437120.0,26112390.0,,
2005-04-15,767.0,2491.0,142.0,339175000.0,1813554000.0,13829000.0,,
2005-04-18,1792.0,1261.0,140.0,1273513710.0,852145180.0,26290600.0,,
2005-04-19,2300.0,786.0,106.0,1554317060.0,540363360.0,37122930.0,,
2005-04-20,780.0,2299.0,108.0,341578415.0,1848204230.0,12261520.0,,
2005-04-21,2301.0,763.0,124.0,1888414250.0,368855330.0,24593350.0,,
2005-04-22,1146.0,1867.0,150.0,606236260.0,1383385850.0,43948630.0,,
2005-04-25,2190.0,899.0,117.0,1373608500.0,378487690.0,34276700.0,,
2005-04-26,949.0,2088.0,138.0,404966380.0,1514502480.0,21579010.0,,
2005-04-27,1580.0,1459.0,127.0,1077023460.0,991007700.0,43537400.0,,
2005-04-28,877.0,2161.0,120.0,382517130.0,1782589230.0,8868700.0,,
2005-04-29,2019.0,1018.0,118.0,1609824715.0,719096660.0,37949300.0,,
2005-05-02,1972.0,1064.0,142.0,1289087950.0,635636350.0,50514550.0,,
2005-05-03,1471.0,1585.0,136.0,1001300920.0,1120314785.0,23771850.0,,
2005-05-04,2367.0,724.0,91.0,1954486935.0,315235840.0,27884660.0,,
2005-05-05,1594.0,1451.0,146.0,864563410.0,1109640415.0,33377400.0,,
2005-05-06,1492.0,1517.0,143.0,803360260.0,815469590.0,83927000.0,,
2005-05-09,2089.0,963.0,114.0,1415198870.0,387860410.0,19036450.0,,
2005-05-10,930.0,2121.0,120.0,338227370.0,1516072070.0,25919090.0,,
2005-05-11,1671.0,1375.0,138.0,1035714690.0,724081010.0,42764260.0,,
2005-05-12,831.0,2230.0,122.0,378419490.0,1578762310.0,26343860.0,,
2005-05-13,947.0,2081.0,156.0,584583650.0,1554531470.0,23304100.0,,
2005-05-16,2206.0,847.0,124.0,1326386250.0,503597075.0,23023970.0,,
2005-05-17,1951.0,1089.0,139.0,1341719285.0,461001750.0,77760260.0,,
2005-05-18,2383.0,686.0,129.0,1846512570.0,397477390.0,14474190.0,,
2005-05-19,1881.0,1131.0,158.0,1208711620.0,516632460.0,45424410.0,,
2005-05-20,1355.0,1653.0,159.0,671409100.0,918943590.0,38727200.0,,
2005-05-23,1945.0,1103.0,136.0,1104806000.0,511029170.0,37514000.0,,
2005-05-24,1450.0,1585.0,154.0,786055440.0,828864050.0,37865340.0,,
2005-05-25,977.0,2065.0,138.0,634442080.0,1070466100.0,33315100.0,,
2005-05-26,2282.0,971.0,168.0,1115439505.0,303341355.0,41468145.0,,
2005-05-27,2202.0,1022.0,173.0,734667950.0,433200000.0,30483700.0,,
2005-05-30,2202.0,1022.0,173.0,741389650.0,439068450.0,30519550.0,,
2005-05-31,1675.0,1609.0,151.0,648367235.0,982309570.0,27712245.0,,
2005-06-01,2433.0,882.0,126.0,1230328305.0,344288920.0,30735340.0,,
2005-06-02,1992.0,1315.0,130.0,894207395.0,676408440.0,28481550.0,,
2005-06-03,1422.0,1830.0,150.0,492848915.0,935165125.0,23722350.0,,
2005-06-06,1945.0,1316.0,169.0,683392975.0,627073220.0,25885705.0,,
2005-06-07,1848.0,1396.0,175.0,860639075.0,743131245.0,42134450.0,,
2005-06-08,1411.0,1832.0,189.0,676303435.0,805609080.0,27097325.0,,
2005-06-09,1890.0,1330.0,175.0,1051975740.0,551692980.0,21615145.0,,
2005-06-10,1602.0,1617.0,197.0,714971795.0,694265525.0,36126480.0,,
2005-06-13,1900.0,1377.0,139.0,962923760.0,467897475.0,26168405.0,,
2005-06-14,2071.0,1185.0,167.0,959375460.0,528112215.0,20682825.0,,
2005-06-15,1946.0,1296.0,174.0,961403100.0,574075960.0,71010500.0,,
2005-06-16,2218.0,1054.0,150.0,1088802165.0,445606240.0,23761655.0,,
2005-06-17,2030.0,1229.0,160.0,1594244890.0,769079810.0,46140740.0,,
2005-06-20,1314.0,1948.0,168.0,663152295.0,792238455.0,20742200.0,,
2005-06-21,1552.0,1700.0,169.0,636114800.0,833924065.0,25184350.0,,
2005-06-22,1913.0,1353.0,155.0,862788880.0,661899565.0,45421500.0,,
2005-06-23,1056.0,2199.0,163.0,518662550.0,1246778195.0,21846020.0,,
2005-06-24,1229.0,1987.0,160.0,662348885.0,1518239270.0,24064650.0,,
2005-06-27,1623.0,1683.0,138.0,643911855.0,892802595.0,13922650.0,,
2005-06-28,2339.0,920.0,144.0,1200751275.0,333570115.0,28316600.0,,
2005-06-29,1835.0,1376.0,179.0,785730755.0,712258825.0,26858700.0,,
2005-06-30,1543.0,1739.0,138.0,578148165.0,1254369695.0,14201800.0,,
2005-07-01,2060.0,1179.0,150.0,868378595.0,513182260.0,13549850.0,,
2005-07-05,2152.0,1138.0,130.0,1078983600.0,472358035.0,14916900.0,,
2005-07-06,1383.0,1867.0,152.0,527691080.0,1090962050.0,47986650.0,,
2005-07-07,1767.0,1445.0,163.0,860362440.0,847921435.0,21393475.0,,
2005-07-08,2482.0,800.0,140.0,1325598360.0,330792580.0,25145450.0,,
2005-07-11,2360.0,942.0,137.0,1247329045.0,347129030.0,11505715.0,,
2005-07-12,1873.0,1410.0,147.0,1023360945.0,644265760.0,24223750.0,,
2005-07-13,1446.0,1796.0,168.0,807792965.0,747840030.0,24906700.0,,
2005-07-14,1483.0,1784.0,156.0,967782145.0,821166775.0,18528550.0,,
2005-07-15,1628.0,1568.0,187.0,726772335.0,755613700.0,35854000.0,,
2005-07-18,1261.0,1990.0,158.0,447098205.0,927928060.0,16786500.0,,
2005-07-19,2281.0,995.0,154.0,1180730465.0,598211645.0,17657165.0,,
2005-07-20,2277.0,1016.0,142.0,1159851985.0,618045600.0,28861650.0,,
2005-07-21,1025.0,2237.0,134.0,447403680.0,1412495710.0,33739900.0,,
2005-07-22,2194.0,1032.0,158.0,1038437560.0,513183650.0,17099365.0,,
2005-07-25,1211.0,2067.0,174.0,490972270.0,989558985.0,20571430.0,,
2005-07-26,1901.0,1355.0,169.0,949483780.0,692071305.0,46724250.0,,
2005-07-27,1898.0,1336.0,169.0,1018643355.0,636763830.0,52882730.0,,
2005-07-28,2417.0,880.0,128.0,1276484905.0,488044100.0,13852500.0,,
2005-07-29,1318.0,1925.0,157.0,509897870.0,1063865305.0,15880495.0,,
2005-08-01,1779.0,1460.0,173.0,886974340.0,614351850.0,20252100.0,,
2005-08-02,2174.0,1069.0,179.0,1191151865.0,555576760.0,36947130.0,,
2005-08-03,1535.0,1718.0,176.0,846468135.0,879985655.0,30167605.0,,
2005-08-04,1069.0,2189.0,150.0,483566415.0,1218998240.0,25128680.0,,
2005-08-05,730.0,2526.0,143.0,355777290.0,1333338370.0,1415634328.0,,
2005-08-08,1203.0,2048.0,163.0,664520785.0,881063105.0,24601545.0,,
2005-08-09,1881.0,1382.0,156.0,1141566400.0,517073540.0,17152275.0,,
2005-08-10,1884.0,1395.0,146.0,983238505.0,902487700.0,35635445.0,,
2005-08-11,2249.0,1044.0,130.0,1204808030.0,440543350.0,20889400.0,,
2005-08-12,1243.0,1998.0,147.0,470681870.0,1003921105.0,26083550.0,,
2005-08-15,1903.0,1353.0,153.0,799976535.0,541185055.0,21206460.0,,
2005-08-16,970.0,2319.0,133.0,259088870.0,1321357700.0,7462955.0,,
2005-08-17,1481.0,1743.0,174.0,741809935.0,861344205.0,35569490.0,,
2005-08-18,1258.0,1982.0,174.0,555781760.0,1005541445.0,40400150.0,,
2005-08-19,1797.0,1432.0,179.0,700586885.0,653973260.0,31994565.0,,
2005-08-22,2054.0,1211.0,173.0,815811380.0,573202200.0,19802080.0,,
2005-08-23,1446.0,1821.0,182.0,579065310.0,873716570.0,33914270.0,,
2005-08-24,1478.0,1831.0,142.0,642607605.0,1049191745.0,21407270.0,,
2005-08-25,1897.0,1314.0,206.0,832049890.0,536455205.0,26089220.0,,
2005-08-26,976.0,2263.0,166.0,272440900.0,1066366595.0,21822850.0,,
2005-08-29,2037.0,1188.0,163.0,944252115.0,433111375.0,32184320.0,,
2005-08-30,1394.0,1837.0,172.0,655844900.0,985085675.0,24003400.0,,
2005-08-31,2518.0,770.0,138.0,1689366850.0,362148250.0,9783610.0,,
2005-09-01,1986.0,1270.0,141.0,1076408330.0,862876975.0,25389700.0,,
2005-09-02,1447.0,1752.0,176.0,583114465.0,844655905.0,21264155.0,,
2005-09-05,1447.0,1752.0,176.0,584443365.0,845573505.0,21314305.0,,
2005-09-06,2379.0,871.0,151.0,1362712260.0,283338225.0,20439400.0,,
2005-09-07,1717.0,1527.0,182.0,1080146895.0,662462490.0,29999320.0,,
2005-09-08,1233.0,1998.0,176.0,595805165.0,1064335005.0,25184000.0,,
2005-09-09,2286.0,963.0,171.0,1295333015.0,412468290.0,13626800.0,,
2005-09-12,1530.0,1746.0,156.0,770794305.0,846359335.0,51325160.0,,
2005-09-13,987.0,2306.0,134.0,450119390.0,1283252410.0,15801000.0,,
2005-09-14,1206.0,2045.0,168.0,695089650.0,1018639990.0,19532685.0,,
2005-09-15,1537.0,1684.0,186.0,877953975.0,898021115.0,32102200.0,,
2005-09-16,1937.0,1321.0,170.0,1837774950.0,953661915.0,1980544748.0,,
2005-09-19,1056.0,2200.0,147.0,561547655.0,1230595010.0,7367850.0,,
2005-09-20,1027.0,2248.0,151.0,411795545.0,1578155495.0,21998785.0,,
2005-09-21,1100.0,2188.0,119.0,574605250.0,1647800425.0,7747600.0,,
2005-09-22,1449.0,1841.0,148.0,1072720965.0,1043885065.0,24366390.0,,
2005-09-23,1689.0,1565.0,166.0,960920400.0,749870870.0,32658500.0,,
2005-09-26,1827.0,1449.0,140.0,974945750.0,780407600.0,18431795.0,,
2005-09-27,1379.0,1902.0,165.0,724603210.0,957391045.0,39683400.0,,
2005-09-28,1650.0,1628.0,142.0,1031000200.0,795189030.0,14706850.0,,
2005-09-29,2261.0,985.0,157.0,1388720090.0,489104690.0,15873170.0,,
2005-09-30,2004.0,1260.0,154.0,1154621325.0,612225360.0,38235585.0,,
2005-10-03,1805.0,1455.0,153.0,949023255.0,812781830.0,36334600.0,,
2005-10-04,1095.0,2153.0,144.0,568351925.0,1435277000.0,29516190.0,,
2005-10-05,600.0,2669.0,125.0,206006120.0,1934929323.0,8293800.0,,
2005-10-06,1070.0,2179.0,146.0,718206605.0,1718185785.0,23913950.0,,
2005-10-07,1967.0,1274.0,161.0,1157001800.0,675200070.0,26177905.0,,
2005-10-10,933.0,2298.0,136.0,370399060.0,1513689325.0,31782300.0,,
2005-10-11,1234.0,2028.0,151.0,701057550.0,1265769185.0,32262080.0,,
2005-10-12,680.0,2640.0,119.0,506813015.0,1643599390.0,44409450.0,,
2005-10-13,1148.0,2143.0,115.0,855216415.0,1173031220.0,46551975.0,,
2005-10-14,2232.0,1037.0,141.0,1453350180.0,466955500.0,22072450.0,,
2005-10-17,1748.0,1488.0,153.0,1141447805.0,590955675.0,42674350.0,,
2005-10-18,908.0,2335.0,137.0,365202180.0,1519499925.0,25508400.0,,
2005-10-19,2105.0,1153.0,147.0,1728568600.0,604925980.0,32583710.0,,
2005-10-20,812.0,2450.0,130.0,351199105.0,1888770323.0,1209052313.0,,
2005-10-21,2144.0,1095.0,136.0,1275602445.0,870562090.0,12041370.0,,
2005-10-24,2510.0,783.0,133.0,1639334155.0,262431615.0,10120650.0,,
2005-10-25,1269.0,1987.0,165.0,774627445.0,1220756395.0,18877130.0,,
2005-10-26,1067.0,2203.0,140.0,720748675.0,1392911450.0,27623590.0,,
2005-10-27,858.0,2399.0,118.0,372647885.0,1682447975.0,30975550.0,35.0,199.0
2005-10-28,2363.0,864.0,133.0,1716731580.0,326087550.0,18610750.0,53.0,124.0
2005-10-31,2480.0,797.0,138.0,1717102160.0,499949345.0,15991175.0,93.0,73.0
2005-11-01,1533.0,1724.0,138.0,850153930.0,1228485385.0,27758935.0,93.0,91.0
2005-11-02,2426.0,833.0,135.0,1841107670.0,455163480.0,21570450.0,151.0,76.0
2005-11-03,1648.0,1575.0,164.0,1350452170.0,968117675.0,22981040.0,158.0,80.0
2005-11-04,1501.0,1704.0,167.0,874604165.0,849651495.0,53296165.0,70.0,73.0
2005-11-07,1802.0,1415.0,177.0,940014560.0,705301200.0,69954630.0,94.0,82.0
2005-11-08,1238.0,1982.0,178.0,573287925.0,1052692755.0,32396650.0,61.0,90.0
2005-11-09,1772.0,1491.0,159.0,1137059790.0,732591555.0,31631370.0,90.0,120.0
2005-11-10,1929.0,1322.0,142.0,1262915425.0,784271635.0,15972450.0,124.0,120.0
2005-11-11,1812.0,1389.0,173.0,1003858135.0,478511410.0,30951385.0,135.0,100.0
2005-11-14,1232.0,2054.0,145.0,697512530.0,913457155.0,35750400.0,93.0,133.0
2005-11-15,1053.0,2215.0,165.0,687756305.0,1242053960.0,59154415.0,67.0,178.0
2005-11-16,1593.0,1711.0,133.0,947881880.0,887985860.0,24519955.0,42.0,178.0
2005-11-17,2437.0,825.0,159.0,1589887500.0,362425795.0,33090350.0,141.0,157.0
2005-11-18,1940.0,1314.0,176.0,1392281035.0,657937460.0,60445800.0,154.0,109.0
2005-11-21,2043.0,1229.0,158.0,1224924175.0,574707005.0,21628850.0,183.0,113.0
2005-11-22,1944.0,1339.0,160.0,1289579900.0,656360265.0,15557900.0,190.0,117.0
2005-11-23,1953.0,1307.0,162.0,1094207595.0,595265680.0,14523725.0,218.0,83.0
2005-11-24,1958.0,1312.0,163.0,1272013790.0,703900960.0,16940250.0,237.0,99.0
2005-11-25,1835.0,1227.0,182.0,385693315.0,233231580.0,13361350.0,97.0,41.0
2005-11-28,1112.0,2193.0,129.0,460418535.0,1261376390.0,16110375.0,94.0,82.0
2005-11-29,1937.0,1352.0,157.0,937337735.0,934345115.0,47797100.0,106.0,94.0
2005-11-30,1621.0,1688.0,160.0,744978835.0,1316142005.0,18685900.0,90.0,76.0
2005-12-01,2555.0,764.0,125.0,1752720415.0,464121690.0,11187050.0,201.0,64.0
2005-12-02,1731.0,1548.0,165.0,828040980.0,943824080.0,41892860.0,196.0,51.0
2005-12-05,1338.0,1962.0,150.0,816000710.0,1154146430.0,14537785.0,115.0,56.0
2005-12-06,1819.0,1489.0,154.0,1098183425.0,720440760.0,36131300.0,170.0,50.0
2005-12-07,1226.0,2095.0,139.0,642308760.0,1150830005.0,28881900.0,91.0,60.0
2005-12-08,1833.0,1454.0,156.0,967672535.0,911218225.0,39616600.0,117.0,54.0
2005-12-09,1995.0,1292.0,176.0,972728335.0,645414310.0,17611010.0,98.0,45.0
2005-12-12,1756.0,1567.0,151.0,931567160.0,694095085.0,18073550.0,139.0,74.0
2005-12-13,1822.0,1488.0,145.0,1230912660.0,809467030.0,42289500.0,153.0,120.0
2005-12-14,2017.0,1288.0,167.0,1251757230.0,618149740.0,21101700.0,167.0,96.0
2005-12-15,1218.0,2106.0,143.0,775563125.0,1072376020.0,23747100.0,89.0,73.0
2005-12-16,1589.0,1693.0,178.0,1133342115.0,1167193985.0,33063065.0,107.0,75.0
2005-12-19,939.0,2405.0,147.0,590213625.0,1318581420.0,20930200.0,49.0,78.0
2005-12-20,1638.0,1638.0,174.0,763797980.0,925584365.0,39436450.0,51.0,105.0
2005-12-21,2083.0,1211.0,153.0,1164518335.0,600307300.0,23820995.0,80.0,69.0
2005-12-22,2057.0,1247.0,157.0,1022068920.0,547352145.0,29021800.0,98.0,70.0
2005-12-23,2063.0,1180.0,180.0,615685435.0,456909760.0,39541115.0,103.0,40.0
2005-12-26,2051.0,1186.0,179.0,706160570.0,538995920.0,50384830.0,125.0,55.0
2005-12-27,1017.0,2323.0,129.0,270730610.0,1034422770.0,41609055.0,92.0,72.0
2005-12-28,2114.0,1194.0,135.0,708815535.0,510903605.0,22008815.0,50.0,88.0
2005-12-29,1595.0,1665.0,184.0,513100065.0,657409000.0,35424800.0,63.0,81.0
2005-12-30,1341.0,1930.0,143.0,364084640.0,890796945.0,19436855.0,46.0,72.0
2006-01-02,1351.0,1918.0,142.0,420492580.0,1038103690.0,23428110.0,66.0,104.0
2006-01-03,2538.0,828.0,107.0,1787307020.0,421507195.0,9754000.0,196.0,48.0
2006-01-04,2412.0,945.0,122.0,1513291050.0,610464165.0,27788150.0,253.0,22.0
2006-01-05,1837.0,1492.0,146.0,1061179805.0,1009245815.0,32561325.0,204.0,27.0
2006-01-06,2466.0,822.0,137.0,1628669460.0,399661240.0,58084520.0,299.0,16.0
2006-01-09,2213.0,1091.0,148.0,1238314575.0,680540935.0,46938635.0,343.0,17.0
2006-01-10,1831.0,1513.0,146.0,1023002750.0,1004789740.0,21991910.0,244.0,14.0
2006-01-11,1844.0,1465.0,134.0,1212046660.0,810876530.0,43531960.0,302.0,32.0
2006-01-12,1189.0,2104.0,151.0,605410770.0,1358649800.0,37346450.0,217.0,29.0
2006-01-13,1807.0,1468.0,167.0,859269905.0,979375660.0,35665850.0,105.0,16.0
2006-01-16,1806.0,1461.0,164.0,986212410.0,1181372520.0,40141400.0,125.0,21.0
2006-01-17,1174.0,2151.0,122.0,614063940.0,1276494795.0,16320000.0,133.0,26.0
2006-01-18,1500.0,1790.0,158.0,891668530.0,1298653710.0,21193300.0,98.0,34.0
2006-01-19,2355.0,969.0,134.0,1769640850.0,662002090.0,12377620.0,230.0,33.0
2006-01-20,990.0,2332.0,146.0,338954000.0,1765575000.0,10540000.0,92.0,33.0
2006-01-23,2076.0,1211.0,147.0,1396510830.0,834853540.0,26284420.0,156.0,34.0
2006-01-24,2238.0,1064.0,134.0,1647205320.0,902999250.0,18292270.0,249.0,36.0
2006-01-25,1537.0,1789.0,129.0,1202022920.0,1397513530.0,17527830.0,223.0,45.0
2006-01-26,2120.0,1166.0,150.0,1961938400.0,873161590.0,21680810.0,299.0,38.0
2006-01-27,2107.0,1149.0,160.0,1693741070.0,892649790.0,37224800.0,438.0,36.0
2006-01-30,1596.0,1698.0,145.0,1179958600.0,1074371430.0,27943350.0,287.0,29.0
2006-01-31,1771.0,1518.0,147.0,1136759110.0,1514216650.0,20310900.0,285.0,40.0
2006-02-01,1795.0,1458.0,172.0,1516607500.0,976217910.0,62718300.0,298.0,33.0
2006-02-02,988.0,2304.0,140.0,601515310.0,1918767900.0,45013500.0,154.0,46.0
2006-02-03,1318.0,1947.0,146.0,762191730.0,1432075990.0,87696120.0,97.0,34.0
2006-02-06,1971.0,1313.0,138.0,1265918080.0,813355190.0,14726820.0,133.0,30.0
2006-02-07,1058.0,2194.0,151.0,598562740.0,1739210220.0,28600900.0,90.0,33.0
2006-02-08,1908.0,1385.0,138.0,1555519660.0,843560040.0,36537160.0,71.0,34.0
2006-02-09,1691.0,1586.0,148.0,1073369040.0,1268083000.0,30052360.0,131.0,16.0
2006-02-10,1689.0,1587.0,136.0,1054232550.0,1177978450.0,32046600.0,84.0,35.0
2006-02-13,1212.0,2061.0,141.0,635810010.0,1167517980.0,46750040.0,67.0,43.0
2006-02-14,2204.0,1071.0,164.0,1747367970.0,643403650.0,47165950.0,116.0,31.0
2006-02-15,2072.0,1181.0,161.0,1429351190.0,829967850.0,58462180.0,152.0,19.0
2006-02-16,2304.0,975.0,158.0,1761591110.0,431007550.0,58893680.0,219.0,13.0
2006-02-17,1851.0,1424.0,140.0,1075818280.0,997781570.0,20074400.0,219.0,18.0
2006-02-20,1852.0,1424.0,141.0,1094618180.0,1014144570.0,20444700.0,220.0,18.0
2006-02-21,1550.0,1732.0,161.0,914500340.0,1163911060.0,25909400.0,198.0,17.0
2006-02-22,2226.0,1062.0,158.0,1422401180.0,733272800.0,31491590.0,272.0,13.0
2006-02-23,1425.0,1860.0,158.0,740392950.0,1329372320.0,49861160.0,239.0,21.0
2006-02-24,1946.0,1288.0,167.0,1064267060.0,797329280.0,71415000.0,180.0,18.0
2006-02-27,1895.0,1363.0,168.0,1135031270.0,810416170.0,30063100.0,281.0,24.0
2006-02-28,1035.0,2237.0,140.0,415173780.0,1896921270.0,58768050.0,102.0,35.0
2006-03-01,2320.0,940.0,139.0,1781070790.0,482807080.0,27430400.0,175.0,26.0
2006-03-02,1441.0,1797.0,173.0,1139837190.0,1337615900.0,17141310.0,149.0,19.0
2006-03-03,1336.0,1906.0,145.0,948922740.0,1179917400.0,24113400.0,169.0,27.0
2006-03-06,996.0,2251.0,115.0,699327760.0,1528490810.0,52375350.0,70.0,20.0
2006-03-07,879.0,2362.0,141.0,648971780.0,1598454850.0,20975760.0,38.0,54.0
2006-03-08,1598.0,1629.0,158.0,1226361250.0,1152339740.0,64348520.0,73.0,62.0
2006-03-09,1450.0,1777.0,166.0,646798535.0,1154128070.0,45590940.0,73.0,33.0
2006-03-10,2326.0,955.0,138.0,1377216520.0,465917410.0,17371165.0,115.0,38.0
2006-03-13,1837.0,1415.0,148.0,1073511500.0,677736530.0,29693525.0,118.0,34.0
2006-03-14,2404.0,859.0,160.0,1493276975.0,324490830.0,42309100.0,185.0,35.0
2006-03-15,2124.0,1149.0,150.0,1322288405.0,596600655.0,26400920.0,286.0,37.0
2006-03-16,2132.0,1106.0,146.0,1149180685.0,800025265.0,23838660.0,337.0,23.0
2006-03-17,1796.0,1446.0,169.0,1210694400.0,1021785640.0,42502680.0,247.0,22.0
2006-03-20,1441.0,1840.0,148.0,660209565.0,987102800.0,33427545.0,209.0,34.0
2006-03-21,906.0,2385.0,154.0,518238765.0,1320593170.0,18852325.0,235.0,62.0
2006-03-22,2245.0,1026.0,151.0,1263250575.0,482862860.0,15463550.0,113.0,35.0
2006-03-23,1582.0,1647.0,168.0,801462075.0,860969465.0,55064475.0,104.0,23.0
2006-03-24,1942.0,1290.0,177.0,1302654030.0,580743000.0,18560405.0,297.0,42.0
2006-03-27,1411.0,1850.0,169.0,766737945.0,869770315.0,36373400.0,114.0,29.0
2006-03-28,1159.0,2104.0,167.0,507298655.0,1320186825.0,24427365.0,148.0,48.0
2006-03-29,2401.0,901.0,125.0,1425675055.0,377569265.0,55328600.0,350.0,64.0
2006-03-30,1405.0,1835.0,158.0,941504630.0,961561710.0,32872660.0,245.0,49.0
2006-03-31,1696.0,1546.0,144.0,735999660.0,1157409660.0,30481000.0,322.0,65.0
2006-04-03,1586.0,1695.0,138.0,1235731435.0,813594950.0,24353345.0,224.0,46.0
2006-04-04,1905.0,1367.0,153.0,1158821395.0,639641485.0,33942110.0,185.0,39.0
2006-04-05,2001.0,1281.0,140.0,1305311310.0,669516770.0,20451400.0,255.0,47.0
2006-04-06,1381.0,1856.0,166.0,960943980.0,940657995.0,23719180.0,217.0,59.0
2006-04-07,624.0,2643.0,130.0,254495700.0,1508634590.0,39719570.0,145.0,93.0
2006-04-10,1389.0,1872.0,165.0,711171060.0,881999525.0,27510160.0,70.0,84.0
2006-04-11,854.0,2398.0,143.0,383166340.0,1508186990.0,13841770.0,57.0,101.0
2006-04-12,1691.0,1533.0,154.0,929534300.0,706267695.0,29514800.0,51.0,91.0
2006-04-13,1466.0,1767.0,139.0,800191640.0,733663950.0,22814675.0,62.0,142.0
2006-04-14,1466.0,1767.0,139.0,803859290.0,738469950.0,22924475.0,60.0,142.0
2006-04-17,1450.0,1816.0,142.0,642882250.0,851902570.0,24590575.0,95.0,147.0
2006-04-18,2595.0,703.0,109.0,1903014823.0,209523525.0,9287935.0,250.0,103.0
2006-04-19,2017.0,1257.0,139.0,1315026810.0,753528080.0,27429175.0,321.0,97.0
2006-04-20,1528.0,1718.0,159.0,1184001630.0,945863595.0,1282958923.0,213.0,84.0
2006-04-21,1745.0,1517.0,146.0,1046064095.0,1019819285.0,13471355.0,261.0,79.0
2006-04-24,1297.0,968.0,77.0,350146520.0,696350725.0,12170210.0,67.0,50.0
2006-04-25,1235.0,2038.0,139.0,771232695.0,1238161995.0,11536075.0,116.0,91.0
2006-04-26,1796.0,1461.0,144.0,1201443565.0,916908705.0,14692350.0,164.0,126.0
2006-04-27,1639.0,1591.0,157.0,1212218300.0,1203819115.0,32829710.0,131.0,100.0
2006-04-28,1959.0,1276.0,148.0,1214739780.0,872230890.0,27735650.0,160.0,80.0
2006-05-01,1447.0,1802.0,147.0,866082965.0,1135667570.0,55700780.0,153.0,93.0
2006-05-02,2058.0,1171.0,157.0,1369032450.0,601774105.0,93978210.0,216.0,88.0
2006-05-03,1374.0,1860.0,161.0,767969665.0,1261336020.0,37145610.0,198.0,95.0
2006-05-04,2015.0,1194.0,155.0,1252458745.0,784186050.0,36313045.0,218.0,89.0
2006-05-05,2422.0,847.0,132.0,1566851690.0,404855330.0,19328295.0,363.0,55.0
2006-05-08,1639.0,1598.0,157.0,967830845.0,857367305.0,27009365.0,230.0,48.0
2006-05-09,1616.0,1663.0,147.0,942880580.0,845864710.0,47228325.0,257.0,53.0
2006-05-10,1453.0,1801.0,153.0,848701350.0,1078686075.0,13350250.0,177.0,82.0
2006-05-11,698.0,2618.0,117.0,288793000.0,1499922000.0,8803000.0,193.0,121.0
2006-05-12,657.0,2587.0,132.0,378085950.0,1803859645.0,12352215.0,35.0,165.0
2006-05-15,1382.0,1829.0,129.0,937938160.0,1238190260.0,15067600.0,36.0,172.0
2006-05-16,1686.0,1550.0,149.0,902973435.0,1083573685.0,18207285.0,40.0,131.0
2006-05-17,583.0,2720.0,104.0,240530405.0,2002941823.0,25276800.0,29.0,210.0
2006-05-18,1229.0,2010.0,143.0,542881775.0,1588127180.0,24513485.0,22.0,180.0
2006-05-19,1905.0,1333.0,134.0,1610327215.0,986188180.0,2129739848.0,19.0,107.0
2006-05-22,1080.0,2166.0,118.0,562294840.0,1850658823.0,15653525.0,26.0,148.0
2006-05-23,1483.0,1758.0,139.0,996473775.0,1264097690.0,14271000.0,22.0,100.0
2006-05-24,1362.0,1921.0,116.0,1038213395.0,1593651140.0,2105741698.0,15.0,162.0
2006-05-25,2516.0,729.0,134.0,1746127410.0,294910425.0,29315400.0,30.0,75.0
2006-05-26,2264.0,964.0,136.0,1231433835.0,324657575.0,19533430.0,34.0,62.0
2006-05-29,2271.0,952.0,136.0,1466714170.0,384578550.0,34246560.0,43.0,83.0
2006-05-30,742.0,2538.0,109.0,205585700.0,1618387350.0,6713325.0,20.0,106.0
2006-05-31,2427.0,839.0,142.0,1895854823.0,375992560.0,18803075.0,41.0,102.0
2006-06-01,2533.0,717.0,134.0,1704468850.0,314843860.0,12410465.0,64.0,59.0
2006-06-02,2177.0,1097.0,119.0,1127403045.0,731290030.0,33266150.0,81.0,45.0
2006-06-05,697.0,2580.0,105.0,164274975.0,1767384920.0,3610560.0,43.0,74.0
2006-06-06,1142.0,2096.0,144.0,740552359.0,1495814590.0,15457660.0,25.0,107.0
2006-06-07,1290.0,1945.0,152.0,681551750.0,1488989953.0,27260200.0,21.0,77.0
2006-06-08,1421.0,1867.0,145.0,1002373000.0,1461540000.0,48799000.0,18.0,182.0
2006-06-09,1494.0,1730.0,141.0,705744930.0,1172911955.0,23798425.0,25.0,70.0
2006-06-12,713.0,2559.0,119.0,195372050.0,1694127285.0,18990700.0,18.0,154.0
2006-06-13,763.0,2507.0,106.0,432608862.0,2028207323.0,1090052674.0,14.0,265.0
2006-06-14,1731.0,1544.0,127.0,1518753270.0,778491512.0,21583780.0,15.0,229.0
2006-06-15,2663.0,621.0,121.0,2015033323.0,105958950.0,6685695.0,24.0,84.0
2006-06-16,1179.0,2078.0,142.0,737169260.0,1643540760.0,13361455.0,22.0,69.0
2006-06-19,860.0,2411.0,126.0,366263670.0,1459193830.0,12876080.0,23.0,116.0
2006-06-20,1424.0,1821.0,152.0,785746435.0,1032286420.0,50247725.0,20.0,123.0
2006-06-21,2419.0,833.0,143.0,1627786435.0,362695252.0,20696300.0,28.0,95.0
2006-06-22,1121.0,2113.0,154.0,524462600.0,1212780970.0,45093750.0,23.0,125.0
2006-06-23,1595.0,1617.0,178.0,958550310.0,737968047.0,17089075.0,22.0,131.0
2006-06-26,2036.0,1226.0,135.0,1081784185.0,498423990.0,30279975.0,33.0,148.0
2006-06-27,922.0,2339.0,142.0,373081020.0,1484305635.0,22399700.0,26.0,170.0
2006-06-28,1979.0,1274.0,133.0,1134021935.0,614326635.0,12275860.0,21.0,184.0
2006-06-29,2776.0,499.0,114.0,1932863823.0,172282830.0,26615815.0,79.0,118.0
2006-06-30,2281.0,1034.0,114.0,1559075285.0,1091455335.0,2095076998.0,99.0,63.0
2006-07-03,2362.0,827.0,103.0,696839045.0,242086140.0,6998700.0,87.0,36.0
2006-07-04,2358.0,837.0,107.0,829847890.0,290810180.0,8103600.0,111.0,53.0
2006-07-05,911.0,2395.0,120.0,425483305.0,1379968830.0,9266985.0,51.0,61.0
2006-07-06,2032.0,1247.0,125.0,1008449745.0,669186630.0,44217750.0,61.0,47.0
2006-07-07,1242.0,2029.0,135.0,480406360.0,1217612490.0,26163550.0,50.0,58.0
2006-07-10,1996.0,1258.0,156.0,831863865.0,690105300.0,46779950.0,53.0,57.0
2006-07-11,2055.0,1221.0,141.0,1051836610.0,879250810.0,14843935.0,60.0,69.0
2006-07-12,1019.0,2262.0,129.0,393494525.0,1364636250.0,60466525.0,58.0,106.0
2006-07-13,783.0,2514.0,116.0,264792535.0,1848625823.0,15486400.0,19.0,132.0
2006-07-14,1058.0,2191.0,150.0,594258140.0,1475060260.0,21635765.0,21.0,176.0
2006-07-17,1355.0,1898.0,162.0,714487335.0,1072194995.0,25527885.0,21.0,152.0
2006-07-18,1766.0,1502.0,146.0,1091963235.0,981872665.0,26207750.0,25.0,136.0
2006-07-19,2864.0,462.0,108.0,1932368323.0,176247780.0,8870705.0,63.0,45.0
2006-07-20,1042.0,2228.0,123.0,517513400.0,1477940875.0,22515610.0,47.0,63.0
2006-07-21,1110.0,2157.0,131.0,486751455.0,1804926710.0,18594600.0,44.0,137.0
2006-07-24,2696.0,603.0,107.0,1720558130.0,210507585.0,12995700.0,73.0,42.0
2006-07-25,2203.0,1055.0,136.0,1546970740.0,579094450.0,27562500.0,91.0,40.0
2006-07-26,1800.0,1476.0,137.0,1212282995.0,1008991595.0,17202080.0,75.0,47.0
2006-07-27,1395.0,1842.0,140.0,829924070.0,1412895975.0,13191250.0,81.0,78.0
2006-07-28,2636.0,639.0,113.0,1662459830.0,386081335.0,32562075.0,92.0,44.0
2006-07-31,1626.0,1620.0,157.0,893014045.0,1046696625.0,35190535.0,81.0,48.0
2006-08-01,1269.0,1995.0,131.0,714983415.0,1288273370.0,59263255.0,78.0,75.0
2006-08-02,2259.0,1003.0,131.0,1492900845.0,671258345.0,20690190.0,100.0,30.0
2006-08-03,1954.0,1291.0,136.0,1190434770.0,1062008610.0,20293335.0,107.0,42.0
2006-08-04,1844.0,1416.0,137.0,983543165.0,1122983545.0,27245450.0,125.0,31.0
2006-08-07,1249.0,2008.0,134.0,623115205.0,1043337145.0,35610700.0,57.0,54.0
2006-08-08,1329.0,1935.0,142.0,647821330.0,1313813295.0,35082600.0,77.0,69.0
2006-08-09,1376.0,1888.0,117.0,763694660.0,1348288325.0,18599915.0,74.0,79.0
2006-08-10,1980.0,1291.0,137.0,1128866280.0,804567530.0,33246350.0,41.0,78.0
2006-08-11,1129.0,2138.0,120.0,455118990.0,1167633015.0,20906555.0,33.0,59.0
2006-08-14,1788.0,1477.0,154.0,895389425.0,789565610.0,54026880.0,62.0,58.0
2006-08-15,2794.0,525.0,118.0,1677081193.0,217694990.0,1403668858.0,90.0,24.0
2006-08-16,2508.0,779.0,140.0,1638532045.0,393532650.0,29232725.0,113.0,24.0
2006-08-17,1770.0,1511.0,141.0,1085049625.0,882995613.0,27870750.0,103.0,25.0
2006-08-18,1862.0,1357.0,179.0,1037261432.0,628260220.0,23476075.0,77.0,15.0
2006-08-21,1346.0,1912.0,149.0,487608265.0,922420851.0,26232175.0,82.0,22.0
2006-08-22,1915.0,1359.0,150.0,877552395.0,661596847.0,22896750.0,107.0,23.0
2006-08-23,1015.0,2239.0,162.0,453911195.0,1060687620.0,39656680.0,75.0,24.0
2006-08-24,1756.0,1494.0,155.0,745615838.0,793291515.0,52321700.0,75.0,37.0
2006-08-25,1683.0,1550.0,172.0,650914535.0,689715600.0,25263150.0,57.0,26.0
2006-08-28,2301.0,981.0,137.0,1026738625.0,425491385.0,11600850.0,113.0,23.0
2006-08-29,2222.0,1057.0,151.0,1184312415.0,517571127.0,38069890.0,153.0,29.0
2006-08-30,2072.0,1207.0,144.0,945323865.0,664872485.0,19524665.0,160.0,15.0
2006-08-31,1937.0,1300.0,165.0,889912669.0,728708495.0,32869850.0,152.0,12.0
2006-09-01,2111.0,1095.0,161.0,1027957940.0,380244980.0,18699835.0,143.0,12.0
2006-09-04,2099.0,1095.0,165.0,1294538080.0,484350160.0,26114970.0,178.0,16.0
2006-09-05,1881.0,1372.0,157.0,1056845445.0,623345822.0,13782820.0,157.0,12.0
2006-09-06,664.0,2621.0,143.0,331079475.0,1514560341.0,14408545.0,50.0,21.0
2006-09-07,1098.0,2163.0,134.0,626942560.0,1193047699.0,29061130.0,44.0,35.0
2006-09-08,2000.0,1244.0,132.0,942174723.0,666225355.0,74305740.0,58.0,33.0
2006-09-11,1440.0,1752.0,171.0,913328232.0,1143748735.0,34220885.0,87.0,47.0
2006-09-12,2492.0,804.0,118.0,1688256823.0,506247845.0,9353405.0,168.0,40.0
2006-09-13,2246.0,1041.0,130.0,1449491135.0,649855073.0,32076900.0,153.0,15.0
2006-09-14,1309.0,1931.0,167.0,701130555.0,1171779392.0,29689600.0,108.0,22.0
2006-09-15,1929.0,1340.0,138.0,1415464370.0,1218968325.0,1107908808.0,149.0,22.0
2006-09-18,1605.0,1660.0,155.0,1054034420.0,827690855.0,37554740.0,111.0,18.0
2006-09-19,1407.0,1841.0,154.0,677103380.0,1213860930.0,32207585.0,68.0,30.0
2006-09-20,2139.0,1121.0,146.0,1252116535.0,744907450.0,42096150.0,155.0,38.0
2006-09-21,1355.0,1931.0,121.0,788025245.0,1318020910.0,11216915.0,105.0,24.0
2006-09-22,1240.0,2014.0,146.0,651329510.0,1113174650.0,41512510.0,69.0,42.0
2006-09-25,2249.0,1046.0,132.0,1557060815.0,662689090.0,13678875.0,103.0,52.0
2006-09-26,2117.0,1164.0,151.0,1574631635.0,601713050.0,24652100.0,161.0,21.0
2006-09-27,2047.0,1267.0,125.0,1213243120.0,961623525.0,42791975.0,165.0,18.0
2006-09-28,1732.0,1518.0,160.0,957231215.0,914778080.0,23592350.0,150.0,20.0
2006-09-29,1332.0,1923.0,147.0,807975045.0,1010239650.0,11373720.0,97.0,15.0
2006-10-02,1468.0,1782.0,169.0,624900895.0,1049390730.0,44477830.0,107.0,22.0
2006-10-03,1698.0,1567.0,154.0,1042237165.0,1091758485.0,14367040.0,134.0,50.0
2006-10-04,2583.0,711.0,141.0,1837029823.0,427917180.0,13629000.0,215.0,39.0
2006-10-05,2202.0,1053.0,154.0,1395208450.0,785119845.0,63226850.0,264.0,12.0
2006-10-06,1183.0,2049.0,160.0,677902340.0,1324219155.0,21673970.0,139.0,9.0
2006-10-09,1962.0,1252.0,145.0,917219205.0,633775810.0,52958400.0,160.0,7.0
2006-10-10,1780.0,1477.0,163.0,1169740485.0,708157725.0,69665500.0,162.0,8.0
2006-10-11,1328.0,1936.0,136.0,888857410.0,1155434460.0,25303875.0,108.0,11.0
2006-10-12,2627.0,692.0,118.0,1278459990.0,257140770.0,20240060.0,306.0,5.0
2006-10-13,1942.0,1328.0,171.0,858105920.0,552427270.0,86929210.0,325.0,4.0
2006-10-16,2305.0,1014.0,147.0,971732400.0,450372340.0,9513580.0,347.0,9.0
2006-10-17,1262.0,2052.0,139.0,448573320.0,1032468340.0,31225000.0,187.0,6.0
2006-10-18,1855.0,1448.0,166.0,749420520.0,812617150.0,53416110.0,315.0,3.0
2006-10-19,2033.0,1268.0,150.0,871681420.0,739048110.0,20560330.0,250.0,5.0
2006-10-20,1479.0,1783.0,170.0,706858800.0,879993750.0,43562860.0,208.0,4.0
2006-10-23,1897.0,1364.0,173.0,1314416090.0,674854825.0,22911100.0,224.0,8.0
2006-10-24,1823.0,1451.0,167.0,1326939135.0,912772455.0,44380900.0,235.0,12.0
2006-10-25,2213.0,1081.0,135.0,1574173020.0,796124855.0,18482565.0,299.0,12.0
2006-10-26,2256.0,1027.0,147.0,1453438005.0,774170300.0,35707850.0,390.0,11.0
2006-10-27,1142.0,2131.0,127.0,505654705.0,1490809480.0,22604745.0,182.0,12.0
2006-10-30,1760.0,1517.0,159.0,851341420.0,932186290.0,39876070.0,226.0,15.0
2006-10-31,1668.0,1590.0,168.0,1025838680.0,1170846175.0,36093745.0,163.0,16.0
2006-11-01,1133.0,2139.0,137.0,525582900.0,1753456323.0,32190400.0,167.0,20.0
2006-11-02,1443.0,1789.0,176.0,988125200.0,1129015015.0,51596920.0,121.0,32.0
2006-11-03,1510.0,1754.0,134.0,849587300.0,1071660545.0,31758380.0,114.0,23.0
2006-11-06,2478.0,802.0,127.0,1645015385.0,327415715.0,20577060.0,205.0,16.0
2006-11-07,1833.0,1412.0,151.0,1133004910.0,948140235.0,57139675.0,217.0,9.0
2006-11-08,2055.0,1196.0,150.0,1247571185.0,1005814765.0,19403105.0,207.0,13.0
2006-11-09,1339.0,1884.0,146.0,953710860.0,1449844950.0,59540800.0,160.0,18.0
2006-11-10,2157.0,1089.0,145.0,1030681360.0,806324825.0,27532125.0,173.0,12.0
2006-11-13,1795.0,1495.0,139.0,1093472420.0,769603595.0,23032410.0,199.0,20.0
2006-11-14,2424.0,854.0,144.0,1708742823.0,579023850.0,26666575.0,284.0,16.0
2006-11-15,2018.0,1231.0,164.0,1537783455.0,723523400.0,17990170.0,338.0,8.0
2006-11-16,1746.0,1509.0,164.0,1698576360.0,1029188120.0,23001700.0,270.0,9.0
2006-11-17,1532.0,1707.0,154.0,1314613950.0,1280559310.0,38903000.0,230.0,10.0
2006-11-20,1679.0,1600.0,140.0,1083735400.0,1344629310.0,78498280.0,249.0,14.0
2006-11-21,2008.0,1278.0,148.0,1524387230.0,995841500.0,20678570.0,227.0,14.0
2006-11-22,1978.0,1270.0,146.0,1409060660.0,775678400.0,21483120.0,312.0,10.0
2006-11-23,1978.0,1270.0,148.0,1463285960.0,810027290.0,27688620.0,345.0,14.0
2006-11-24,1664.0,1396.0,175.0,280423760.0,355518435.0,40734850.0,200.0,6.0
2006-11-27,616.0,2694.0,123.0,265414850.0,1774368323.0,16831900.0,119.0,20.0
2006-11-28,2109.0,1167.0,142.0,1616320770.0,1008813740.0,31699100.0,140.0,25.0
2006-11-29,2632.0,673.0,124.0,1728712823.0,409452940.0,15670850.0,230.0,11.0
2006-11-30,2112.0,1175.0,128.0,1489703650.0,1401446420.0,68497245.0,286.0,12.0
2006-12-01,1525.0,1762.0,138.0,868361950.0,1395694465.0,43252985.0,221.0,9.0
2006-12-04,2532.0,774.0,116.0,1487849260.0,574195660.0,13001680.0,410.0,5.0
2006-12-05,2045.0,1202.0,177.0,1347434585.0,757419140.0,27567200.0,479.0,8.0
2006-12-06,1485.0,1808.0,141.0,926091835.0,1144160395.0,20244700.0,322.0,8.0
2006-12-07,1345.0,1918.0,148.0,710316845.0,1332470025.0,32884520.0,255.0,8.0
2006-12-08,1596.0,1648.0,159.0,1009386025.0,847049175.0,25892500.0,183.0,12.0
2006-12-11,1954.0,1326.0,131.0,969954595.0,770157225.0,20811450.0,259.0,15.0
2006-12-12,1444.0,1848.0,140.0,766024760.0,1324549550.0,14661680.0,241.0,18.0
2006-12-13,1725.0,1575.0,128.0,1001821205.0,956190385.0,17803050.0,235.0,10.0
2006-12-14,2100.0,1200.0,127.0,1609835390.0,472625520.0,16958375.0,334.0,10.0
2006-12-15,1521.0,1732.0,163.0,1215978445.0,1340536800.0,78292440.0,236.0,10.0
2006-12-18,1144.0,2145.0,135.0,925687150.0,1532282940.0,38095000.0,188.0,18.0
2006-12-19,1782.0,1498.0,157.0,1207272775.0,863461475.0,23904570.0,149.0,18.0
2006-12-20,1843.0,1433.0,152.0,1253769960.0,1051995800.0,23323410.0,252.0,18.0
2006-12-21,1381.0,1920.0,149.0,588485960.0,1165659080.0,42816795.0,132.0,10.0
2006-12-22,1252.0,1943.0,179.0,398502430.0,879327065.0,20894595.0,106.0,9.0
2006-12-25,1259.0,1933.0,175.0,508021460.0,1113242930.0,27227890.0,113.0,14.0
2006-12-26,2302.0,1045.0,131.0,722339010.0,282327605.0,24085775.0,140.0,11.0
2006-12-27,2583.0,726.0,112.0,1120002680.0,171159740.0,8681860.0,248.0,13.0
2006-12-28,1426.0,1826.0,161.0,464834535.0,685818095.0,36178185.0,202.0,16.0
2006-12-29,1268.0,4465.0,122.0,366961250.0,1639186443.0,1085208739.0,156.0,11.0
2007-01-01,1265.0,2013.0,117.0,482110100.0,1174509350.0,23705430.0,166.0,18.0
2007-01-02,1265.0,2013.0,117.0,482110100.0,1174509350.0,23705430.0,166.0,18.0
2007-01-03,1845.0,1709.0,116.0,1422033270.0,1437589805.0,167193710.0,237.0,27.0
2007-01-04,1634.0,1676.0,117.0,1056216720.0,1250313710.0,28543745.0,153.0,27.0
2007-01-05,823.0,2452.0,135.0,568786330.0,1714438975.0,31755500.0,100.0,30.0
2007-01-08,1930.0,1327.0,136.0,1269836805.0,840770155.0,28892750.0,100.0,15.0
2007-01-09,1843.0,1419.0,147.0,1023059575.0,1269389885.0,33837225.0,130.0,24.0
2007-01-10,1653.0,1617.0,128.0,1187643790.0,910272950.0,36278540.0,137.0,21.0
2007-01-11,2285.0,989.0,129.0,2020741120.0,806542220.0,30625750.0,263.0,24.0
2007-01-12,2152.0,1095.0,154.0,1414249615.0,666448790.0,25591370.0,200.0,11.0
2007-01-15,2145.0,1094.0,154.0,1829371030.0,892166080.0,32965140.0,228.0,20.0
2007-01-16,1659.0,1654.0,126.0,974169810.0,1011107305.0,31018600.0,263.0,10.0
2007-01-17,1740.0,1533.0,145.0,1129049800.0,875632775.0,57004610.0,180.0,13.0
2007-01-18,1285.0,1992.0,141.0,868650740.0,1280864700.0,32317150.0,178.0,16.0
2007-01-19,2284.0,992.0,138.0,1527227205.0,643914555.0,11236200.0,165.0,10.0
2007-01-22,1197.0,2071.0,134.0,783748600.0,1704587970.0,51780610.0,185.0,15.0
2007-01-23,2143.0,1121.0,155.0,1478459250.0,783259720.0,24456270.0,197.0,13.0
2007-01-24,2281.0,1006.0,141.0,1591459005.0,548119195.0,17031750.0,284.0,11.0
2007-01-25,782.0,2541.0,113.0,686383955.0,1675103418.0,13089615.0,184.0,19.0
2007-01-26,1893.0,1371.0,147.0,1062162760.0,944496225.0,21473350.0,135.0,18.0
2007-01-29,1804.0,1483.0,129.0,977100230.0,1123036960.0,17627625.0,156.0,13.0
2007-01-30,2321.0,964.0,136.0,1473019220.0,599828715.0,36262630.0,203.0,12.0
2007-01-31,2216.0,1072.0,119.0,1623435594.0,667809505.0,19776315.0,238.0,11.0
2007-02-01,2424.0,869.0,116.0,1749139263.0,537611440.0,13757100.0,382.0,12.0
2007-02-02,1876.0,1360.0,160.0,1079078455.0,869658064.0,30702675.0,303.0,8.0
2007-02-05,1499.0,1771.0,137.0,1220650180.0,1207313640.0,47952400.0,299.0,12.0
2007-02-06,2084.0,1188.0,163.0,1136852359.0,865922475.0,21913355.0,305.0,12.0
2007-02-07,1889.0,1348.0,170.0,1038522455.0,947795575.0,60987905.0,397.0,6.0
2007-02-08,1557.0,1687.0,148.0,1034779370.0,1134092445.0,30605100.0,244.0,14.0
2007-02-09,994.0,2277.0,135.0,626329230.0,1613173815.0,29634750.0,208.0,17.0
2007-02-12,1279.0,1990.0,132.0,637989469.0,1166966056.0,12908631.0,98.0,21.0
2007-02-13,2381.0,903.0,127.0,1590292025.0,423717604.0,23597521.0,170.0,18.0
2007-02-14,2202.0,1084.0,121.0,1569178914.0,491493986.0,37456519.0,317.0,10.0
2007-02-15,1913.0,1338.0,140.0,1055261880.0,821860410.0,37841250.0,325.0,7.0
2007-02-16,1639.0,1629.0,135.0,921066570.0,920568665.0,12819935.0,177.0,8.0
2007-02-19,1634.0,1618.0,140.0,1194861640.0,1189589830.0,15869470.0,214.0,14.0
2007-02-20,2028.0,1263.0,139.0,1065711495.0,700458740.0,65821835.0,381.0,10.0
2007-02-21,1501.0,1755.0,153.0,929234555.0,1056920495.0,30352070.0,239.0,13.0
2007-02-22,1236.0,1991.0,141.0,760532170.0,1165342140.0,24900120.0,212.0,7.0
2007-02-23,1580.0,1685.0,143.0,831682605.0,1142118135.0,29077405.0,171.0,16.0
2007-02-26,1635.0,1629.0,146.0,1095794497.0,1034681735.0,37611347.0,238.0,19.0
2007-02-27,458.0,2921.0,95.0,22903000.0,2304084000.0,2111000.0,72.0,70.0
2007-02-28,2091.0,1213.0,122.0,1934852970.0,1064699550.0,62659300.0,64.0,32.0
2007-03-01,1292.0,1967.0,134.0,1061419347.0,1927925111.0,51905487.0,57.0,36.0
2007-03-02,812.0,2510.0,99.0,227357000.0,1620913000.0,9990000.0,60.0,29.0
2007-03-05,591.0,2783.0,90.0,169764000.0,1809836000.0,5597000.0,33.0,106.0
2007-03-06,2785.0,567.0,107.0,1722351000.0,114023000.0,3906000.0,57.0,29.0
2007-03-07,1645.0,1609.0,147.0,1190330539.0,1175686849.0,29486950.0,54.0,18.0
2007-03-08,2470.0,810.0,203.0,1778915431.0,528050800.0,15908375.0,81.0,16.0
2007-03-09,1922.0,1305.0,158.0,1052427983.0,895199199.0,75274076.0,59.0,18.0
2007-03-12,2137.0,1143.0,133.0,1206284463.0,860644317.0,29073100.0,90.0,27.0
2007-03-13,574.0,2768.0,110.0,110062000.0,1851806000.0,3736000.0,75.0,87.0
2007-03-14,1988.0,1292.0,137.0,1974834687.0,896323284.0,42544121.0,43.0,67.0
2007-03-15,2325.0,937.0,132.0,1568379963.0,571163921.0,25325694.0,69.0,16.0
2007-03-16,1234.0,2009.0,143.0,837711255.0,1809766087.0,58010306.0,76.0,22.0
2007-03-19,2473.0,792.0,134.0,1769208870.0,310684588.0,18030002.0,91.0,15.0
2007-03-20,2328.0,943.0,140.0,1507372876.0,574928648.0,25265422.0,139.0,16.0
2007-03-21,2749.0,580.0,126.0,1481238000.0,143091000.0,7704000.0,247.0,20.0
2007-03-22,1665.0,1591.0,139.0,1070084794.0,1249112819.0,19046082.0,216.0,12.0
2007-03-23,1845.0,1370.0,160.0,1171618252.0,784071021.0,22626518.0,150.0,8.0
2007-03-26,1588.0,1658.0,150.0,1039427977.0,1022203242.0,21053253.0,149.0,10.0
2007-03-27,1002.0,2254.0,160.0,544544364.0,1437932724.0,20128429.0,112.0,16.0
2007-03-28,1142.0,2123.0,134.0,507977208.0,1628482545.0,47706185.0,84.0,25.0
2007-03-29,2053.0,1215.0,125.0,1330374457.0,814644472.0,36812476.0,126.0,21.0
2007-03-30,1804.0,1449.0,144.0,977047937.0,1188593626.0,35092803.0,111.0,12.0
2007-04-02,2052.0,1213.0,125.0,1354022687.0,772023402.0,29048026.0,170.0,25.0
2007-04-03,2408.0,868.0,117.0,1722123238.0,479408062.0,39296363.0,268.0,17.0
2007-04-04,1778.0,1462.0,162.0,1092973545.0,880885097.0,34374594.0,195.0,15.0
2007-04-05,1975.0,1235.0,170.0,1172286248.0,594350741.0,25823614.0,199.0,11.0
2007-04-06,1949.0,1237.0,174.0,1542292497.0,787142682.0,32714028.0,242.0,19.0
2007-04-09,1602.0,1659.0,152.0,986584927.0,756895605.0,51222850.0,222.0,14.0
2007-04-10,2020.0,1244.0,137.0,1163943048.0,689327646.0,56106857.0,229.0,14.0
2007-04-11,1054.0,2203.0,134.0,690588222.0,1525798497.0,17213981.0,123.0,20.0
2007-04-12,2171.0,1099.0,140.0,1542640568.0,558544561.0,24179681.0,151.0,18.0
2007-04-13,1954.0,1288.0,145.0,1297137663.0,674517207.0,27387134.0,207.0,11.0
2007-04-16,2376.0,893.0,134.0,1744986471.0,428380777.0,25871573.0,366.0,10.0
2007-04-17,1590.0,1681.0,136.0,1117509202.0,1070706433.0,42186485.0,252.0,12.0
2007-04-18,1413.0,1814.0,159.0,1066429245.0,1177598814.0,29431598.0,175.0,9.0
2007-04-19,1157.0,2056.0,158.0,921335159.0,1327316784.0,26659766.0,124.0,14.0
2007-04-20,2533.0,715.0,129.0,2075111075.0,548002960.0,15769443.0,284.0,8.0
2007-04-23,1566.0,1683.0,144.0,894514177.0,1089569116.0,22840879.0,224.0,9.0
2007-04-24,1438.0,1812.0,151.0,1144586385.0,1219651710.0,20669526.0,172.0,15.0
2007-04-25,2301.0,952.0,142.0,1982444623.0,426315758.0,19186795.0,352.0,11.0
2007-04-26,1498.0,1729.0,162.0,1117117227.0,1290081656.0,19992579.0,244.0,17.0
2007-04-27,1393.0,1826.0,161.0,786180051.0,1277443398.0,52780157.0,163.0,17.0
2007-04-30,898.0,2374.0,126.0,488396948.0,1847220873.0,21446061.0,156.0,26.0
2007-05-01,1751.0,1472.0,136.0,1337622886.0,1200876275.0,27875018.0,82.0,24.0
2007-05-02,2450.0,830.0,120.0,1984533896.0,416751642.0,18897812.0,179.0,10.0
2007-05-03,1859.0,1367.0,162.0,1460024615.0,771468616.0,31934880.0,199.0,8.0
2007-05-04,1904.0,1298.0,144.0,1288483473.0,823373013.0,25090567.0,259.0,14.0
2007-05-07,1784.0,1453.0,158.0,1131166681.0,711536195.0,65101806.0,245.0,11.0
2007-05-08,1308.0,1909.0,171.0,855151547.0,1269671560.0,24298961.0,131.0,15.0
2007-05-09,2040.0,1175.0,164.0,1504281671.0,706967165.0,20704024.0,243.0,10.0
2007-05-10,735.0,2537.0,111.0,251568108.0,1987272234.0,21205481.0,93.0,25.0
2007-05-11,2525.0,748.0,114.0,1662443637.0,371674917.0,14167141.0,116.0,18.0
2007-05-14,1153.0,2101.0,147.0,832974716.0,1191193243.0,19403523.0,158.0,16.0
2007-05-15,1214.0,1994.0,176.0,963770834.0,1342844132.0,39256968.0,139.0,27.0
2007-05-16,2042.0,1212.0,153.0,1554773505.0,601676070.0,26745701.0,146.0,22.0
2007-05-17,1267.0,1989.0,162.0,1008955954.0,1103959444.0,33312629.0,158.0,28.0
2007-05-18,2024.0,1219.0,155.0,1687046245.0,586762737.0,18287300.0,231.0,21.0
2007-05-21,1967.0,1319.0,176.0,926085000.0,560825000.0,23799000.0,363.0,25.0
2007-05-22,1760.0,1497.0,146.0,1068627134.0,1058923131.0,24734546.0,187.0,15.0
2007-05-23,1347.0,1910.0,136.0,1142837775.0,1141937762.0,27772044.0,195.0,17.0
2007-05-24,613.0,2658.0,117.0,490704736.0,2062474608.0,15136615.0,77.0,29.0
2007-05-25,2263.0,982.0,141.0,1292195185.0,446963160.0,20712979.0,63.0,19.0
2007-05-28,2243.0,988.0,143.0,1702641270.0,585267721.0,29656859.0,79.0,32.0
2007-05-29,2069.0,1190.0,137.0,1124462153.0,843059943.0,25346068.0,121.0,21.0
2007-05-30,2281.0,1008.0,126.0,1737524879.0,461465627.0,34510431.0,172.0,22.0
2007-05-31,1895.0,1330.0,157.0,1423924039.0,1110951922.0,48708018.0,268.0,17.0
2007-06-01,2182.0,1076.0,136.0,1569501350.0,592697735.0,23986145.0,334.0,26.0
2007-06-04,1899.0,1365.0,142.0,1169923222.0,828698368.0,32310419.0,295.0,20.0
2007-06-05,835.0,2424.0,135.0,520509653.0,1657980571.0,20343905.0,121.0,31.0
2007-06-06,627.0,2624.0,117.0,326116918.0,1892299375.0,19231290.0,43.0,39.0
2007-06-07,278.0,3093.0,91.0,103751000.0,1795724000.0,12783000.0,27.0,117.0
2007-06-08,2284.0,989.0,122.0,1945492466.0,285541876.0,37923941.0,32.0,62.0
2007-06-11,1642.0,1634.0,105.0,967233489.0,916824790.0,19600144.0,48.0,46.0
2007-06-12,459.0,2848.0,74.0,285486954.0,2026258309.0,8889743.0,37.0,115.0
2007-06-13,2681.0,611.0,100.0,2041192595.0,267777671.0,9607355.0,87.0,70.0
2007-06-14,2142.0,1143.0,116.0,1518686685.0,593200244.0,18918919.0,182.0,42.0
2007-06-15,2578.0,709.0,107.0,2132892337.0,534445396.0,44492530.0,296.0,26.0
2007-06-18,1562.0,1718.0,117.0,815938247.0,1012195653.0,19006335.0,203.0,25.0
2007-06-19,1911.0,1341.0,150.0,1198335134.0,909352056.0,30245622.0,172.0,33.0
2007-06-20,723.0,2541.0,111.0,544401683.0,1904569077.0,20288279.0,137.0,39.0
2007-06-21,1783.0,1480.0,132.0,1650438638.0,648453661.0,57975526.0,91.0,57.0
2007-06-22,868.0,2465.0,107.0,747827000.0,1858635000.0,18012000.0,88.0,88.0
2007-06-25,1021.0,2263.0,122.0,597018992.0,1822087705.0,53736207.0,45.0,76.0
2007-06-26,1183.0,2059.0,141.0,769750085.0,1714762908.0,45731549.0,38.0,91.0
2007-06-27,2458.0,823.0,101.0,2012887700.0,524912338.0,13563803.0,48.0,86.0
2007-06-28,1865.0,1378.0,136.0,1123263957.0,1048808781.0,51240886.0,79.0,28.0
2007-06-29,1710.0,1581.0,99.0,1022392978.0,1353800978.0,26968645.0,93.0,43.0
2007-07-02,2605.0,657.0,105.0,1662523550.0,302356349.0,19996554.0,192.0,38.0
2007-07-03,1977.0,1193.0,150.0,705483251.0,431408318.0,25893916.0,198.0,32.0
2007-07-04,1971.0,1186.0,148.0,937985502.0,588741637.0,34062833.0,236.0,45.0
2007-07-05,1477.0,1769.0,119.0,974671299.0,979118758.0,34725233.0,184.0,39.0
2007-07-06,1955.0,1286.0,124.0,1297091521.0,503754441.0,23180413.0,218.0,33.0
2007-07-09,1720.0,1524.0,134.0,989236541.0,995024876.0,24666587.0,256.0,32.0
2007-07-10,761.0,2517.0,91.0,362260411.0,2033839744.0,30097663.0,76.0,76.0
2007-07-11,1745.0,1513.0,114.0,1418609944.0,813784339.0,45600014.0,87.0,73.0
2007-07-12,2430.0,882.0,119.0,1451372000.0,204777000.0,10807000.0,366.0,120.0
2007-07-13,1684.0,1543.0,130.0,1207453005.0,798793631.0,47071857.0,292.0,53.0
2007-07-16,1040.0,2195.0,130.0,702310934.0,1300694641.0,25528579.0,179.0,66.0
2007-07-17,1354.0,1874.0,128.0,896760947.0,1281569338.0,29909936.0,163.0,69.0
2007-07-18,1172.0,2063.0,131.0,998934132.0,1647605413.0,37554995.0,101.0,122.0
2007-07-19,2014.0,1213.0,128.0,1378934089.0,923641132.0,49031896.0,210.0,73.0
2007-07-20,755.0,2525.0,118.0,236105000.0,1724286000.0,26438000.0,128.0,140.0
2007-07-23,1568.0,1689.0,115.0,1290404562.0,989153091.0,21381662.0,140.0,126.0
2007-07-24,350.0,3008.0,68.0,132953000.0,1842674000.0,7693000.0,76.0,363.0
2007-07-25,1329.0,1935.0,107.0,1318155088.0,1599544329.0,54678864.0,39.0,306.0
2007-07-26,317.0,3066.0,73.0,168113000.0,2606523000.0,6253000.0,26.0,828.0
2007-07-27,1044.0,2296.0,93.0,398696000.0,1812437000.0,19118000.0,15.0,398.0
2007-07-30,2125.0,1225.0,72.0,1521377000.0,490553000.0,16274000.0,19.0,413.0
2007-07-31,1410.0,1938.0,87.0,499496000.0,1701092000.0,12394000.0,35.0,236.0
2007-08-01,1421.0,1911.0,90.0,1266393000.0,1138735000.0,19423000.0,18.0,511.0
2007-08-02,2149.0,1130.0,104.0,1872855476.0,1201191079.0,46086634.0,42.0,148.0
2007-08-03,547.0,2806.0,65.0,115750000.0,2000642000.0,2171000.0,40.0,370.0
2007-08-06,1805.0,1564.0,64.0,1639074000.0,645391000.0,8713000.0,28.0,688.0
2007-08-07,1905.0,1416.0,99.0,1449337000.0,774417000.0,24679000.0,47.0,321.0
2007-08-08,2405.0,965.0,67.0,1960351000.0,628158000.0,11376000.0,125.0,167.0
2007-08-09,721.0,2624.0,65.0,398440000.0,2355038000.0,24951000.0,75.0,293.0
2007-08-10,1280.0,2043.0,62.0,1778244972.0,2147117235.0,13704129.0,20.0,300.0
2007-08-13,1615.0,1690.0,84.0,1365823973.0,1297503373.0,8457500.0,16.0,160.0
2007-08-14,438.0,2920.0,77.0,129326000.0,1619802000.0,43508000.0,10.0,449.0
2007-08-15,551.0,2819.0,65.0,251820000.0,1715857000.0,13555000.0,6.0,717.0
2007-08-16,1310.0,2103.0,56.0,1295007000.0,1666333000.0,27337000.0,6.0,1183.0
2007-08-17,2976.0,431.0,31.0,2243885000.0,230522000.0,4002000.0,25.0,117.0
2007-08-20,1984.0,1315.0,88.0,1268516680.0,1111668588.0,22489569.0,16.0,63.0
2007-08-21,2006.0,1304.0,78.0,1120720077.0,761518593.0,18190800.0,17.0,58.0
2007-08-22,2668.0,658.0,64.0,1920449869.0,386546379.0,32198700.0,18.0,44.0
2007-08-23,1645.0,1635.0,93.0,1001195061.0,1077462665.0,63198300.0,19.0,35.0
2007-08-24,2562.0,735.0,73.0,1556158301.0,282748820.0,11440050.0,25.0,31.0
2007-08-27,958.0,2339.0,93.0,418520244.0,1280330172.0,16452437.0,30.0,36.0
2007-08-28,439.0,2861.0,67.0,119498150.0,2024445414.0,5843250.0,12.0,53.0
2007-08-29,2830.0,465.0,67.0,1942058610.0,90740455.0,2433900.0,18.0,53.0
2007-08-30,1307.0,1936.0,94.0,598885854.0,1310797910.0,15279750.0,19.0,35.0
2007-08-31,2824.0,470.0,77.0,1840656771.0,175930770.0,12196425.0,35.0,30.0
2007-09-04,2307.0,997.0,72.0,1607132957.0,435172283.0,6889100.0,55.0,29.0
2007-09-05,925.0,2372.0,69.0,415941473.0,1755118423.0,5728855.0,30.0,43.0
2007-09-06,2043.0,1224.0,96.0,1176538893.0,625568577.0,11746315.0,38.0,43.0
2007-09-07,749.0,2535.0,69.0,226918592.0,2063762196.0,15124000.0,17.0,74.0
2007-09-10,1273.0,2006.0,72.0,669485036.0,1369989898.0,41251675.0,29.0,99.0
2007-09-11,2374.0,890.0,86.0,1789031225.0,346160109.0,12117150.0,43.0,52.0
2007-09-12,1443.0,1845.0,82.0,917610948.0,1119876211.0,48182583.0,53.0,80.0
2007-09-13,1897.0,1359.0,88.0,1504307094.0,562632200.0,6991961.0,54.0,78.0
2007-09-14,1786.0,1462.0,99.0,1082440436.0,827451256.0,13346280.0,49.0,74.0
2007-09-17,1041.0,2239.0,89.0,525325888.0,1240181455.0,31678432.0,41.0,84.0
2007-09-18,3043.0,332.0,59.0,1590099000.0,53301000.0,4098000.0,159.0,50.0
2007-09-19,2154.0,1154.0,82.0,1800766797.0,896304886.0,36223074.0,164.0,33.0
2007-09-20,980.0,2322.0,85.0,639681224.0,1438440678.0,20237808.0,114.0,42.0
2007-09-21,2029.0,1222.0,103.0,1859492536.0,947939212.0,51984943.0,171.0,60.0
2007-09-24,1272.0,1996.0,94.0,767714793.0,1432330789.0,20499004.0,98.0,63.0
2007-09-25,1325.0,1923.0,99.0,930388954.0,1276443737.0,30699251.0,66.0,94.0
2007-09-26,2130.0,1149.0,92.0,1485503944.0,710707759.0,23982179.0,135.0,79.0
2007-09-27,2180.0,1081.0,98.0,1300006148.0,671263497.0,22576459.0,156.0,57.0
2007-09-28,1463.0,1809.0,98.0,822815305.0,1253878438.0,32080087.0,122.0,56.0
2007-10-01,2481.0,798.0,76.0,1865000589.0,457685466.0,10932215.0,236.0,41.0
2007-10-02,1889.0,1361.0,114.0,1218357602.0,936394305.0,18726549.0,142.0,33.0
2007-10-03,1222.0,2034.0,110.0,799432432.0,1314841651.0,17511520.0,56.0,36.0
2007-10-04,2002.0,1232.0,113.0,1102892034.0,754427951.0,30015577.0,60.0,36.0
2007-10-05,2466.0,802.0,92.0,1727125054.0,319477068.0,29798517.0,188.0,31.0
2007-10-08,1118.0,2137.0,105.0,415144961.0,1010776281.0,18403309.0,102.0,29.0
2007-10-09,2296.0,1000.0,106.0,1520430420.0,495318461.0,29236879.0,189.0,36.0
2007-10-10,1565.0,1726.0,114.0,932175986.0,1111442075.0,43323665.0,166.0,37.0
2007-10-11,1260.0,2033.0,85.0,1114870377.0,1538405783.0,38073025.0,215.0,49.0
2007-10-12,1999.0,1236.0,125.0,1191120173.0,713879723.0,24754370.0,137.0,44.0
2007-10-15,900.0,2371.0,95.0,526380328.0,1651506807.0,18286888.0,106.0,66.0
2007-10-16,912.0,2344.0,103.0,502721449.0,1719613494.0,11779700.0,55.0,81.0
2007-10-17,1683.0,1576.0,113.0,1223008596.0,1241367157.0,28634251.0,93.0,87.0
2007-10-18,1600.0,1643.0,121.0,1052061200.0,1163279302.0,20909839.0,104.0,102.0
2007-10-19,525.0,2778.0,81.0,88665000.0,1662882000.0,28058000.0,71.0,147.0
2007-10-22,1795.0,1467.0,109.0,1425205519.0,971062335.0,24525350.0,26.0,123.0
2007-10-23,2235.0,1062.0,91.0,1537314623.0,708369200.0,46786299.0,64.0,64.0
2007-10-24,1220.0,2069.0,104.0,595363000.0,950838000.0,25998000.0,73.0,136.0
2007-10-25,1607.0,1679.0,111.0,1369706531.0,1481503555.0,35541340.0,117.0,93.0
2007-10-26,2421.0,848.0,107.0,2065067622.0,405719270.0,21651653.0,211.0,57.0
2007-10-29,1904.0,1364.0,117.0,1383632197.0,732986621.0,36594688.0,234.0,53.0
2007-10-30,1232.0,2039.0,107.0,663946031.0,1515422515.0,20724355.0,84.0,65.0
2007-10-31,2422.0,871.0,84.0,2142709558.0,571809140.0,17453068.0,224.0,58.0
2007-11-01,460.0,2848.0,63.0,87474000.0,1616662000.0,35767000.0,77.0,166.0
2007-11-02,1530.0,1732.0,98.0,1304576034.0,1655855615.0,40760922.0,80.0,198.0
2007-11-05,779.0,2505.0,79.0,611968175.0,2024635260.0,35655613.0,49.0,216.0
2007-11-06,2120.0,1172.0,98.0,1886683604.0,749485824.0,27100868.0,138.0,151.0
2007-11-07,301.0,3013.0,60.0,97301000.0,1533184000.0,18597000.0,119.0,387.0
2007-11-08,1596.0,1714.0,76.0,1117440000.0,1048413000.0,12484000.0,77.0,505.0
2007-11-09,901.0,2403.0,78.0,530461000.0,1254382000.0,35516000.0,36.0,434.0
2007-11-12,1057.0,2186.0,89.0,978405576.0,1907389020.0,52162279.0,18.0,208.0
2007-11-13,2726.0,595.0,64.0,1530231000.0,107161000.0,8688000.0,29.0,166.0
2007-11-14,1280.0,2044.0,80.0,1014808072.0,1680475000.0,14417604.0,29.0,127.0
2007-11-15,717.0,2554.0,73.0,279186000.0,1172628000.0,18858000.0,20.0,299.0
2007-11-16,1492.0,1814.0,93.0,1546818345.0,1381567531.0,18877138.0,32.0,256.0
2007-11-19,563.0,2741.0,67.0,174770000.0,1494920000.0,7616000.0,28.0,565.0
2007-11-20,1659.0,1688.0,77.0,1553760839.0,1747787821.0,36341313.0,32.0,469.0
2007-11-21,896.0,2411.0,66.0,257772000.0,1338775000.0,6654000.0,30.0,536.0
2007-11-23,2678.0,555.0,68.0,1038776332.0,77292980.0,3595580.0,20.0,95.0
2007-11-26,793.0,2518.0,61.0,204242000.0,1291473000.0,5971000.0,33.0,313.0
2007-11-27,2250.0,1089.0,70.0,2129919191.0,806225650.0,30119871.0,21.0,252.0
2007-11-28,2900.0,439.0,56.0,1663615000.0,79481000.0,4397000.0,55.0,97.0
2007-11-29,1502.0,1807.0,90.0,1096276065.0,1243126906.0,75079327.0,48.0,103.0
2007-11-30,2333.0,985.0,71.0,1365199000.0,476219000.0,15157000.0,83.0,63.0
2007-12-03,1362.0,1970.0,73.0,763914247.0,1530774389.0,18229809.0,44.0,104.0
2007-12-04,1175.0,2140.0,81.0,688379849.0,1606827127.0,19502089.0,34.0,148.0
2007-12-05,2489.0,850.0,74.0,2034315527.0,501832385.0,11072047.0,72.0,89.0
2007-12-06,2571.0,678.0,70.0,2023558277.0,362010177.0,9803053.0,97.0,60.0
2007-12-07,1655.0,1606.0,94.0,1102762280.0,1020827283.0,51941322.0,86.0,49.0
2007-12-10,2080.0,1168.0,84.0,1473639868.0,540975604.0,14429857.0,93.0,46.0
2007-12-11,534.0,2759.0,66.0,101082000.0,1436816000.0,4384000.0,104.0,64.0
2007-12-12,1793.0,1469.0,76.0,1695153757.0,1362108547.0,8068388.0,39.0,91.0
2007-12-13,1097.0,2155.0,71.0,871447722.0,1622499049.0,17151988.0,27.0,133.0
2007-12-14,716.0,2525.0,89.0,343681219.0,1968550509.0,21929239.0,33.0,189.0
2007-12-17,594.0,2676.0,67.0,487220332.0,1960196876.0,34882723.0,19.0,312.0
2007-12-18,1984.0,1225.0,77.0,1648752727.0,897405780.0,31128505.0,18.0,251.0
2007-12-19,1430.0,1839.0,84.0,1009064007.0,1329669068.0,17860759.0,22.0,201.0
2007-12-20,1821.0,1453.0,85.0,1319577108.0,1079501971.0,30713037.0,42.0,220.0
2007-12-21,2471.0,838.0,74.0,1879970000.0,303750000.0,54620000.0,103.0,175.0
2007-12-24,2487.0,747.0,71.0,689462422.0,208180289.0,4420413.0,84.0,71.0
2007-12-25,2550.0,762.0,77.0,965499844.0,296594579.0,5458026.0,100.0,120.0
2007-12-26,1631.0,1619.0,76.0,706749802.0,671910620.0,29083880.0,85.0,81.0
2007-12-27,749.0,2530.0,74.0,187018507.0,1466841183.0,6795732.0,39.0,152.0
2007-12-28,1675.0,1590.0,90.0,716331340.0,898814072.0,100048781.0,29.0,188.0
2007-12-31,1529.0,1732.0,84.0,768256996.0,1000392519.0,25062372.0,25.0,163.0
2008-01-01,1557.0,1793.0,90.0,1083783893.0,1375454439.0,38542710.0,37.0,264.0
2008-01-02,1367.0,1887.0,68.0,555032333.0,1853419505.0,14506170.0,45.0,189.0
2008-01-03,1740.0,1535.0,63.0,931015325.0,1399747746.0,37025252.0,51.0,270.0
2008-01-04,745.0,2539.0,64.0,106228000.0,1532520000.0,4124000.0,27.0,539.0
2008-01-07,1830.0,1427.0,80.0,1490419775.0,1443427108.0,17908419.0,32.0,297.0
2008-01-08,1109.0,2147.0,80.0,361635000.0,1460477000.0,19051000.0,61.0,497.0
2008-01-09,1844.0,1411.0,74.0,2066322090.0,1458489015.0,24711358.0,35.0,509.0
2008-01-10,2125.0,1021.0,81.0,1548394000.0,493738000.0,14809000.0,41.0,165.0
2008-01-11,1178.0,2101.0,63.0,469304000.0,1304852000.0,12086000.0,40.0,174.0
2008-01-14,2205.0,1042.0,85.0,1784684913.0,724762714.0,10302835.0,53.0,124.0
2008-01-15,824.0,2429.0,98.0,132955000.0,1674757000.0,7115000.0,34.0,349.0
2008-01-16,1636.0,1632.0,78.0,1754232506.0,1976630601.0,26407936.0,24.0,279.0
2008-01-17,478.0,2794.0,68.0,205227000.0,1948769000.0,10395000.0,25.0,473.0
2008-01-18,1185.0,2098.0,63.0,973883000.0,1455117000.0,19557000.0,10.0,625.0
2008-01-22,1361.0,1824.0,68.0,1118820000.0,1449736000.0,18678000.0,13.0,916.0
2008-01-23,2402.0,894.0,43.0,1628213220.0,1374351059.0,18027016.0,18.0,227.0
2008-01-24,2082.0,1199.0,62.0,1376111000.0,787133000.0,5916000.0,13.0,31.0
2008-01-25,1362.0,1803.0,73.0,501324000.0,1365408000.0,17669000.0,20.0,34.0
2008-01-28,2561.0,727.0,66.0,1410667000.0,207500000.0,10166000.0,15.0,30.0
2008-01-29,2172.0,1048.0,113.0,1915047609.0,930600454.0,17570319.0,21.0,36.0
2008-01-30,1382.0,1865.0,96.0,1187079151.0,2043515571.0,28136713.0,19.0,46.0
2008-01-31,2472.0,806.0,87.0,1759492000.0,382729000.0,17137000.0,29.0,45.0
2008-02-01,2616.0,653.0,73.0,1495912000.0,281410000.0,6715000.0,54.0,17.0
2008-02-04,1320.0,1925.0,95.0,725702721.0,1661464624.0,33334214.0,34.0,31.0
2008-02-05,628.0,2640.0,81.0,122458000.0,1544423000.0,6731000.0,15.0,33.0
2008-02-06,1187.0,2025.0,101.0,820881400.0,1913842652.0,27922001.0,11.0,56.0
2008-02-07,2049.0,1175.0,89.0,1988583512.0,1144765895.0,11264588.0,10.0,64.0
2008-02-08,1297.0,1919.0,112.0,905019913.0,1680087003.0,18823335.0,23.0,70.0
2008-02-11,1710.0,1518.0,90.0,1478447459.0,963452196.0,38743470.0,34.0,80.0
2008-02-12,2048.0,1206.0,82.0,1798001945.0,959999053.0,21277008.0,31.0,56.0
2008-02-13,2153.0,1101.0,71.0,2014680231.0,576176806.0,20687647.0,25.0,45.0
2008-02-14,717.0,2530.0,68.0,447916691.0,2058885018.0,8761148.0,27.0,56.0
2008-02-15,1412.0,1783.0,95.0,1229008010.0,1275822858.0,28184310.0,11.0,74.0
2008-02-18,1459.0,1823.0,97.0,1733211720.0,1811592516.0,39113720.0,12.0,127.0
2008-02-19,1832.0,1412.0,73.0,1277118649.0,1220441331.0,14725304.0,39.0,57.0
2008-02-20,2007.0,1212.0,97.0,1843658748.0,800871121.0,14707586.0,47.0,57.0
2008-02-21,861.0,2369.0,82.0,515737183.0,2006547238.0,10845573.0,38.0,69.0
2008-02-22,1906.0,1296.0,103.0,1786216423.0,683627949.0,13780420.0,21.0,93.0
2008-02-25,2424.0,752.0,81.0,1294541000.0,202673000.0,14125000.0,81.0,39.0
2008-02-26,2247.0,987.0,83.0,1999575153.0,763960432.0,26207249.0,95.0,57.0
2008-02-27,1459.0,1755.0,90.0,1357860245.0,1296219782.0,20847295.0,47.0,44.0
2008-02-28,999.0,2220.0,72.0,731725013.0,1920820635.0,5466134.0,67.0,76.0
2008-02-29,441.0,2724.0,64.0,96064000.0,1632123000.0,2316000.0,31.0,185.0
2008-03-03,1489.0,1759.0,58.0,1266816874.0,1551794052.0,12251882.0,34.0,181.0
2008-03-04,1044.0,2124.0,78.0,553877000.0,1205660000.0,20402000.0,31.0,246.0
2008-03-05,1943.0,1288.0,71.0,1819016953.0,1077787239.0,13121495.0,30.0,97.0
2008-03-06,356.0,2835.0,55.0,87297000.0,1517426000.0,3774000.0,27.0,289.0
2008-03-07,1161.0,2071.0,89.0,1006827990.0,2064984206.0,53714592.0,19.0,287.0
2008-03-10,532.0,2677.0,58.0,166469000.0,1431782000.0,11237000.0,20.0,394.0
2008-03-11,2676.0,534.0,56.0,1735966000.0,192920000.0,5656000.0,26.0,189.0
2008-03-12,1195.0,2000.0,59.0,485135000.0,1068849000.0,6458000.0,39.0,112.0
2008-03-13,1808.0,1338.0,93.0,1116832000.0,711535000.0,11513000.0,45.0,273.0
2008-03-14,530.0,2656.0,62.0,144919000.0,1698504000.0,10019000.0,57.0,286.0
2008-03-17,568.0,2752.0,50.0,1167767692.0,267566116.0,53412212.0,27.0,641.0
2008-03-18,2882.0,343.0,43.0,1847277000.0,94152000.0,2149000.0,28.0,140.0
2008-03-19,941.0,2254.0,71.0,339928000.0,1525675000.0,101508000.0,27.0,109.0
2008-03-20,2350.0,852.0,64.0,2054820000.0,633053000.0,27781000.0,17.0,132.0
2008-03-24,2604.0,628.0,36.0,1254069000.0,305532000.0,6180000.0,41.0,33.0
2008-03-25,2066.0,1111.0,81.0,899074000.0,567606000.0,7269000.0,36.0,24.0
2008-03-26,1312.0,1828.0,86.0,448559000.0,973274000.0,8511000.0,27.0,30.0
2008-03-27,1184.0,1992.0,73.0,368181000.0,1052327000.0,4585000.0,23.0,26.0
2008-03-28,1053.0,2088.0,96.0,313201000.0,1006263000.0,15721000.0,14.0,54.0
2008-03-31,1960.0,1212.0,89.0,1043194000.0,503313000.0,9447000.0,16.0,55.0
2008-04-01,2691.0,518.0,53.0,1528633000.0,150775000.0,12387000.0,30.0,16.0
2008-04-02,1859.0,1296.0,93.0,831466000.0,596344000.0,10901000.0,54.0,17.0
2008-04-03,1848.0,1299.0,93.0,744272000.0,487662000.0,19653000.0,55.0,13.0
2008-04-04,1796.0,1461.0,114.0,1828129150.0,1771867349.0,30589700.0,66.0,19.0
2008-04-07,1750.0,1412.0,88.0,791333000.0,470590000.0,10920000.0,91.0,8.0
2008-04-08,1325.0,1816.0,109.0,455812000.0,729577000.0,10324000.0,37.0,19.0
2008-04-09,913.0,2236.0,83.0,257318000.0,947352000.0,8715000.0,55.0,31.0
2008-04-10,1949.0,1166.0,109.0,775482000.0,491302000.0,17041000.0,37.0,40.0
2008-04-11,674.0,2481.0,77.0,121652000.0,1125858000.0,13701000.0,24.0,50.0
2008-04-14,1261.0,1879.0,93.0,433413000.0,726598000.0,13609000.0,49.0,87.0
2008-04-15,1877.0,1273.0,96.0,783789000.0,417966000.0,30950000.0,77.0,79.0
2008-04-16,2642.0,537.0,71.0,1234416000.0,189015000.0,3404000.0,149.0,29.0
2008-04-17,1659.0,1683.0,102.0,1915843910.0,1730731739.0,36105492.0,124.0,78.0
2008-04-18,2451.0,694.0,84.0,1177423000.0,282454000.0,13989000.0,156.0,19.0
2008-04-21,1469.0,1870.0,88.0,1470616842.0,1863714689.0,46708920.0,122.0,71.0
2008-04-22,894.0,2269.0,86.0,338423000.0,958642000.0,28641000.0,113.0,66.0
2008-04-23,1648.0,1481.0,112.0,625013000.0,692022000.0,27663000.0,56.0,68.0
2008-04-24,1997.0,1168.0,79.0,947098000.0,492030000.0,9960000.0,55.0,51.0
2008-04-25,1961.0,1177.0,101.0,866404000.0,394881000.0,16335000.0,73.0,31.0
2008-04-28,1951.0,1379.0,106.0,1884424408.0,1636692087.0,36271294.0,80.0,70.0
2008-04-29,1308.0,1828.0,116.0,507379000.0,710934000.0,8133000.0,29.0,34.0
2008-04-30,1641.0,1499.0,109.0,634066000.0,783910000.0,13298000.0,53.0,27.0
2008-05-01,2237.0,947.0,63.0,1065942000.0,321491000.0,8608000.0,67.0,31.0
2008-05-02,1776.0,1343.0,119.0,736895000.0,511171000.0,17236000.0,83.0,22.0
2008-05-05,1442.0,1877.0,102.0,1400291099.0,1928140914.0,32657111.0,53.0,62.0
2008-05-06,1963.0,1177.0,109.0,831660000.0,379563000.0,16816000.0,111.0,31.0
2008-05-07,896.0,2263.0,101.0,221263000.0,1046665000.0,8049000.0,99.0,40.0
2008-05-08,1946.0,1376.0,93.0,1980295918.0,1761990291.0,25929142.0,80.0,90.0
2008-05-09,1420.0,1687.0,116.0,392669000.0,692158000.0,13009000.0,88.0,54.0
2008-05-12,2245.0,914.0,94.0,791141000.0,249785000.0,7350000.0,65.0,33.0
2008-05-13,1748.0,1574.0,105.0,2097756604.0,1861744295.0,25995240.0,121.0,75.0
2008-05-14,1861.0,1274.0,106.0,735221000.0,417048000.0,34112000.0,156.0,24.0
2008-05-15,2205.0,924.0,112.0,929420000.0,242955000.0,19389000.0,110.0,28.0
2008-05-16,1810.0,1517.0,118.0,1805564800.0,1881482883.0,130104394.0,174.0,66.0
2008-05-19,1487.0,1669.0,112.0,1841861158.0,1772735849.0,29788327.0,167.0,61.0
2008-05-20,1119.0,2052.0,88.0,326766000.0,882046000.0,26040000.0,95.0,41.0
2008-05-21,937.0,2218.0,89.0,242298000.0,1137378000.0,7205000.0,150.0,52.0
2008-05-22,1746.0,1405.0,93.0,2076270446.0,1814629902.0,34091661.0,40.0,67.0
2008-05-23,861.0,2280.0,98.0,179557000.0,918550000.0,6430000.0,29.0,57.0
2008-05-27,2082.0,1276.0,81.0,2031080161.0,1421750150.0,33917059.0,37.0,79.0
2008-05-28,1788.0,1364.0,103.0,715205000.0,472476000.0,15128000.0,41.0,59.0
2008-05-29,1933.0,1214.0,101.0,743950000.0,464446000.0,16162000.0,59.0,37.0
2008-05-30,1876.0,1462.0,101.0,2051552499.0,1680313174.0,79296694.0,70.0,66.0
2008-06-02,985.0,2168.0,100.0,267180000.0,875299000.0,18550000.0,52.0,53.0
2008-06-03,1263.0,1886.0,109.0,514178000.0,788232000.0,7437000.0,72.0,49.0
2008-06-04,1430.0,1705.0,102.0,574672000.0,716449000.0,30933000.0,40.0,50.0
2008-06-05,2496.0,650.0,97.0,1074536000.0,180606000.0,32380000.0,111.0,40.0
2008-06-06,616.0,2738.0,76.0,421372434.0,87211104.0,13180880.0,140.0,157.0
2008-06-09,1131.0,2009.0,108.0,489818000.0,847469000.0,4771000.0,61.0,133.0
2008-06-10,1094.0,2094.0,87.0,585686000.0,769724000.0,10761000.0,36.0,168.0
2008-06-11,599.0,2602.0,56.0,213851000.0,1165183000.0,4526000.0,37.0,235.0
2008-06-12,1636.0,1528.0,84.0,768699000.0,540775000.0,20715000.0,25.0,165.0
2008-06-13,2300.0,855.0,84.0,967163000.0,240525000.0,14991000.0,37.0,121.0
2008-06-16,1900.0,1237.0,103.0,665979000.0,480664000.0,14308000.0,80.0,78.0
2008-06-17,1276.0,1881.0,87.0,385069000.0,695961000.0,10983000.0,107.0,95.0
2008-06-18,884.0,2237.0,110.0,320089000.0,947209000.0,8894000.0,77.0,206.0
2008-06-19,1572.0,1574.0,103.0,701835000.0,561270000.0,25264000.0,95.0,185.0
2008-06-20,578.0,2608.0,62.0,271737000.0,1666164000.0,7365000.0,40.0,275.0
2008-06-23,1086.0,2139.0,59.0,389710000.0,684396000.0,8327000.0,68.0,320.0
2008-06-24,999.0,2189.0,83.0,598900000.0,722315000.0,14519000.0,44.0,393.0
2008-06-25,2220.0,951.0,89.0,955874000.0,398900000.0,41957000.0,28.0,121.0
2008-06-26,525.0,2895.0,55.0,485386731.0,487315362.0,8400191.0,33.0,424.0
2008-06-27,1187.0,1994.0,74.0,751496000.0,1165572000.0,38177000.0,52.0,492.0
2008-06-30,1269.0,1898.0,83.0,697031000.0,900586000.0,10621000.0,54.0,474.0
2008-07-01,1321.0,1867.0,84.0,799243000.0,812946000.0,21261000.0,48.0,652.0
2008-07-02,917.0,2511.0,55.0,944734917.0,60441792.0,17920661.0,67.0,412.0
2008-07-03,1139.0,2172.0,91.0,1373448990.0,1879240117.0,29129812.0,16.0,501.0
2008-07-04,1139.0,2172.0,91.0,1373448990.0,1879240117.0,29129812.0,16.0,501.0
2008-07-07,957.0,2236.0,89.0,453421000.0,1049964000.0,12552000.0,10.0,651.0
2008-07-08,2288.0,1129.0,82.0,153580924.0,1627413562.0,13753567.0,14.0,459.0
2008-07-09,1074.0,2141.0,63.0,271630000.0,1170727000.0,10615000.0,9.0,196.0
2008-07-10,1659.0,1530.0,84.0,762804000.0,734436000.0,29054000.0,15.0,495.0
2008-07-11,1133.0,2298.0,64.0,1744011042.0,729162417.0,24542087.0,40.0,791.0
2008-07-14,818.0,2433.0,49.0,388599000.0,1005253000.0,2014000.0,25.0,721.0
2008-07-15,898.0,2574.0,45.0,2096409648.0,997683669.0,44843399.0,26.0,1161.0
2008-07-16,2452.0,783.0,59.0,1331833000.0,362142000.0,12344000.0,14.0,335.0
2008-07-17,2509.0,929.0,52.0,878394921.0,1843985204.0,161217139.0,31.0,145.0
2008-07-18,1709.0,1473.0,85.0,956374000.0,702247000.0,44794000.0,25.0,79.0
2008-07-21,2052.0,1143.0,77.0,628893000.0,558169000.0,13060000.0,19.0,61.0
2008-07-22,2260.0,932.0,78.0,1075727000.0,468165000.0,11461000.0,36.0,60.0
2008-07-23,2118.0,1278.0,75.0,24646423.0,2121478731.0,49757788.0,54.0,104.0
2008-07-24,647.0,2758.0,66.0,756568461.0,955328767.0,11368625.0,36.0,138.0
2008-07-25,1788.0,1379.0,93.0,665934000.0,589905000.0,25812000.0,25.0,75.0
2008-07-28,867.0,2312.0,85.0,226423000.0,929116000.0,8275000.0,15.0,78.0
2008-07-29,2610.0,789.0,69.0,204490065.0,898766947.0,47348152.0,29.0,132.0
2008-07-30,2112.0,1065.0,91.0,1020939000.0,411581000.0,8618000.0,47.0,60.0
2008-07-31,1206.0,1960.0,100.0,445540000.0,979651000.0,8872000.0,33.0,62.0
2008-08-01,1582.0,1579.0,84.0,540030000.0,673042000.0,5888000.0,28.0,90.0
2008-08-04,1053.0,2092.0,97.0,403233000.0,812825000.0,7663000.0,32.0,124.0
2008-08-05,2526.0,862.0,78.0,135305055.0,1068969795.0,15031586.0,56.0,114.0
2008-08-06,1713.0,1455.0,86.0,669719000.0,519991000.0,5715000.0,42.0,62.0
2008-08-07,761.0,2417.0,75.0,233794000.0,1034835000.0,4915000.0,20.0,95.0
2008-08-08,2394.0,793.0,69.0,954278000.0,267662000.0,16260000.0,49.0,96.0
2008-08-11,1973.0,1190.0,92.0,808766000.0,434996000.0,13415000.0,84.0,73.0
2008-08-12,1064.0,2106.0,82.0,307470000.0,806191000.0,5895000.0,44.0,78.0
2008-08-13,1379.0,1804.0,80.0,511379000.0,690313000.0,4465000.0,31.0,52.0
2008-08-14,2002.0,1137.0,117.0,663931000.0,332074000.0,7393000.0,25.0,72.0
2008-08-15,1670.0,1473.0,104.0,734205000.0,427731000.0,9233000.0,50.0,86.0
2008-08-18,881.0,2266.0,108.0,158484000.0,807031000.0,7912000.0,33.0,105.0
2008-08-19,854.0,2275.0,85.0,252583000.0,743349000.0,17013000.0,7.0,140.0
2008-08-20,1674.0,1482.0,98.0,630248000.0,413329000.0,21537000.0,9.0,115.0
2008-08-21,1511.0,1861.0,86.0,2047595817.0,1968342271.0,57209299.0,9.0,136.0
2008-08-22,2237.0,874.0,87.0,649601000.0,233469000.0,5550000.0,18.0,37.0
2008-08-25,719.0,2457.0,82.0,99940000.0,756475000.0,3168000.0,10.0,93.0
2008-08-26,1961.0,1145.0,96.0,532017000.0,310295000.0,14013000.0,12.0,89.0
2008-08-27,2383.0,730.0,93.0,639167000.0,173267000.0,8172000.0,17.0,45.0
2008-08-28,2517.0,644.0,86.0,768733000.0,170241000.0,10261000.0,31.0,25.0
2008-08-29,1164.0,1966.0,108.0,231008000.0,680676000.0,11178000.0,24.0,52.0
2008-09-02,1720.0,1453.0,79.0,627303000.0,506668000.0,7899000.0,60.0,63.0
2008-09-03,1640.0,1517.0,92.0,584060000.0,601492000.0,12074000.0,35.0,117.0
2008-09-04,529.0,2640.0,74.0,93172000.0,1181704000.0,13650000.0,19.0,252.0
2008-09-05,1610.0,1534.0,105.0,711084000.0,476225000.0,7139000.0,20.0,321.0
2008-09-08,2021.0,1094.0,85.0,1082144000.0,609855000.0,2844000.0,119.0,214.0
2008-09-09,394.0,2827.0,60.0,141010000.0,1480143000.0,55945000.0,43.0,391.0
2008-09-10,1725.0,1454.0,106.0,817578000.0,712266000.0,14951000.0,26.0,322.0
2008-09-11,1433.0,1781.0,71.0,932769000.0,495894000.0,16791000.0,28.0,499.0
2008-09-12,1788.0,1422.0,72.0,771687000.0,521644000.0,8107000.0,27.0,192.0
2008-09-15,174.0,3096.0,25.0,78178000.0,1678369000.0,500000.0,23.0,792.0
2008-09-16,1474.0,1776.0,54.0,1371405000.0,767423000.0,7991000.0,27.0,1292.0
2008-09-17,222.0,3060.0,30.0,108066000.0,1999737000.0,1687000.0,17.0,1238.0
2008-09-18,2436.0,826.0,39.0,2073386000.0,267497000.0,4439000.0,70.0,1108.0
2008-09-19,2856.0,409.0,27.0,2427362000.0,391208000.0,11273000.0,229.0,119.0
2008-09-22,590.0,2647.0,49.0,214231000.0,1038408000.0,4628000.0,17.0,56.0
2008-09-23,921.0,2309.0,52.0,269406000.0,872205000.0,5441000.0,8.0,124.0
2008-09-24,1301.0,1888.0,73.0,420515000.0,643424000.0,6439000.0,5.0,130.0
2008-09-25,2289.0,924.0,66.0,854442000.0,337319000.0,5510000.0,6.0,113.0
2008-09-26,1065.0,2148.0,69.0,443178000.0,696196000.0,16187000.0,7.0,264.0
2008-09-29,160.0,3113.0,16.0,45693000.0,1816518000.0,1057000.0,15.0,1170.0
2008-09-30,2790.0,705.0,47.0,1054698404.0,710021088.0,64897436.0,8.0,344.0
2008-10-01,1564.0,1592.0,53.0,699150000.0,665707000.0,4971000.0,7.0,208.0
2008-10-02,547.0,2929.0,51.0,898941396.0,1126141681.0,34816048.0,11.0,629.0
2008-10-03,1201.0,2250.0,72.0,2144805756.0,308500696.0,38333134.0,17.0,642.0
2008-10-06,265.0,3016.0,19.0,119572000.0,1753362000.0,1295000.0,13.0,1973.0
2008-10-07,395.0,2877.0,30.0,72342000.0,1617057000.0,1762000.0,7.0,1232.0
2008-10-08,751.0,2516.0,35.0,705197000.0,1371551000.0,50969000.0,11.0,2223.0
2008-10-09,244.0,2951.0,37.0,91848000.0,1940831000.0,3028000.0,1.0,1769.0
2008-10-10,1146.0,2130.0,30.0,1037028000.0,1813353000.0,3144000.0,10.0,2901.0
2008-10-13,3029.0,158.0,17.0,1726193000.0,91270000.0,2271000.0,1.0,74.0
2008-10-14,1770.0,1498.0,27.0,840046000.0,995836000.0,6916000.0,2.0,48.0
2008-10-15,340.0,2916.0,28.0,36053000.0,1599634000.0,2273000.0,9.0,219.0
2008-10-16,2248.0,980.0,53.0,1539197000.0,410812000.0,27838000.0,11.0,501.0
2008-10-17,1772.0,1422.0,74.0,809934000.0,911157000.0,7562000.0,5.0,134.0
2008-10-20,2909.0,572.0,51.0,226041844.0,689462905.0,41742808.0,8.0,105.0
2008-10-21,945.0,2252.0,71.0,222809620.0,903730160.0,23824200.0,6.0,99.0
2008-10-22,501.0,2712.0,46.0,52773000.0,1463015000.0,1257000.0,7.0,543.0
2008-10-23,1199.0,1989.0,68.0,745836000.0,915664000.0,14096000.0,8.0,849.0
2008-10-24,591.0,2622.0,48.0,223757000.0,1342013000.0,3472000.0,12.0,1125.0
2008-10-27,730.0,2727.0,55.0,656367572.0,682442944.0,17111542.0,8.0,730.0
2008-10-28,2541.0,680.0,54.0,1601876000.0,84943000.0,2601000.0,4.0,701.0
2008-10-29,2008.0,1177.0,75.0,838032000.0,745065000.0,9235000.0,5.0,85.0
2008-10-30,2727.0,652.0,66.0,741873544.0,1114162604.0,38068895.0,8.0,92.0
2008-10-31,2512.0,938.0,59.0,414735074.0,1741442408.0,24090517.0,11.0,99.0
2008-11-03,1778.0,1402.0,73.0,489013000.0,515620000.0,7017000.0,6.0,21.0
2008-11-04,2778.0,732.0,49.0,621744955.0,701992830.0,6451036.0,7.0,67.0
2008-11-05,621.0,2554.0,53.0,74876700.0,1195802853.0,4737000.0,7.0,28.0
2008-11-06,549.0,2651.0,47.0,73248000.0,1437542000.0,528000.0,12.0,133.0
2008-11-07,2167.0,981.0,85.0,987895000.0,226645000.0,4784000.0,7.0,113.0
2008-11-10,1010.0,2163.0,78.0,343024000.0,781114000.0,10463000.0,9.0,161.0
2008-11-11,674.0,2889.0,71.0,709993319.0,67522475.0,13536714.0,9.0,350.0
2008-11-12,323.0,3250.0,50.0,235715415.0,1315956244.0,17146035.0,9.0,542.0
2008-11-13,2379.0,820.0,69.0,1809615000.0,131972000.0,7016000.0,17.0,776.0
2008-11-14,773.0,2780.0,72.0,884903857.0,767324953.0,40095666.0,5.0,214.0
2008-11-17,899.0,2769.0,73.0,1079735094.0,136406613.0,23098774.0,5.0,365.0
2008-11-18,1158.0,2004.0,84.0,706913000.0,845678000.0,19600000.0,11.0,673.0
2008-11-19,199.0,3005.0,44.0,27783000.0,1590684000.0,845000.0,23.0,1139.0
2008-11-20,225.0,3008.0,38.0,129654000.0,2069124000.0,6183000.0,49.0,1894.0
2008-11-21,2051.0,1160.0,55.0,1863454000.0,468900000.0,4058000.0,43.0,1527.0
2008-11-24,2831.0,359.0,33.0,1899045000.0,137542000.0,4505000.0,1.0,125.0
2008-11-25,2146.0,1050.0,52.0,1172921000.0,608755000.0,21819000.0,7.0,100.0
2008-11-26,3100.0,581.0,71.0,1441661048.0,668609281.0,37089651.0,18.0,92.0
2008-11-27,3100.0,581.0,71.0,1444332322.0,668803055.0,37117759.0,18.0,92.0
2008-11-28,2284.0,1149.0,79.0,2069621385.0,799817853.0,28372056.0,12.0,39.0
2008-12-01,508.0,3342.0,42.0,266760903.0,2009344849.0,2753427.0,14.0,112.0
2008-12-02,2842.0,990.0,77.0,1612990774.0,1023490961.0,36446014.0,21.0,137.0
2008-12-03,2548.0,1297.0,88.0,1174949894.0,1681802245.0,38809402.0,30.0,165.0
2008-12-04,1059.0,2775.0,77.0,1563815539.0,829420191.0,16943007.0,28.0,206.0
2008-12-05,2619.0,1204.0,84.0,1527585862.0,1250868133.0,45925328.0,27.0,306.0
2008-12-08,3061.0,825.0,73.0,1995443403.0,1051712909.0,87138121.0,21.0,75.0
2008-12-09,1266.0,2581.0,76.0,1924222574.0,207455656.0,61422359.0,14.0,89.0
2008-12-10,2201.0,958.0,59.0,921397000.0,365723000.0,8127000.0,7.0,48.0
2008-12-11,998.0,2834.0,78.0,1111469627.0,785561173.0,57053691.0,12.0,119.0
2008-12-12,1923.0,1206.0,79.0,1006959000.0,405976000.0,5059000.0,1.0,102.0
2008-12-15,832.0,2328.0,59.0,339729000.0,861757000.0,4072000.0,1.0,71.0
2008-12-16,3274.0,604.0,69.0,1838250329.0,608138459.0,33304540.0,28.0,114.0
2008-12-17,1821.0,1273.0,94.0,628480000.0,691946000.0,19968000.0,7.0,33.0
2008-12-18,1573.0,2268.0,79.0,1499569328.0,566726084.0,43984793.0,24.0,85.0
2008-12-19,1960.0,1172.0,83.0,1322847000.0,969762000.0,24971000.0,9.0,38.0
2008-12-22,976.0,2183.0,71.0,238848000.0,937102000.0,9449000.0,4.0,42.0
2008-12-23,1233.0,1884.0,94.0,297638000.0,660199000.0,22551000.0,1.0,51.0
2008-12-24,2150.0,1489.0,137.0,958087402.0,612784136.0,34701928.0,14.0,97.0
2008-12-25,2150.0,1489.0,137.0,958087402.0,612784136.0,34701928.0,14.0,97.0
2008-12-26,2740.0,979.0,101.0,1387720023.0,517488339.0,39026182.0,13.0,81.0
2008-12-29,1157.0,1991.0,70.0,279920000.0,583343000.0,10552000.0,3.0,40.0
2008-12-30,2596.0,581.0,58.0,849703000.0,88838000.0,4472000.0,9.0,31.0
2008-12-31,2661.0,505.0,60.0,983213000.0,224518000.0,71433000.0,14.0,13.0
2009-01-02,2604.0,547.0,41.0,909752000.0,117775000.0,8370000.0,12.0,2.0
2009-01-05,2099.0,1056.0,59.0,709995000.0,594624000.0,9279000.0,8.0,1.0
2009-01-06,2961.0,869.0,82.0,303066964.0,1441249509.0,58403083.0,27.0,78.0
2009-01-07,813.0,2997.0,77.0,761393785.0,282132681.0,25073287.0,11.0,59.0
2009-01-08,1944.0,1178.0,71.0,743161000.0,427360000.0,16644000.0,1.0,9.0
2009-01-09,943.0,2200.0,55.0,168185000.0,975577000.0,5943000.0,3.0,7.0
2009-01-12,899.0,2880.0,87.0,708685777.0,310195089.0,11175862.0,11.0,61.0
2009-01-13,1659.0,1462.0,83.0,729632000.0,555071000.0,13955000.0,0.0,18.0
2009-01-14,486.0,3330.0,58.0,444459564.0,1435454580.0,5764903.0,13.0,98.0
2009-01-15,1670.0,1440.0,83.0,882708000.0,722984000.0,28948000.0,2.0,81.0
2009-01-16,2029.0,1065.0,91.0,1017170000.0,574209000.0,18042000.0,4.0,37.0
2009-01-20,310.0,2822.0,57.0,51723000.0,1642130000.0,2074000.0,0.0,116.0
2009-01-21,2901.0,850.0,69.0,2087617053.0,923490248.0,15947003.0,6.0,108.0
2009-01-22,889.0,2798.0,90.0,1607760813.0,907858372.0,37452342.0,5.0,103.0
2009-01-23,2046.0,1737.0,118.0,332269878.0,2108310389.0,27783215.0,10.0,174.0
2009-01-26,1998.0,1104.0,76.0,704268000.0,551214000.0,9603000.0,3.0,39.0
2009-01-27,2078.0,950.0,110.0,819807000.0,342298000.0,9595000.0,6.0,26.0
2009-01-28,3247.0,563.0,92.0,1857857845.0,934613887.0,62749265.0,8.0,57.0
2009-01-29,708.0,3046.0,85.0,702752495.0,780328061.0,15593730.0,8.0,87.0
2009-01-30,986.0,2722.0,120.0,1044357370.0,757992459.0,94835763.0,8.0,130.0
2009-02-02,1383.0,1694.0,86.0,546129000.0,759910000.0,13615000.0,4.0,132.0
2009-02-03,1843.0,1205.0,109.0,818539000.0,513433000.0,14509000.0,2.0,84.0
2009-02-04,1327.0,1723.0,98.0,564172000.0,821023000.0,8551000.0,3.0,89.0
2009-02-05,1947.0,1088.0,95.0,1175258000.0,430707000.0,22571000.0,6.0,133.0
2009-02-06,2558.0,550.0,71.0,1477271000.0,122673000.0,9414000.0,7.0,24.0
2009-02-09,1681.0,1397.0,100.0,670584000.0,562646000.0,22358000.0,4.0,14.0
2009-02-10,463.0,2660.0,60.0,50625000.0,1699926000.0,3146000.0,4.0,58.0
2009-02-11,1813.0,1257.0,101.0,880118000.0,431833000.0,44833000.0,3.0,60.0
2009-02-12,1422.0,1625.0,116.0,689590000.0,759918000.0,29615000.0,4.0,118.0
2009-02-13,1182.0,1877.0,104.0,359117000.0,868012000.0,11927000.0,3.0,43.0
2009-02-17,357.0,3453.0,64.0,564773725.0,2103653417.0,23872772.0,17.0,331.0
2009-02-18,897.0,2216.0,77.0,490137000.0,931775000.0,12028000.0,1.0,297.0
2009-02-19,1132.0,2630.0,121.0,1834233216.0,372084790.0,129847139.0,5.0,338.0
2009-02-20,770.0,2376.0,56.0,509939000.0,1595361000.0,7542000.0,3.0,555.0
2009-02-23,589.0,3265.0,85.0,2001511956.0,1215330576.0,64066936.0,8.0,558.0
2009-02-24,2703.0,450.0,51.0,1701360000.0,126305000.0,7108000.0,1.0,322.0
2009-02-25,1208.0,1908.0,75.0,566841000.0,1137793000.0,19349000.0,6.0,196.0
2009-02-26,1427.0,1685.0,78.0,640931000.0,833021000.0,10829000.0,0.0,171.0
2009-02-27,1024.0,2065.0,95.0,499535000.0,1726996000.0,11831000.0,1.0,333.0
2009-03-02,203.0,2953.0,44.0,37249000.0,1906869000.0,27052000.0,0.0,627.0
2009-03-03,1015.0,2122.0,71.0,864955000.0,1004632000.0,15996000.0,3.0,705.0
2009-03-04,2486.0,644.0,68.0,1268763000.0,500199000.0,25061000.0,1.0,294.0
2009-03-05,237.0,2883.0,46.0,120939000.0,1755815000.0,1768000.0,5.0,747.0
2009-03-06,1133.0,1953.0,108.0,809361000.0,927195000.0,31941000.0,1.0,827.0
2009-03-09,892.0,2231.0,67.0,698053000.0,832189000.0,24792000.0,2.0,600.0
2009-03-10,2933.0,230.0,36.0,2093294000.0,78000000.0,1651000.0,3.0,93.0
2009-03-11,1835.0,1276.0,81.0,1043966000.0,674230000.0,23389000.0,3.0,69.0
2009-03-12,2864.0,284.0,39.0,1686916000.0,87434000.0,23579000.0,4.0,61.0
2009-03-13,1976.0,1118.0,90.0,993899000.0,600282000.0,14746000.0,4.0,14.0
2009-03-16,1767.0,1338.0,73.0,1085976000.0,798853000.0,9693000.0,4.0,16.0
2009-03-17,2877.0,889.0,98.0,1981121140.0,758311281.0,22074621.0,9.0,65.0
2009-03-18,2510.0,601.0,70.0,1844665000.0,218109000.0,8715000.0,6.0,19.0
2009-03-19,1536.0,1572.0,78.0,765971000.0,1172002000.0,12867000.0,4.0,8.0
2009-03-20,756.0,2328.0,76.0,507640000.0,1913442000.0,7176000.0,4.0,14.0
2009-03-23,2871.0,282.0,43.0,1852628000.0,44516000.0,3366000.0,8.0,8.0
2009-03-24,1255.0,2520.0,114.0,1486591316.0,1896736812.0,224349579.0,17.0,94.0
2009-03-25,2118.0,962.0,108.0,1164840000.0,586622000.0,16426000.0,6.0,6.0
2009-03-26,2475.0,625.0,65.0,1302546000.0,481642000.0,11074000.0,10.0,0.0
2009-03-27,919.0,2819.0,70.0,975750881.0,1264935766.0,15897548.0,12.0,87.0
2009-03-30,513.0,3276.0,56.0,495143308.0,2141570366.0,9639627.0,8.0,66.0
2009-03-31,2819.0,912.0,113.0,1120436092.0,1609347398.0,60827713.0,7.0,52.0
2009-04-01,2787.0,943.0,70.0,1488904207.0,1280429164.0,24958424.0,8.0,54.0
2009-04-02,2728.0,410.0,47.0,1703016000.0,158754000.0,4509000.0,12.0,2.0
2009-04-03,2517.0,1212.0,114.0,934591154.0,1462808242.0,109170146.0,5.0,54.0
2009-04-06,939.0,2117.0,94.0,391685000.0,890301000.0,10601000.0,0.0,3.0
2009-04-07,802.0,2839.0,103.0,1109798098.0,500539475.0,37510937.0,4.0,49.0
2009-04-08,2272.0,792.0,79.0,952524000.0,344980000.0,15079000.0,2.0,5.0
2009-04-09,2744.0,393.0,49.0,1699968000.0,116385000.0,7658000.0,13.0,0.0
2009-04-13,2249.0,1469.0,100.0,1154017522.0,2097290158.0,19429624.0,8.0,73.0
2009-04-14,957.0,2132.0,89.0,517413000.0,1202295000.0,21218000.0,4.0,9.0
2009-04-15,2168.0,896.0,89.0,1056821000.0,402592000.0,15096000.0,4.0,3.0
2009-04-16,2914.0,847.0,85.0,1367001607.0,1936426750.0,126652351.0,16.0,69.0
2009-04-17,2046.0,1027.0,91.0,1147608000.0,783199000.0,11851000.0,6.0,3.0
2009-04-20,308.0,2823.0,42.0,61711000.0,1686865000.0,2557000.0,4.0,2.0
2009-04-21,2420.0,662.0,69.0,1438016000.0,208949000.0,11365000.0,6.0,1.0
2009-04-22,1642.0,1416.0,88.0,743193000.0,1006357000.0,14782000.0,9.0,2.0
2009-04-23,1866.0,1202.0,75.0,1003885000.0,552883000.0,6116000.0,3.0,2.0
2009-04-24,2338.0,727.0,97.0,1279110000.0,409310000.0,37330000.0,9.0,1.0
2009-04-27,1186.0,2541.0,81.0,1723217979.0,694845021.0,46731156.0,9.0,50.0
2009-04-28,1602.0,1427.0,111.0,521480000.0,716188000.0,12362000.0,5.0,3.0
2009-04-29,2597.0,493.0,75.0,1298338000.0,163971000.0,10042000.0,11.0,1.0
2009-04-30,1672.0,1373.0,83.0,926870000.0,800320000.0,13218000.0,12.0,2.0
2009-05-01,1926.0,1138.0,87.0,730799000.0,539187000.0,14704000.0,7.0,4.0
2009-05-04,2636.0,472.0,64.0,1611340000.0,81328000.0,6968000.0,19.0,6.0
2009-05-05,1393.0,1673.0,98.0,796267000.0,701552000.0,29056000.0,10.0,6.0
2009-05-06,2181.0,920.0,76.0,1409921000.0,447691000.0,9686000.0,9.0,7.0
2009-05-07,1085.0,2020.0,67.0,607166000.0,1346261000.0,6572000.0,8.0,6.0
2009-05-08,2673.0,445.0,53.0,1656121000.0,212286000.0,5034000.0,7.0,8.0
2009-05-11,1077.0,2651.0,92.0,1467477920.0,1434097476.0,61608409.0,21.0,51.0
2009-05-12,1301.0,1771.0,93.0,454013000.0,1143426000.0,8208000.0,4.0,13.0
2009-05-13,357.0,2768.0,40.0,141322000.0,1613066000.0,1620000.0,1.0,17.0
2009-05-14,2653.0,1048.0,107.0,1288375706.0,1747143102.0,42723528.0,6.0,43.0
2009-05-15,1320.0,2373.0,100.0,1507353199.0,661578059.0,27000483.0,6.0,47.0
2009-05-18,3254.0,546.0,75.0,1645708878.0,799605116.0,33698725.0,26.0,52.0
2009-05-19,1855.0,1219.0,89.0,736568000.0,588006000.0,17469000.0,10.0,5.0
2009-05-20,1602.0,1479.0,81.0,701946000.0,837650000.0,19728000.0,14.0,7.0
2009-05-21,979.0,2717.0,115.0,1594177432.0,695181780.0,719795759.0,14.0,41.0
2009-05-22,1569.0,1456.0,115.0,411833000.0,626078000.0,16527000.0,7.0,2.0
2009-05-26,3014.0,737.0,80.0,840880529.0,1602298667.0,107429072.0,20.0,48.0
2009-05-27,1180.0,2568.0,102.0,1753844256.0,765352633.0,38802533.0,23.0,51.0
2009-05-28,2473.0,1268.0,103.0,617352967.0,2073589398.0,16362691.0,16.0,50.0
2009-05-29,2767.0,960.0,104.0,627550544.0,2102217686.0,58911093.0,31.0,65.0
2009-06-01,2535.0,578.0,67.0,1078393000.0,332398000.0,82442000.0,31.0,2.0
2009-06-02,1824.0,1246.0,80.0,726744000.0,660603000.0,9154000.0,21.0,3.0
2009-06-03,1003.0,2716.0,109.0,953553040.0,1013720843.0,26204248.0,22.0,43.0
2009-06-04,2821.0,876.0,109.0,370135032.0,1622200506.0,45434408.0,28.0,55.0
2009-06-05,1499.0,1553.0,99.0,457484000.0,767495000.0,33483000.0,26.0,2.0
2009-06-08,1122.0,1919.0,103.0,452254000.0,608264000.0,15011000.0,10.0,2.0
2009-06-09,1839.0,1200.0,115.0,586668000.0,430672000.0,39271000.0,11.0,3.0
2009-06-10,1390.0,1656.0,104.0,505919000.0,696620000.0,15994000.0,18.0,3.0
2009-06-11,1894.0,1190.0,76.0,774533000.0,405148000.0,41088000.0,16.0,2.0
2009-06-12,1414.0,1628.0,103.0,387946000.0,456579000.0,12836000.0,13.0,2.0
2009-06-15,606.0,3134.0,79.0,709855367.0,591481975.0,6139165.0,21.0,46.0
2009-06-16,1063.0,2654.0,118.0,1385069902.0,182677533.0,54446515.0,10.0,47.0
2009-06-17,1283.0,1770.0,89.0,405662000.0,898175000.0,9597000.0,4.0,4.0
2009-06-18,1786.0,1266.0,90.0,682581000.0,393840000.0,8482000.0,8.0,1.0
2009-06-19,1882.0,1138.0,111.0,1308844000.0,743682000.0,15437000.0,18.0,2.0
2009-06-22,522.0,3247.0,63.0,749645765.0,1333123658.0,12184284.0,18.0,44.0
2009-06-23,1439.0,1603.0,100.0,714227000.0,477705000.0,15144000.0,2.0,5.0
2009-06-24,2213.0,849.0,85.0,785233000.0,286666000.0,27167000.0,10.0,3.0
2009-06-25,2983.0,748.0,105.0,195761245.0,1199866504.0,368284996.0,25.0,47.0
2009-06-26,1830.0,1217.0,88.0,1048548000.0,929389000.0,61356000.0,27.0,2.0
2009-06-29,1876.0,1188.0,93.0,706345000.0,349928000.0,7421000.0,22.0,7.0
2009-06-30,1313.0,1697.0,129.0,398296000.0,868989000.0,24770000.0,22.0,4.0
2009-07-01,2238.0,799.0,108.0,589328000.0,328697000.0,30353000.0,33.0,0.0
2009-07-02,585.0,2448.0,95.0,42687000.0,579039000.0,3996000.0,17.0,4.0
2009-07-06,1230.0,1829.0,98.0,470619000.0,662831000.0,4054000.0,11.0,6.0
2009-07-07,673.0,2384.0,92.0,171740000.0,883124000.0,50171000.0,16.0,5.0
2009-07-08,1025.0,1972.0,105.0,413041000.0,1008760000.0,16289000.0,5.0,13.0
2009-07-09,1860.0,1186.0,95.0,678485000.0,316892000.0,9446000.0,6.0,11.0
2009-07-10,1453.0,1547.0,123.0,294406000.0,612461000.0,14475000.0,17.0,19.0
2009-07-13,3026.0,684.0,112.0,260849946.0,885698471.0,41840346.0,20.0,49.0
2009-07-14,2139.0,916.0,97.0,672177000.0,299743000.0,4704000.0,31.0,5.0
2009-07-15,2802.0,306.0,55.0,1316789000.0,46562000.0,3624000.0,44.0,3.0
2009-07-16,2133.0,902.0,120.0,731031000.0,429789000.0,13007000.0,48.0,7.0
2009-07-17,1507.0,1515.0,115.0,543127000.0,729230000.0,15880000.0,48.0,3.0
2009-07-20,2362.0,724.0,84.0,857735000.0,261616000.0,5902000.0,67.0,2.0
2009-07-21,1625.0,1432.0,105.0,467177000.0,686625000.0,52132000.0,77.0,3.0
2009-07-22,1735.0,1304.0,112.0,616468000.0,452465000.0,8215000.0,59.0,2.0
2009-07-23,2592.0,510.0,66.0,1155279000.0,225133000.0,9972000.0,108.0,2.0
2009-07-24,1915.0,1134.0,115.0,640509000.0,357313000.0,25545000.0,63.0,4.0
2009-07-27,1932.0,1082.0,141.0,653191000.0,374751000.0,14493000.0,97.0,1.0
2009-07-28,1437.0,1566.0,178.0,614935000.0,617532000.0,8769000.0,82.0,2.0
2009-07-29,1224.0,1843.0,96.0,467441000.0,667205000.0,8977000.0,83.0,2.0
2009-07-30,2432.0,635.0,93.0,943749000.0,401314000.0,11296000.0,127.0,7.0
2009-07-31,1886.0,1148.0,124.0,1018083000.0,471631000.0,15007000.0,110.0,7.0
2009-08-03,2540.0,526.0,112.0,1071686189.0,123196430.0,17542300.0,177.0,4.0
2009-08-04,2207.0,1523.0,130.0,77053284.0,2073445955.0,73213225.0,167.0,77.0
2009-08-05,1410.0,1638.0,120.0,991622000.0,531101000.0,7236000.0,151.0,4.0
2009-08-06,1152.0,1896.0,118.0,674553000.0,692184000.0,12504000.0,126.0,3.0
2009-08-07,2798.0,961.0,86.0,1577293769.0,2079809937.0,57892329.0,143.0,70.0
2009-08-10,1444.0,1595.0,92.0,549263000.0,529674000.0,7226000.0,98.0,2.0
2009-08-11,1005.0,2725.0,101.0,1552412789.0,758617891.0,17371600.0,70.0,36.0
2009-08-12,2767.0,987.0,97.0,485039707.0,1501953115.0,77342206.0,71.0,44.0
2009-08-13,2497.0,1243.0,102.0,228276429.0,1460441029.0,38716676.0,92.0,43.0
2009-08-14,871.0,2171.0,92.0,219136365.0,860240321.0,14464250.0,47.0,2.0
2009-08-17,343.0,2728.0,74.0,75667070.0,1135947265.0,8627000.0,20.0,6.0
2009-08-18,2418.0,614.0,98.0,833605000.0,153101000.0,4504470.0,37.0,4.0
2009-08-19,1848.0,1167.0,125.0,579310500.0,398654688.0,23975950.0,39.0,4.0
2009-08-20,2225.0,821.0,104.0,875166000.0,174616541.0,9153555.0,76.0,1.0
2009-08-21,2467.0,585.0,98.0,1372145650.0,95078260.0,16072485.0,95.0,1.0
2009-08-24,1569.0,1476.0,117.0,683267905.0,541794448.0,15388465.0,118.0,0.0
2009-08-25,1830.0,1187.0,130.0,738603000.0,473386035.0,10859000.0,100.0,1.0
2009-08-26,1431.0,1581.0,142.0,471164000.0,565798615.0,16498220.0,96.0,2.0
2009-08-27,1614.0,1390.0,132.0,788032000.0,377621928.0,20881650.0,69.0,0.0
2009-08-28,1511.0,1501.0,114.0,701429000.0,471104575.0,15129170.0,72.0,0.0
2009-08-31,800.0,2227.0,105.0,298296000.0,1094554555.0,10863325.0,59.0,1.0
2009-09-01,515.0,2537.0,119.0,89741000.0,1533971000.0,10975000.0,63.0,1.0
2009-09-02,1162.0,1845.0,120.0,570073000.0,886980074.0,16183505.0,38.0,3.0
2009-09-03,2328.0,692.0,105.0,975872550.0,189182425.0,13363715.0,75.0,1.0
2009-09-04,2446.0,586.0,97.0,937445170.0,132303505.0,18561660.0,102.0,2.0
2009-09-08,2288.0,749.0,78.0,860893120.0,448747595.0,10591560.0,160.0,1.0
2009-09-09,2180.0,851.0,120.0,854445514.0,420814295.0,11854000.0,173.0,1.0
2009-09-10,2312.0,726.0,95.0,1226840000.0,297535000.0,16957000.0,179.0,1.0
2009-09-11,1685.0,1352.0,116.0,648507000.0,709871000.0,30419000.0,174.0,3.0
2009-09-14,2007.0,982.0,130.0,823571000.0,375738000.0,13658000.0,145.0,2.0
2009-09-15,2155.0,898.0,90.0,865754000.0,616368095.0,14982550.0,230.0,2.0
2009-09-16,2545.0,528.0,82.0,1332655118.0,241060190.0,8207870.0,354.0,2.0
2009-09-17,1337.0,1722.0,104.0,569535000.0,937488192.0,13191000.0,296.0,3.0
2009-09-18,1758.0,1274.0,114.0,1117351210.0,1135613499.0,23222400.0,221.0,2.0
2009-09-21,1014.0,2014.0,115.0,457771540.0,718073035.0,22643180.0,163.0,0.0
2009-09-22,2163.0,886.0,97.0,937674000.0,304293145.0,24879950.0,261.0,2.0
2009-09-23,1072.0,1968.0,106.0,246800000.0,1050778674.0,22886000.0,306.0,2.0
2009-09-24,716.0,2329.0,103.0,174866000.0,1163576297.0,29442000.0,157.0,3.0
2009-09-25,1359.0,1634.0,119.0,382900015.0,795862151.0,24303405.0,167.0,6.0
2009-09-28,2423.0,631.0,82.0,848509000.0,127645040.0,5656310.0,190.0,4.0
2009-09-29,1450.0,1573.0,133.0,593362000.0,574437760.0,15667350.0,184.0,2.0
2009-09-30,1268.0,1767.0,103.0,724555000.0,1035512239.0,14787000.0,191.0,1.0
2009-10-01,501.0,2548.0,83.0,81249000.0,1513795406.0,7843110.0,124.0,3.0
2009-10-02,997.0,2022.0,110.0,441006315.0,949687000.0,13054705.0,85.0,8.0
2009-10-05,2533.0,522.0,86.0,995172510.0,111221190.0,12239805.0,189.0,2.0
2009-10-06,2421.0,639.0,80.0,934557500.0,205627840.0,88722000.0,310.0,4.0
2009-10-07,1576.0,1407.0,153.0,517008000.0,532091395.0,76065850.0,226.0,3.0
2009-10-08,2198.0,826.0,101.0,947182899.0,314162980.0,19736750.0,398.0,3.0
2009-10-09,1819.0,1188.0,110.0,592335000.0,384235413.0,13623000.0,283.0,6.0
2009-10-12,1644.0,1361.0,121.0,627040035.0,301165055.0,18714755.0,397.0,1.0
2009-10-13,1290.0,1723.0,138.0,459552000.0,646356555.0,44856842.0,156.0,5.0
2009-10-14,2279.0,766.0,94.0,1176486694.0,165006000.0,19877657.0,462.0,2.0
2009-10-15,1508.0,1509.0,128.0,693066988.0,623237000.0,41434600.0,387.0,2.0
2009-10-16,1041.0,1972.0,121.0,334478500.0,1040554000.0,11356710.0,203.0,3.0
2009-10-19,2245.0,794.0,91.0,749327264.0,327144000.0,4987300.0,430.0,3.0
2009-10-20,1039.0,2021.0,84.0,273176500.0,951859937.0,11791000.0,243.0,5.0
2009-10-21,997.0,2028.0,111.0,371305000.0,1005074046.0,29467000.0,333.0,6.0
2009-10-22,2044.0,999.0,103.0,963305971.0,335398000.0,15766856.0,151.0,5.0
2009-10-23,737.0,2305.0,105.0,147355000.0,1054536456.0,75261970.0,182.0,2.0
2009-10-24,936.0,2819.0,111.0,934292178.0,4208595674.0,408243143.0,252.0,36.0
2009-10-26,714.0,2324.0,95.0,168672000.0,1213318486.0,6333510.0,150.0,12.0
2009-10-27,1064.0,1983.0,106.0,419591000.0,913257000.0,63608000.0,63.0,12.0
2009-10-28,318.0,2785.0,49.0,155541000.0,1515152286.0,7790400.0,30.0,16.0
2009-10-29,2504.0,565.0,81.0,1293901000.0,150070000.0,9387200.0,33.0,12.0
2009-10-30,406.0,2660.0,57.0,80561170.0,1572742715.0,1649000.0,39.0,15.0
2009-11-02,1629.0,1417.0,108.0,827015220.0,685066000.0,33441000.0,31.0,14.0
2009-11-03,1850.0,1188.0,86.0,929264384.0,440880620.0,10781000.0,56.0,31.0
2009-11-04,1629.0,1410.0,83.0,623369000.0,720647000.0,6143000.0,66.0,5.0
2009-11-05,2496.0,542.0,98.0,1101835281.0,173054970.0,27412255.0,90.0,3.0
2009-11-06,1532.0,1459.0,138.0,508907500.0,499589515.0,77114000.0,93.0,7.0
2009-11-09,2548.0,496.0,84.0,1168375996.0,64112460.0,3710000.0,222.0,2.0
2009-11-10,1276.0,1774.0,105.0,447112000.0,606744500.0,19420430.0,173.0,8.0
2009-11-11,1885.0,1144.0,97.0,680646000.0,359197500.0,6287050.0,211.0,6.0
2009-11-12,616.0,2431.0,97.0,147359795.0,877319220.0,25715175.0,110.0,5.0
2009-11-13,2206.0,813.0,123.0,681454200.0,273510020.0,30130550.0,97.0,2.0
2009-11-16,2486.0,577.0,86.0,1000743006.0,135735000.0,8991250.0,332.0,1.0
2009-11-17,1367.0,1660.0,141.0,493917624.0,455181000.0,23079950.0,197.0,6.0
2009-11-18,1395.0,1653.0,124.0,555924990.0,490563085.0,17088000.0,178.0,2.0
2009-11-19,574.0,2498.0,92.0,119802000.0,954621055.0,9981000.0,46.0,8.0
2009-11-20,1279.0,1741.0,129.0,405485000.0,689329439.0,51756000.0,52.0,3.0
2009-11-23,2356.0,666.0,112.0,796137925.0,170658000.0,13251115.0,190.0,1.0
2009-11-24,1381.0,1647.0,134.0,407525875.0,522683027.0,21945650.0,91.0,6.0
2009-11-25,2053.0,970.0,126.0,551219170.0,227354163.0,16691900.0,170.0,5.0
2009-11-27,441.0,2547.0,79.0,22198845.0,631453959.0,1239050.0,36.0,12.0
2009-11-30,1744.0,1274.0,104.0,775229980.0,564371135.0,8794000.0,55.0,15.0
2009-12-01,2442.0,617.0,86.0,928818355.0,194041167.0,9168150.0,208.0,4.0
2009-12-02,1976.0,1042.0,138.0,583091995.0,387550133.0,61330705.0,241.0,4.0
2009-12-03,1070.0,1961.0,122.0,321896140.0,797982810.0,13105000.0,259.0,7.0
2009-12-04,2169.0,868.0,117.0,1076311927.0,382829500.0,115362100.0,288.0,7.0
2009-12-07,1661.0,1387.0,111.0,463097575.0,579990166.0,16121650.0,222.0,2.0
2009-12-08,931.0,2076.0,133.0,188419920.0,970449800.0,20994650.0,128.0,8.0
2009-12-09,1664.0,1351.0,132.0,550182000.0,515028102.0,17781000.0,113.0,8.0
2009-12-10,1834.0,1204.0,124.0,655460150.0,383959116.0,22691000.0,207.0,5.0
2009-12-11,2023.0,1037.0,94.0,677769000.0,324079560.0,25868400.0,220.0,6.0
2009-12-14,2256.0,790.0,112.0,740598000.0,308181710.0,27580970.0,298.0,3.0
2009-12-15,1208.0,1847.0,118.0,389726975.0,772408240.0,17130000.0,220.0,3.0
2009-12-16,1980.0,1076.0,116.0,613878135.0,519252740.0,33635160.0,285.0,4.0
2009-12-17,852.0,2213.0,101.0,189910105.0,1501759083.0,26631850.0,129.0,5.0
2009-12-18,1800.0,1241.0,121.0,1835627000.0,801732975.0,42399000.0,197.0,6.0
2009-12-21,2199.0,852.0,114.0,816542000.0,189391116.0,7022000.0,290.0,4.0
2009-12-22,1906.0,1130.0,130.0,554347976.0,383168500.0,18912060.0,283.0,6.0
2009-12-23,2177.0,865.0,128.0,477915200.0,295548000.0,13011750.0,369.0,2.0
2009-12-24,2204.0,759.0,141.0,258778782.0,54460435.0,6217305.0,382.0,0.0
2009-12-28,1547.0,1485.0,126.0,387211570.0,304799579.0,13575000.0,404.0,4.0
2009-12-29,1484.0,1544.0,153.0,237995000.0,386791505.0,14087355.0,242.0,1.0
2009-12-30,1380.0,1644.0,150.0,235064984.0,393072000.0,16375370.0,136.0,4.0
2009-12-31,1007.0,2021.0,127.0,124270812.0,546522960.0,9126650.0,176.0,3.0
2010-01-04,2471.0,601.0,101.0,873860812.0,135095000.0,5903965.0,322.0,1.0
2010-01-05,1857.0,1210.0,108.0,824074000.0,361557000.0,6911000.0,401.0,2.0
2010-01-06,1825.0,1219.0,136.0,728822000.0,368212000.0,16778000.0,451.0,2.0
2010-01-07,1882.0,1186.0,106.0,811935214.0,375260900.0,6624035.0,342.0,3.0
2010-01-08,1858.0,1183.0,132.0,511977000.0,474519000.0,8253000.0,382.0,4.0
2010-01-11,1786.0,1261.0,130.0,572499000.0,379737000.0,15074000.0,523.0,2.0
2010-01-12,861.0,2203.0,120.0,199613000.0,888752143.0,8682150.0,187.0,2.0
2010-01-13,2234.0,824.0,122.0,706026000.0,256359725.0,7920015.0,217.0,2.0
2010-01-14,1723.0,1300.0,154.0,486215000.0,390067188.0,12104450.0,295.0,1.0
2010-01-15,936.0,2134.0,109.0,246422905.0,1153806000.0,7664000.0,195.0,5.0
2010-01-19,2382.0,700.0,104.0,867674711.0,159648000.0,5904400.0,316.0,6.0
2010-01-20,800.0,2257.0,102.0,233721000.0,814269770.0,9013695.0,156.0,2.0
2010-01-21,641.0,2428.0,99.0,195147196.0,1295584020.0,13614000.0,174.0,4.0
2010-01-22,559.0,2530.0,101.0,167526780.0,1299731000.0,28407935.0,80.0,6.0
2010-01-25,1763.0,1299.0,118.0,615818050.0,423811000.0,11808000.0,77.0,6.0
2010-01-26,1103.0,1965.0,104.0,343751000.0,768801003.0,11901730.0,75.0,9.0
2010-01-27,1523.0,1553.0,112.0,729804084.0,552363820.0,14390150.0,49.0,14.0
2010-01-28,830.0,2257.0,101.0,333040199.0,774085895.0,7236350.0,56.0,8.0
2010-01-29,971.0,2093.0,106.0,495049951.0,1041434005.0,10409210.0,54.0,7.0
2010-02-01,2429.0,644.0,85.0,919139000.0,111377021.0,7373000.0,52.0,7.0
2010-02-02,2356.0,728.0,97.0,967723000.0,193209000.0,7431005.0,79.0,4.0
2010-02-03,1181.0,1881.0,114.0,268283160.0,781351000.0,10878000.0,92.0,4.0
2010-02-04,277.0,2858.0,50.0,40344090.0,1437990503.0,3614000.0,37.0,17.0
2010-02-05,1327.0,1752.0,96.0,832186728.0,712306505.0,25041153.0,22.0,33.0
2010-02-08,1095.0,1972.0,86.0,233842666.0,837630000.0,10142450.0,29.0,15.0
2010-02-09,2400.0,689.0,85.0,1020644990.0,181322000.0,36822830.0,40.0,14.0
2010-02-10,1520.0,1521.0,117.0,423522200.0,527210500.0,10985825.0,50.0,11.0
2010-02-11,2361.0,718.0,101.0,842408000.0,222306000.0,11155650.0,54.0,9.0
2010-02-12,1618.0,1415.0,120.0,650210000.0,758737000.0,17867540.0,63.0,7.0
2010-02-15,1613.0,1394.0,122.0,650768000.0,758737000.0,17868000.0,70.0,21.0
2010-02-16,2548.0,526.0,101.0,969772530.0,98000109.0,6097755.0,122.0,3.0
2010-02-17,2067.0,991.0,130.0,679020932.0,330648000.0,10764695.0,146.0,2.0
2010-02-18,2117.0,956.0,106.0,711468015.0,237641795.0,11458600.0,177.0,2.0
2010-02-19,1812.0,1245.0,122.0,620643605.0,438326230.0,61863000.0,193.0,3.0
2010-02-22,1531.0,1544.0,95.0,465578000.0,468996230.0,8719000.0,213.0,4.0
2010-02-23,947.0,2143.0,93.0,137662000.0,935387344.0,7006230.0,122.0,7.0
2010-02-24,2224.0,840.0,100.0,760582886.0,238485930.0,15675425.0,138.0,6.0
2010-02-25,1515.0,1524.0,122.0,545105225.0,584502160.0,17412369.0,114.0,9.0
2010-02-26,1820.0,1238.0,109.0,734208046.0,497276000.0,15283000.0,186.0,4.0
2010-03-01,2429.0,665.0,92.0,781095524.0,177926790.0,7815230.0,317.0,6.0
2010-03-02,2142.0,925.0,122.0,670574165.0,365438000.0,35256165.0,360.0,2.0
2010-03-03,1658.0,1398.0,130.0,496337823.0,399957000.0,40427000.0,292.0,2.0
2010-03-04,1800.0,1264.0,118.0,590279000.0,355110836.0,15547050.0,227.0,4.0
2010-03-05,2597.0,488.0,94.0,969717000.0,73583100.0,9552515.0,458.0,5.0
2010-03-08,1786.0,1298.0,118.0,505814180.0,393792000.0,7159600.0,470.0,7.0
2010-03-09,1750.0,1328.0,113.0,695524830.0,414007165.0,9686000.0,432.0,7.0
2010-03-10,2058.0,1006.0,130.0,857761270.0,275909000.0,10340900.0,424.0,4.0
2010-03-11,1816.0,1227.0,128.0,691013767.0,268445190.0,23384350.0,284.0,1.0
2010-03-12,1689.0,1384.0,123.0,448418800.0,588877097.0,11311500.0,436.0,3.0
2010-03-15,1277.0,1767.0,143.0,361664000.0,534568000.0,29828625.0,264.0,6.0
2010-03-16,2231.0,814.0,137.0,830475777.0,165068000.0,22723350.0,405.0,2.0
2010-03-17,2172.0,908.0,110.0,632195038.0,304096090.0,84305140.0,601.0,3.0
2010-03-18,1281.0,1780.0,119.0,320989000.0,586602000.0,17056500.0,367.0,3.0
2010-03-19,905.0,2182.0,104.0,480742000.0,1475787816.0,20851300.0,259.0,9.0
2010-03-22,2019.0,1036.0,139.0,680011000.0,250084000.0,24434170.0,241.0,9.0
2010-03-23,2223.0,835.0,130.0,756516000.0,216881000.0,11987050.0,357.0,6.0
2010-03-24,1043.0,2018.0,127.0,421733000.0,582115832.0,20939680.0,270.0,4.0
2010-03-25,1266.0,1828.0,117.0,482277921.0,645763000.0,27035015.0,410.0,10.0
2010-03-26,1557.0,1499.0,131.0,599587095.0,406732000.0,23307000.0,168.0,12.0
2010-03-29,2121.0,955.0,115.0,625310000.0,309909190.0,9822000.0,209.0,9.0
2010-03-30,1559.0,1492.0,136.0,368427000.0,518498181.0,20410000.0,223.0,7.0
2010-03-31,1232.0,1844.0,124.0,392424075.0,770749787.0,20771295.0,177.0,5.0
2010-04-01,2286.0,790.0,114.0,790298993.0,127673000.0,10193500.0,318.0,6.0
2010-04-05,2323.0,779.0,104.0,742652000.0,156033061.0,7970115.0,481.0,6.0
2010-04-06,1748.0,1317.0,125.0,583504000.0,339393962.0,17397550.0,479.0,4.0
2010-04-07,1102.0,1974.0,117.0,428953000.0,708579086.0,19501000.0,329.0,3.0
2010-04-08,1588.0,1463.0,145.0,648963110.0,383805000.0,16324000.0,220.0,7.0
2010-04-09,2079.0,991.0,129.0,682878000.0,272299000.0,16174000.0,369.0,5.0
2010-04-12,1751.0,1325.0,117.0,615486720.0,344265000.0,13914000.0,436.0,5.0
2010-04-13,1588.0,1501.0,128.0,414634028.0,613381000.0,27537695.0,326.0,5.0
2010-04-14,2381.0,716.0,99.0,939836976.0,195692000.0,13638700.0,611.0,8.0
2010-04-15,1474.0,1582.0,150.0,498421000.0,682180000.0,22263220.0,510.0,4.0
2010-04-16,578.0,2489.0,109.0,124877330.0,1615909601.0,18757102.0,218.0,11.0
2010-04-19,1338.0,1735.0,133.0,704641000.0,548460000.0,13910650.0,101.0,13.0
2010-04-20,2509.0,575.0,112.0,927591000.0,201126000.0,7397000.0,295.0,4.0
2010-04-21,1759.0,1334.0,112.0,523732125.0,682608911.0,7153450.0,387.0,10.0
2010-04-22,2027.0,1065.0,100.0,758527000.0,520680630.0,13785000.0,451.0,11.0
2010-04-23,2171.0,886.0,132.0,794037000.0,399558000.0,15245000.0,634.0,12.0
2010-04-26,1429.0,1624.0,129.0,465147000.0,743763000.0,17328270.0,524.0,13.0
2010-04-27,507.0,2624.0,77.0,89771000.0,1585190000.0,7687000.0,201.0,15.0
2010-04-28,1800.0,1236.0,128.0,819351161.0,404933540.0,15302356.0,92.0,15.0
2010-04-29,2332.0,766.0,105.0,1119704000.0,287170000.0,7709800.0,308.0,10.0
2010-04-30,792.0,2343.0,88.0,214367000.0,1368530000.0,2498500.0,316.0,10.0
2010-05-03,2385.0,731.0,89.0,911187132.0,257972190.0,13538000.0,252.0,8.0
2010-05-04,449.0,2686.0,79.0,94271210.0,1428467808.0,4365320.0,80.0,29.0
2010-05-05,628.0,2499.0,80.0,334593000.0,1162856000.0,8506000.0,52.0,44.0
2010-05-06,178.0,3022.0,25.0,108340230.0,2466869000.0,4076000.0,52.0,218.0
2010-05-07,899.0,2254.0,65.0,360744750.0,2046366976.0,12589660.0,16.0,60.0
2010-05-10,3008.0,173.0,36.0,1796816900.0,60896000.0,634505.0,57.0,7.0
2010-05-11,1723.0,1397.0,87.0,590762765.0,849164000.0,19351000.0,56.0,11.0
2010-05-12,2677.0,456.0,59.0,1095628402.0,170051955.0,10627800.0,99.0,10.0
2010-05-13,1099.0,2010.0,95.0,248844220.0,941828870.0,15250000.0,99.0,6.0
2010-05-14,391.0,2749.0,61.0,67183095.0,1454893884.0,2504929.0,20.0,22.0
2010-05-17,1261.0,1860.0,82.0,607558082.0,822507830.0,11553670.0,30.0,25.0
2010-05-18,704.0,2408.0,76.0,161856000.0,1353665033.0,10051100.0,44.0,16.0
2010-05-19,672.0,2440.0,66.0,555897000.0,1041816435.0,33180600.0,18.0,42.0
2010-05-20,168.0,3011.0,34.0,28665755.0,2096874919.0,412250.0,8.0,98.0
2010-05-21,2370.0,745.0,85.0,2068389775.0,222787000.0,10620700.0,11.0,102.0
2010-05-24,1187.0,1926.0,88.0,317412965.0,988802120.0,8260500.0,16.0,28.0
2010-05-25,1128.0,1992.0,88.0,943223775.0,808976000.0,132083200.0,18.0,126.0
2010-05-26,1930.0,1202.0,71.0,1043145770.0,882319000.0,18047050.0,21.0,23.0
2010-05-27,2905.0,233.0,40.0,1381763852.0,38054000.0,2393450.0,27.0,11.0
2010-05-28,973.0,2079.0,87.0,248803660.0,1194785156.0,14699417.0,25.0,12.0
2010-06-01,656.0,2444.0,76.0,106728000.0,1314625857.0,11096850.0,29.0,37.0
2010-06-02,2669.0,455.0,84.0,1280576000.0,63333000.0,7551000.0,34.0,20.0
2010-06-03,1944.0,1140.0,109.0,762312000.0,445651000.0,14306300.0,54.0,8.0
2010-06-04,315.0,2839.0,60.0,13605000.0,1621066000.0,1439200.0,17.0,40.0
2010-06-07,824.0,2267.0,95.0,218145000.0,1194506279.0,12812700.0,21.0,93.0
2010-06-08,1862.0,1224.0,102.0,1239136290.0,397598000.0,10677700.0,22.0,131.0
2010-06-09,1582.0,1511.0,111.0,832660810.0,849756825.0,18827410.0,35.0,45.0
2010-06-10,2720.0,405.0,79.0,1305618500.0,29628030.0,2075650.0,38.0,20.0
2010-06-11,2255.0,822.0,118.0,695626908.0,335161000.0,11789500.0,43.0,13.0
2010-06-14,1906.0,1199.0,102.0,573374906.0,508890035.0,60032000.0,64.0,7.0
2010-06-15,2633.0,468.0,92.0,1114349056.0,50668309.0,12237957.0,64.0,7.0
2010-06-16,1265.0,1825.0,114.0,406962996.0,704321835.0,60087035.0,54.0,27.0
2010-06-17,1511.0,1545.0,127.0,452706000.0,694118920.0,13155000.0,57.0,9.0
2010-06-18,1703.0,1365.0,117.0,950557000.0,752186945.0,63480075.0,60.0,14.0
2010-06-21,1283.0,1817.0,105.0,461463175.0,600553878.0,6495000.0,105.0,9.0
2010-06-22,644.0,2468.0,87.0,74870000.0,1034356000.0,9133750.0,31.0,20.0
2010-06-23,1453.0,1616.0,122.0,492817000.0,622354997.0,15841055.0,25.0,32.0
2010-06-24,688.0,2391.0,108.0,108376000.0,1147176000.0,6603000.0,28.0,53.0
2010-06-25,2263.0,830.0,98.0,1764478000.0,777022000.0,10778160.0,36.0,51.0
2010-06-28,1435.0,1657.0,105.0,369043765.0,544005108.0,13203000.0,51.0,42.0
2010-06-29,288.0,2864.0,63.0,26574000.0,1577163186.0,2409000.0,25.0,123.0
2010-06-30,1125.0,1954.0,119.0,377720695.0,1024105000.0,20523215.0,29.0,103.0
2010-07-01,1243.0,1853.0,109.0,665077180.0,902974167.0,34097000.0,35.0,151.0
2010-07-02,1231.0,1844.0,108.0,303513960.0,783160131.0,17345675.0,37.0,82.0
2010-07-06,1502.0,1567.0,113.0,685165000.0,547136000.0,84322965.0,59.0,93.0
2010-07-07,2673.0,447.0,69.0,1275226880.0,60362130.0,3072000.0,51.0,63.0
2010-07-08,2367.0,715.0,96.0,942133360.0,214600131.0,10037051.0,72.0,21.0
2010-07-09,2399.0,644.0,107.0,716480341.0,155258850.0,14625830.0,63.0,17.0
2010-07-12,1086.0,1936.0,126.0,362570205.0,478314000.0,14505860.0,76.0,14.0
2010-07-13,2662.0,413.0,84.0,1042067169.0,85986055.0,4092999.0,91.0,9.0
2010-07-14,1349.0,1666.0,127.0,410131000.0,621254916.0,33075200.0,72.0,9.0
2010-07-15,1475.0,1546.0,128.0,537100000.0,559257950.0,22103028.0,89.0,12.0
2010-07-16,620.0,2454.0,79.0,68982593.0,1423697734.0,720000.0,65.0,29.0
2010-07-19,1975.0,1053.0,111.0,629870841.0,311394955.0,14694276.0,95.0,43.0
2010-07-20,2469.0,574.0,96.0,943435039.0,175405000.0,7014689.0,128.0,41.0
2010-07-21,1006.0,2058.0,95.0,229158805.0,963940500.0,9852225.0,145.0,27.0
2010-07-22,2683.0,414.0,61.0,1065960000.0,109960930.0,1926165.0,177.0,17.0
2010-07-23,2457.0,599.0,95.0,912468775.0,229801000.0,8718035.0,193.0,15.0
2010-07-26,2472.0,602.0,106.0,881584000.0,128671000.0,8625000.0,248.0,12.0
2010-07-27,1344.0,1716.0,104.0,487023750.0,615210000.0,13463000.0,244.0,10.0
2010-07-28,1004.0,2045.0,101.0,259372000.0,729055000.0,17089000.0,99.0,10.0
2010-07-29,1600.0,1445.0,116.0,520269500.0,630435000.0,26547525.0,155.0,18.0
2010-07-30,1782.0,1259.0,108.0,625060000.0,533133215.0,17796601.0,152.0,19.0
2010-08-02,2621.0,484.0,74.0,957171850.0,71673307.0,11951210.0,307.0,5.0
2010-08-03,1182.0,1863.0,109.0,288015000.0,691118758.0,21409995.0,214.0,7.0
2010-08-04,2275.0,782.0,97.0,660268000.0,295622753.0,19955050.0,287.0,13.0
2010-08-05,1285.0,1763.0,109.0,361121000.0,508469000.0,6262000.0,253.0,19.0
2010-08-06,1397.0,1642.0,124.0,323516835.0,610818879.0,15751000.0,207.0,32.0
2010-08-09,2207.0,859.0,89.0,558743202.0,225567804.0,6808010.0,295.0,14.0
2010-08-10,828.0,2237.0,91.0,205531000.0,770597903.0,4599771.0,201.0,30.0
2010-08-11,451.0,2656.0,62.0,30488156.0,1131550605.0,1996058.0,105.0,67.0
2010-08-12,1305.0,1745.0,118.0,378079820.0,617107881.0,12134286.0,92.0,81.0
2010-08-13,1390.0,1650.0,103.0,354471843.0,505772102.0,11169290.0,147.0,54.0
2010-08-16,1885.0,1143.0,135.0,392872143.0,367113833.0,24242800.0,188.0,75.0
2010-08-17,2413.0,655.0,95.0,816393000.0,159200849.0,5396015.0,227.0,17.0
2010-08-18,1774.0,1267.0,129.0,579597813.0,327801754.0,15139603.0,205.0,20.0
2010-08-19,592.0,2478.0,98.0,82235000.0,981476974.0,9889127.0,137.0,69.0
2010-08-20,1233.0,1734.0,146.0,320531898.0,789307650.0,20664878.0,83.0,74.0
2010-08-23,1122.0,1919.0,106.0,255315000.0,536500780.0,73316000.0,164.0,72.0
2010-08-24,736.0,2325.0,94.0,153799000.0,1013668000.0,7790068.0,98.0,171.0
2010-08-25,1846.0,1175.0,119.0,619224000.0,462966825.0,33090966.0,90.0,150.0
2010-08-26,1065.0,1960.0,117.0,235772860.0,793452000.0,16089000.0,113.0,38.0
2010-08-27,2627.0,408.0,92.0,1005874922.0,86894865.0,5679977.0,141.0,73.0
2010-08-30,688.0,2358.0,92.0,57552002.0,753464000.0,7279060.0,121.0,37.0
2010-08-31,1664.0,1349.0,119.0,834812000.0,550901000.0,16999241.0,140.0,97.0
2010-09-01,2668.0,431.0,67.0,1143844536.0,46364000.0,1417300.0,234.0,12.0
2010-09-02,2149.0,880.0,107.0,796265000.0,159490000.0,4835000.0,168.0,13.0
2010-09-03,2370.0,666.0,101.0,846859000.0,83475000.0,16506696.0,244.0,5.0
2010-09-07,794.0,2244.0,104.0,125428393.0,697558000.0,7346000.0,166.0,16.0
2010-09-08,2111.0,919.0,114.0,629344000.0,226143000.0,24375741.0,227.0,10.0
2010-09-09,1892.0,1153.0,92.0,568481000.0,261440000.0,8988354.0,248.0,12.0
2010-09-10,1941.0,1063.0,118.0,494286000.0,222361000.0,39579833.0,183.0,7.0
2010-09-13,2371.0,707.0,75.0,800101000.0,130778439.0,5870667.0,240.0,5.0
2010-09-14,1371.0,1631.0,119.0,400539000.0,507945000.0,15223000.0,193.0,5.0
2010-09-15,1612.0,1425.0,110.0,492204000.0,397277000.0,11771639.0,146.0,9.0
2010-09-16,1276.0,1741.0,126.0,418024000.0,475069000.0,13031229.0,153.0,12.0
2010-09-17,1792.0,1236.0,102.0,804445000.0,1028226000.0,23973401.0,249.0,14.0
2010-09-20,2491.0,589.0,63.0,883355000.0,67111465.0,5231772.0,306.0,10.0
2010-09-21,1079.0,1942.0,124.0,319220000.0,709584000.0,21569302.0,220.0,10.0
2010-09-22,1141.0,1911.0,88.0,314114000.0,638222000.0,7270215.0,141.0,15.0
2010-09-23,930.0,2126.0,92.0,235174000.0,710096000.0,6293642.0,94.0,18.0
2010-09-24,2540.0,540.0,83.0,961109000.0,107517639.0,2032606.0,212.0,8.0
2010-09-27,1270.0,1743.0,124.0,341116000.0,568303000.0,11003000.0,191.0,8.0
2010-09-28,2140.0,901.0,103.0,786037000.0,231785000.0,14240289.0,172.0,14.0
2010-09-29,1670.0,1352.0,116.0,474380000.0,513188000.0,24469000.0,188.0,8.0
2010-09-30,1530.0,1489.0,126.0,536129000.0,703180000.0,47962009.0,249.0,9.0
2010-10-01,2081.0,941.0,119.0,806883000.0,260653000.0,17156796.0,203.0,8.0
2010-10-04,821.0,2218.0,98.0,197339000.0,736158000.0,10134000.0,141.0,7.0
2010-10-05,2479.0,579.0,81.0,1156702628.0,74668279.0,7734403.0,273.0,11.0
2010-10-06,1430.0,1588.0,120.0,445299000.0,521533000.0,14658508.0,232.0,9.0
2010-10-07,1388.0,1616.0,140.0,371232000.0,526430000.0,22224669.0,206.0,7.0
2010-10-08,2253.0,756.0,122.0,708007000.0,232256000.0,8337000.0,248.0,7.0
2010-10-11,1646.0,1369.0,127.0,386247972.0,425691841.0,14071981.0,268.0,3.0
2010-10-12,1695.0,1320.0,119.0,584501000.0,312369000.0,26183442.0,190.0,3.0
2010-10-13,2300.0,759.0,103.0,972322000.0,286935000.0,10376410.0,415.0,4.0
2010-10-14,1201.0,1829.0,124.0,347143000.0,757554000.0,13172910.0,233.0,9.0
2010-10-15,1202.0,1833.0,121.0,480772000.0,904219522.0,37911746.0,236.0,11.0
2010-10-18,2037.0,1018.0,98.0,722158000.0,264889000.0,9151389.0,170.0,7.0
2010-10-19,539.0,2511.0,89.0,124496000.0,1132008955.0,17131333.0,82.0,10.0
2010-10-20,2313.0,745.0,98.0,820336000.0,273431000.0,11849768.0,185.0,11.0
2010-10-21,1493.0,1518.0,131.0,468789000.0,569199000.0,17918000.0,251.0,10.0
2010-10-22,1802.0,1196.0,140.0,452479000.0,300634000.0,19816443.0,125.0,6.0
2010-10-25,1817.0,1208.0,112.0,638875000.0,353239000.0,15258763.0,305.0,8.0
2010-10-26,1394.0,1638.0,117.0,462404000.0,495251000.0,8812049.0,138.0,14.0
2010-10-27,1035.0,1959.0,127.0,369337000.0,639173000.0,14326347.0,80.0,15.0
2010-10-28,1531.0,1462.0,130.0,468610000.0,496079000.0,44941000.0,149.0,15.0
2010-10-29,1805.0,1189.0,120.0,547904000.0,437267000.0,51065000.0,147.0,13.0
2010-11-01,1550.0,1458.0,124.0,450421000.0,496005000.0,13154034.0,211.0,17.0
2010-11-02,2237.0,801.0,97.0,667330000.0,244763000.0,7824000.0,248.0,15.0
2010-11-03,1721.0,1296.0,117.0,686137000.0,399950000.0,17085598.0,226.0,9.0
2010-11-04,2569.0,493.0,84.0,1237826000.0,135188000.0,6646439.0,569.0,7.0
2010-11-05,1780.0,1254.0,107.0,820439000.0,406752000.0,16843192.0,492.0,10.0
2010-11-08,1386.0,1633.0,121.0,408886000.0,482959000.0,17585027.0,289.0,14.0
2010-11-09,825.0,2214.0,95.0,211089000.0,885318000.0,15710669.0,300.0,14.0
2010-11-10,1879.0,1159.0,88.0,775172000.0,334226000.0,13024664.0,117.0,16.0
2010-11-11,1058.0,1941.0,110.0,355558000.0,579518000.0,17895115.0,127.0,20.0
2010-11-12,521.0,2509.0,81.0,104405000.0,902317000.0,6260224.0,49.0,18.0
2010-11-15,1406.0,1615.0,97.0,422528000.0,445839000.0,11844091.0,58.0,48.0
2010-11-16,424.0,2666.0,55.0,88439103.0,1262384961.0,3399000.0,24.0,139.0
2010-11-17,1836.0,1213.0,93.0,503026000.0,439693000.0,11967147.0,30.0,19.0
2010-11-18,2471.0,595.0,74.0,1062753000.0,142931000.0,23234715.0,96.0,12.0
2010-11-19,1794.0,1240.0,111.0,638905000.0,444544000.0,24174778.0,85.0,21.0
2010-11-22,1527.0,1500.0,117.0,359311000.0,544055000.0,15419000.0,113.0,21.0
2010-11-23,681.0,2379.0,70.0,90210636.0,926607000.0,8861000.0,47.0,31.0
2010-11-24,2527.0,520.0,100.0,745898000.0,73144186.0,11635440.0,145.0,12.0
2010-11-26,949.0,1966.0,104.0,78275393.0,345690000.0,4637311.0,73.0,13.0
2010-11-29,1275.0,1747.0,122.0,439161000.0,467472000.0,18179096.0,65.0,25.0
2010-11-30,1003.0,1994.0,132.0,558600000.0,961622000.0,15965032.0,76.0,28.0
2010-12-01,2403.0,682.0,70.0,1037050739.0,78376674.0,3650241.0,266.0,14.0
2010-12-02,2148.0,893.0,85.0,947864346.0,167686486.0,4546254.0,280.0,13.0
2010-12-03,1875.0,1135.0,120.0,632196000.0,259959000.0,16469342.0,273.0,13.0
2010-12-06,1501.0,1509.0,116.0,354523000.0,389336000.0,60736445.0,261.0,12.0
2010-12-07,1522.0,1516.0,133.0,1060993674.0,547993000.0,23614619.0,431.0,21.0
2010-12-08,1178.0,1860.0,93.0,665178000.0,433954000.0,8493234.0,125.0,28.0
2010-12-09,1692.0,1355.0,87.0,707646000.0,282354000.0,20598525.0,152.0,25.0
2010-12-10,1969.0,1096.0,92.0,746375000.0,222001000.0,7641955.0,203.0,49.0
2010-12-13,1443.0,1608.0,99.0,545469000.0,404585000.0,13182554.0,271.0,87.0
2010-12-14,1352.0,1711.0,95.0,396362000.0,533587000.0,27758742.0,179.0,113.0
2010-12-15,1040.0,2004.0,103.0,272603000.0,833048000.0,15480000.0,156.0,89.0
2010-12-16,2088.0,981.0,83.0,743258000.0,260300478.0,9164861.0,123.0,25.0
2010-12-17,1706.0,1357.0,91.0,1203715000.0,790980000.0,30294278.0,177.0,24.0
2010-12-20,1516.0,1553.0,89.0,510376000.0,296572000.0,23060854.0,206.0,21.0
2010-12-21,2126.0,942.0,94.0,635945000.0,169097000.0,5804245.0,258.0,35.0
2010-12-22,1876.0,1182.0,113.0,461298000.0,310690000.0,12461000.0,215.0,16.0
2010-12-23,1455.0,1563.0,121.0,220378000.0,380516000.0,15580254.0,148.0,11.0
2010-12-27,1679.0,1340.0,112.0,257325000.0,199644211.0,10579555.0,110.0,13.0
2010-12-28,1460.0,1571.0,119.0,297962000.0,253718041.0,8520003.0,134.0,15.0
2010-12-29,1950.0,1121.0,87.0,313256000.0,197556000.0,9724303.0,190.0,18.0
2010-12-30,1526.0,1479.0,129.0,231701000.0,266385000.0,9928843.0,149.0,8.0
2010-12-31,1624.0,1358.0,132.0,297810000.0,267908000.0,26712000.0,114.0,6.0
2011-01-03,2277.0,791.0,75.0,881416000.0,167199000.0,11966351.0,378.0,3.0
2011-01-04,1107.0,1933.0,92.0,403258000.0,593254000.0,98535814.0,200.0,11.0
2011-01-05,1821.0,1231.0,86.0,722146000.0,304137000.0,16518870.0,176.0,11.0
2011-01-06,1211.0,1837.0,104.0,355297000.0,723258000.0,15500742.0,200.0,9.0
2011-01-07,1334.0,1706.0,117.0,434258000.0,641831000.0,13449656.0,141.0,13.0
2011-01-10,1567.0,1471.0,99.0,427307000.0,515941000.0,12020411.0,134.0,14.0
2011-01-11,1794.0,1238.0,115.0,603531000.0,332407000.0,8112858.0,239.0,10.0
2011-01-12,2187.0,876.0,88.0,787181000.0,163727000.0,12671582.0,312.0,42.0
2011-01-13,1370.0,1651.0,113.0,360937000.0,563216000.0,10269214.0,246.0,108.0
2011-01-14,1742.0,1291.0,112.0,761324000.0,288972000.0,9402106.0,234.0,153.0
2011-01-18,1646.0,1393.0,101.0,525447000.0,687291000.0,14933606.0,305.0,47.0
2011-01-19,697.0,2358.0,94.0,115033000.0,957811000.0,15929432.0,187.0,22.0
2011-01-20,1141.0,1892.0,101.0,546829000.0,632395000.0,15583021.0,46.0,24.0
2011-01-21,1597.0,1438.0,99.0,716635000.0,534510000.0,14900527.0,77.0,13.0
2011-01-24,2143.0,904.0,97.0,627846000.0,325232000.0,8528000.0,130.0,18.0
2011-01-25,1629.0,1394.0,113.0,398783000.0,624969000.0,22170815.0,106.0,19.0
2011-01-26,2119.0,928.0,101.0,663755000.0,420214000.0,75229846.0,241.0,11.0
2011-01-27,1706.0,1332.0,101.0,592366000.0,390503000.0,9986868.0,255.0,10.0
2011-01-28,498.0,2590.0,63.0,168757000.0,1180713000.0,2447490.0,148.0,19.0
2011-01-31,2111.0,909.0,116.0,806242000.0,367513000.0,24221677.0,125.0,18.0
2011-02-01,2520.0,554.0,75.0,956430882.0,128707113.0,9279130.0,330.0,13.0
2011-02-02,1413.0,1609.0,105.0,325523000.0,598979000.0,12426934.0,261.0,12.0
2011-02-03,1627.0,1391.0,119.0,595426000.0,386328000.0,19000000.0,192.0,8.0
2011-02-04,1481.0,1536.0,116.0,470449000.0,436631000.0,13326742.0,221.0,14.0
2011-02-07,2093.0,956.0,100.0,653279000.0,212103044.0,14155020.0,343.0,16.0
2011-02-08,1934.0,1104.0,110.0,564355000.0,306991000.0,16486663.0,266.0,14.0
2011-02-09,1141.0,1883.0,119.0,353488000.0,597317000.0,8371991.0,200.0,15.0
2011-02-10,1611.0,1418.0,108.0,476750000.0,530790000.0,19262000.0,180.0,15.0
2011-02-11,2268.0,780.0,96.0,712976959.0,256893000.0,28142000.0,321.0,12.0
2011-02-14,1678.0,1359.0,128.0,481082000.0,325394000.0,10272000.0,355.0,12.0
2011-02-15,1151.0,1854.0,136.0,352266000.0,489655000.0,87215000.0,213.0,13.0
2011-02-16,2291.0,766.0,107.0,673997000.0,243015000.0,11881321.0,337.0,17.0
2011-02-17,1907.0,1150.0,101.0,598116579.0,271505000.0,11901000.0,365.0,12.0
2011-02-18,1752.0,1277.0,127.0,569555000.0,567520000.0,25245562.0,350.0,10.0
2011-02-22,356.0,2751.0,56.0,114642000.0,1205798000.0,2343632.0,133.0,16.0
2011-02-23,1088.0,1976.0,99.0,446482000.0,865428000.0,18438000.0,62.0,27.0
2011-02-24,1631.0,1416.0,95.0,509700000.0,698932000.0,14327160.0,83.0,18.0
2011-02-25,2442.0,569.0,80.0,816337532.0,136105227.0,17010500.0,137.0,15.0
2011-02-28,2060.0,976.0,91.0,818526093.0,414089000.0,25224000.0,259.0,17.0
2011-03-01,741.0,2339.0,74.0,129255102.0,1047631711.0,3532000.0,190.0,23.0
2011-03-02,1920.0,1106.0,103.0,619208000.0,381248000.0,24539000.0,75.0,22.0
2011-03-03,2485.0,568.0,92.0,943018000.0,123473019.0,4940263.0,228.0,10.0
2011-03-04,1064.0,1961.0,120.0,248379000.0,776552000.0,13391796.0,155.0,16.0
2011-03-07,734.0,2324.0,89.0,198431000.0,830884000.0,8087037.0,160.0,26.0
2011-03-08,2312.0,741.0,90.0,760888000.0,228448000.0,10158756.0,149.0,12.0
2011-03-09,1434.0,1599.0,106.0,402422000.0,448209000.0,20380000.0,160.0,10.0
2011-03-10,487.0,2557.0,83.0,112624000.0,1021246000.0,3810000.0,27.0,31.0
2011-03-11,1958.0,1055.0,107.0,723537000.0,184044000.0,14362297.0,37.0,22.0
2011-03-14,973.0,2052.0,105.0,285571000.0,669068000.0,9361074.0,37.0,30.0
2011-03-15,675.0,2375.0,82.0,231141000.0,1038391000.0,14958195.0,29.0,77.0
2011-03-16,704.0,2355.0,67.0,130315000.0,1325225000.0,4227596.0,32.0,40.0
2011-03-17,2232.0,819.0,85.0,830684000.0,197366311.0,8139000.0,30.0,28.0
2011-03-18,2158.0,835.0,107.0,1336819105.0,556432000.0,17683682.0,53.0,20.0
2011-03-21,2467.0,563.0,72.0,719378896.0,218413371.0,17229350.0,123.0,9.0
2011-03-22,1276.0,1721.0,108.0,265239000.0,550444000.0,14489863.0,103.0,9.0
2011-03-23,1644.0,1368.0,120.0,448134000.0,416472000.0,13947130.0,92.0,18.0
2011-03-24,2004.0,1020.0,117.0,673786000.0,188695000.0,7342000.0,135.0,14.0
2011-03-25,1966.0,1071.0,109.0,529235000.0,284818000.0,10679363.0,204.0,9.0
2011-03-28,1253.0,1802.0,106.0,288722000.0,479069000.0,16584170.0,114.0,16.0
2011-03-29,2107.0,938.0,97.0,545650000.0,253932000.0,6120363.0,117.0,16.0
2011-03-30,2226.0,828.0,97.0,659715000.0,197878000.0,61443000.0,264.0,13.0
2011-03-31,1768.0,1261.0,112.0,440741000.0,623987000.0,13816553.0,237.0,17.0
2011-04-01,2107.0,941.0,106.0,659679000.0,228002000.0,23847717.0,383.0,16.0
2011-04-04,1590.0,1332.0,131.0,381960107.0,367344688.0,21438234.0,266.0,16.0
2011-04-05,1655.0,1355.0,133.0,485675000.0,328921000.0,15959000.0,284.0,15.0
2011-04-06,1736.0,1288.0,109.0,542532000.0,327518362.0,15800440.0,303.0,12.0
2011-04-07,1137.0,1901.0,106.0,384746000.0,513871000.0,12620018.0,160.0,10.0
2011-04-08,1013.0,1985.0,129.0,252168682.0,558132000.0,18630053.0,164.0,14.0
2011-04-11,904.0,2141.0,111.0,263879000.0,546962000.0,7667000.0,110.0,18.0
2011-04-12,791.0,2244.0,103.0,304428000.0,633919000.0,11515194.0,41.0,23.0
2011-04-13,1590.0,1440.0,111.0,412657000.0,471749000.0,16767139.0,50.0,15.0
2011-04-14,1623.0,1395.0,139.0,463265000.0,445116000.0,19313497.0,54.0,24.0
2011-04-15,2075.0,968.0,114.0,661420000.0,375104120.0,10233000.0,108.0,15.0
2011-04-18,599.0,2465.0,84.0,87612000.0,831915000.0,122441000.0,24.0,31.0
2011-04-19,2027.0,1008.0,101.0,585966000.0,244242000.0,17724061.0,58.0,25.0
2011-04-20,2527.0,516.0,107.0,739450000.0,221254000.0,7057000.0,198.0,19.0
2011-04-21,2000.0,1034.0,111.0,512831000.0,284724499.0,11702154.0,226.0,11.0
2011-04-25,1397.0,1658.0,114.0,271920000.0,417517000.0,8465102.0,212.0,20.0
2011-04-26,2222.0,852.0,95.0,636238000.0,269600000.0,3501241.0,319.0,8.0
2011-04-27,1974.0,1064.0,121.0,626903000.0,281032000.0,53771000.0,290.0,11.0
2011-04-28,1872.0,1169.0,118.0,586726000.0,364162000.0,10795627.0,355.0,16.0
2011-04-29,1978.0,1061.0,123.0,541347000.0,365182000.0,68592000.0,363.0,15.0
2011-05-02,1251.0,1785.0,120.0,355133000.0,564601000.0,15393000.0,338.0,17.0
2011-05-03,1066.0,1974.0,117.0,383879000.0,607886000.0,12066779.0,141.0,23.0
2011-05-04,947.0,2113.0,94.0,284884000.0,800547020.0,12176000.0,89.0,31.0
2011-05-05,1175.0,1913.0,76.0,296975000.0,809969000.0,13085000.0,100.0,38.0
2011-05-06,2019.0,1015.0,110.0,703165000.0,308659000.0,14253000.0,133.0,19.0
2011-05-09,2099.0,908.0,112.0,520643524.0,250502869.0,8454743.0,116.0,22.0
2011-05-10,2448.0,584.0,106.0,652036040.0,175943677.0,27363894.0,242.0,23.0
2011-05-11,532.0,2232.0,57.0,147457817.0,869338404.0,19769221.0,134.0,32.0
2011-05-12,1898.0,1130.0,98.0,538026422.0,408644663.0,33649131.0,174.0,44.0
2011-05-13,856.0,2148.0,103.0,165264121.0,723508577.0,18705152.0,175.0,31.0
2011-05-16,957.0,2033.0,115.0,298811724.0,595582395.0,32387293.0,96.0,44.0
2011-05-17,1276.0,1778.0,125.0,457055734.0,509560738.0,24802410.0,85.0,56.0
2011-05-18,2351.0,658.0,99.0,691442387.0,186575125.0,15400400.0,122.0,23.0
2011-05-19,1764.0,1210.0,138.0,462118114.0,381041936.0,28293940.0,166.0,24.0
2011-05-20,1042.0,1998.0,110.0,268873000.0,736124380.0,15707205.0,100.0,22.0
2011-05-23,640.0,2410.0,99.0,84843546.0,769681282.0,13692716.0,51.0,44.0
2011-05-24,1395.0,1641.0,126.0,447882205.0,404660000.0,13381526.0,75.0,32.0
2011-05-25,2011.0,1055.0,110.0,564077000.0,388882000.0,25321569.0,63.0,35.0
2011-05-26,2180.0,879.0,102.0,627150000.0,220505000.0,15770702.0,77.0,29.0
2011-05-27,2227.0,797.0,119.0,522990000.0,163758643.0,21011152.0,112.0,9.0
2011-05-31,2348.0,734.0,92.0,3171666650.0,900710700.0,47767199.0,226.0,14.0
2011-06-01,554.0,2520.0,86.0,156063367.0,1131275000.0,2783000.0,101.0,39.0
2011-06-02,1419.0,1619.0,115.0,1727416800.0,1984622200.0,45244340.0,50.0,47.0
2011-06-03,887.0,2178.0,96.0,718753400.0,2784941300.0,26683257.0,37.0,49.0
2011-06-06,612.0,2452.0,103.0,201387200.0,3365763100.0,21765860.0,27.0,65.0
2011-06-07,1725.0,1318.0,114.0,1752805676.0,1726503000.0,46152150.0,39.0,60.0
2011-06-08,794.0,2252.0,102.0,845914800.0,3060000000.0,30354571.0,23.0,97.0
2011-06-09,1940.0,1109.0,104.0,2540000000.0,765650000.0,35963200.0,32.0,70.0
2011-06-10,601.0,2463.0,90.0,709610000.0,3030000000.0,34899178.0,20.0,97.0
2011-06-13,1379.0,1706.0,72.0,1706268200.0,1882649600.0,32078383.0,21.0,90.0
2011-06-14,2548.0,516.0,91.0,3066164300.0,478989400.0,22198821.0,30.0,30.0
2011-06-15,485.0,2598.0,70.0,289988700.0,3738084597.0,26517753.0,23.0,79.0
2011-06-16,1377.0,1682.0,97.0,1847507688.0,2112926400.0,55712300.0,16.0,82.0
2011-06-17,1902.0,1137.0,103.0,2718862726.0,1530000000.0,46387676.0,25.0,59.0
2011-06-20,2066.0,982.0,89.0,1940000000.0,974910000.0,28612850.0,32.0,53.0
2011-06-21,2614.0,464.0,80.0,3049123214.0,355610000.0,38266583.0,68.0,26.0
2011-06-22,1269.0,1788.0,99.0,900370000.0,2250000000.0,27063781.0,67.0,24.0
2011-06-23,1279.0,1761.0,113.0,1470000000.0,2620000000.0,41904187.0,28.0,53.0
2011-06-24,1089.0,1941.0,110.0,833589730.0,3537235730.0,31283187.0,49.0,38.0
2011-06-27,2089.0,969.0,89.0,2404795046.0,717401900.0,38151136.0,52.0,40.0
2011-06-28,2457.0,605.0,101.0,2606912800.0,589160669.0,28502927.0,75.0,25.0
2011-06-29,2092.0,921.0,106.0,3050421654.0,769263926.0,37582791.0,82.0,34.0
2011-06-30,2249.0,813.0,90.0,2711894603.0,1012699800.0,17499633.0,113.0,12.0
2011-07-01,2518.0,544.0,76.0,2973161400.0,239810000.0,22441980.0,168.0,5.0
2011-07-05,1465.0,1545.0,125.0,1266640300.0,1945554443.0,21788199.0,173.0,10.0
2011-07-06,1691.0,1307.0,132.0,1517078800.0,1602520837.0,60023950.0,159.0,16.0
2011-07-07,2390.0,663.0,83.0,1830000000.0,318980000.0,29532141.0,287.0,12.0
2011-07-08,900.0,2104.0,115.0,362550000.0,1890000000.0,24746056.0,57.0,15.0
2011-07-11,445.0,2602.0,77.0,124392767.0,3258568000.0,7424467.0,36.0,34.0
2011-07-12,1278.0,1752.0,110.0,1065209800.0,2492378621.0,36126390.0,46.0,37.0
2011-07-13,2049.0,981.0,107.0,2399673302.0,1079886300.0,23177762.0,61.0,24.0
2011-07-14,640.0,2400.0,91.0,686384987.0,3055324900.0,14057171.0,46.0,45.0
2011-07-15,1831.0,1178.0,104.0,2160671255.0,1581919982.0,86719900.0,64.0,51.0
2011-07-18,455.0,2604.0,69.0,309626300.0,3268520681.0,38974532.0,38.0,96.0
2011-07-19,2416.0,632.0,86.0,3008191764.0,731198079.0,15582485.0,87.0,32.0
2011-07-20,1672.0,1356.0,92.0,2066191994.0,1350938769.0,13114530.0,95.0,27.0
2011-07-21,2437.0,612.0,89.0,3536311100.0,746631621.0,31837635.0,161.0,22.0
2011-07-22,1439.0,1549.0,125.0,1472406041.0,1667814400.0,46983904.0,101.0,24.0
2011-07-25,579.0,2474.0,74.0,701681710.0,2490721015.0,33722837.0,62.0,42.0
2011-07-26,1035.0,1964.0,123.0,1485664300.0,2113160293.0,38063319.0,44.0,52.0
2011-07-27,260.0,2826.0,61.0,270100643.0,4238948100.0,14904675.0,29.0,107.0
2011-07-28,1139.0,1861.0,127.0,1463018359.0,2890264654.0,90515214.0,27.0,110.0
2011-07-29,1014.0,2034.0,96.0,1319331091.0,3146521703.0,70104035.0,20.0,166.0
2011-08-01,1608.0,1421.0,79.0,1654880912.0,2672409647.0,65447700.0,39.0,100.0
2011-08-02,662.0,2397.0,58.0,310617480.0,591636504.0,9080482.0,34.0,172.0
2011-08-03,1740.0,1267.0,86.0,3435537956.0,2246585696.0,42658343.0,33.0,222.0
2011-08-04,152.0,2968.0,29.0,85215179.0,2791946304.0,2169995.0,25.0,449.0
2011-08-05,797.0,2254.0,51.0,3039349163.0,847143404.0,107990698.0,9.0,669.0
2011-08-08,47.0,3030.0,15.0,118708475.0,780917408.0,379981.0,15.0,1330.0
2011-08-09,2871.0,244.0,29.0,4167966552.0,293708169.0,9126824.0,17.0,562.0
2011-08-10,831.0,2273.0,40.0,515730000.0,3274823622.0,36285409.0,21.0,230.0
2011-08-11,2836.0,239.0,37.0,2265032733.0,253388012.0,14850537.0,12.0,118.0
2011-08-12,1951.0,1095.0,76.0,2833988937.0,1993344213.0,56995978.0,10.0,35.0
2011-08-15,2838.0,276.0,49.0,4236341658.0,139250800.0,6111087.0,17.0,13.0
2011-08-16,771.0,2296.0,66.0,729385120.0,3638188583.0,29823788.0,15.0,21.0
2011-08-17,1826.0,1231.0,91.0,2172637536.0,1551660093.0,84847470.0,18.0,21.0
2011-08-18,196.0,2896.0,50.0,192156396.0,1678003782.0,14687783.0,18.0,207.0
2011-08-19,727.0,2304.0,78.0,795553957.0,119598804.0,24999272.0,22.0,279.0
2011-08-22,1354.0,1692.0,94.0,2111957517.0,2518307968.0,83222196.0,29.0,245.0
2011-08-23,2602.0,473.0,56.0,4105372860.0,944446525.0,22150302.0,16.0,155.0
2011-08-24,2109.0,938.0,85.0,3485893400.0,1024625700.0,18459451.0,20.0,33.0
2011-08-25,714.0,2353.0,77.0,1554953400.0,3452322756.0,21056437.0,16.0,56.0
2011-08-26,2544.0,508.0,78.0,3773343600.0,400190000.0,41778300.0,14.0,92.0
2011-08-29,2842.0,276.0,42.0,3496216748.0,108447795.0,11001979.0,31.0,14.0
2011-08-30,1910.0,1099.0,116.0,2208833000.0,1679981100.0,128367614.0,45.0,6.0
2011-08-31,1994.0,1069.0,84.0,3206858862.0,1309223300.0,77802833.0,47.0,12.0
2011-09-01,805.0,2238.0,87.0,562768970.0,3586349420.0,56002703.0,40.0,13.0
2011-09-02,445.0,2590.0,71.0,191961407.0,3606199131.0,8474518.0,23.0,43.0
2011-09-06,832.0,2222.0,82.0,907699610.0,3447321584.0,68857798.0,32.0,157.0
2011-09-07,2747.0,317.0,50.0,3690199706.0,194635398.0,12188735.0,26.0,22.0
2011-09-08,667.0,2361.0,82.0,561223193.0,3206248033.0,32048209.0,42.0,27.0
2011-09-09,462.0,2594.0,69.0,167358690.0,113131385.0,97232295.0,33.0,165.0
2011-09-12,1462.0,1580.0,82.0,2465533745.0,1912525419.0,54397474.0,20.0,239.0
2011-09-13,2338.0,713.0,65.0,3093609722.0,969480000.0,51160505.0,12.0,45.0
2011-09-14,2246.0,776.0,104.0,3667107498.0,689508149.0,28070607.0,22.0,56.0
2011-09-15,2320.0,711.0,89.0,3502370042.0,463511060.0,25320524.0,29.0,27.0
2011-09-16,1535.0,1486.0,107.0,2470000000.0,2227460900.0,42921088.0,43.0,31.0
2011-09-19,689.0,2333.0,92.0,504342538.0,3211425389.0,29402523.0,30.0,96.0
2011-09-20,1100.0,1894.0,103.0,1355351943.0,2415849041.0,48542400.0,53.0,82.0
2011-09-21,474.0,2577.0,63.0,241457874.0,253386495.0,7129627.0,20.0,286.0
2011-09-22,343.0,2739.0,42.0,290274000.0,2322845904.0,2620000.0,20.0,785.0
2011-09-23,1907.0,1111.0,90.0,3262766381.0,1570002200.0,46304180.0,11.0,274.0
2011-09-26,2213.0,830.0,68.0,3973923567.0,518447584.0,29030041.0,14.0,224.0
2011-09-27,2492.0,547.0,71.0,3560079800.0,1173534600.0,43245865.0,21.0,27.0
2011-09-28,506.0,2507.0,58.0,145661298.0,3924955082.0,69946848.0,9.0,113.0
2011-09-29,2178.0,858.0,72.0,3360000000.0,1148244417.0,55801569.0,11.0,149.0
2011-09-30,626.0,2442.0,57.0,278881485.0,93028049.0,13800000.0,26.0,274.0
2011-10-03,283.0,2806.0,35.0,188970000.0,1323988104.0,2800000.0,17.0,836.0
2011-10-04,1851.0,1232.0,36.0,1116658223.0,1026963457.0,31330974.0,13.0,972.0
2011-10-05,2224.0,814.0,63.0,4251592300.0,741998958.0,67995028.0,12.0,61.0
2011-10-06,2598.0,471.0,41.0,311524804.0,287710000.0,25828800.0,6.0,24.0
2011-10-07,878.0,2154.0,71.0,892095500.0,3850831705.0,29257351.0,10.0,36.0
2011-10-10,2791.0,266.0,44.0,3505502056.0,357451444.0,6291139.0,23.0,12.0
2011-10-11,1669.0,1339.0,96.0,2314275360.0,1453614940.0,130100746.0,17.0,11.0
2011-10-12,2454.0,603.0,54.0,3917499100.0,773969833.0,31157174.0,20.0,11.0
2011-10-13,1178.0,1843.0,92.0,1352670850.0,2458861645.0,73995229.0,9.0,17.0
2011-10-14,2527.0,504.0,72.0,3088844319.0,523137800.0,28750000.0,21.0,16.0
2011-10-17,575.0,2467.0,71.0,461681586.0,3247565171.0,29787600.0,20.0,15.0
2011-10-18,2537.0,490.0,79.0,70013996.0,344743051.0,13996598.0,29.0,23.0
2011-10-19,834.0,2208.0,77.0,724346278.0,3579107090.0,14912378.0,47.0,13.0
2011-10-20,1819.0,1187.0,101.0,2768986698.0,1394336738.0,33614634.0,11.0,30.0
2011-10-21,2647.0,407.0,67.0,3589163757.0,745303137.0,48420342.0,60.0,12.0
2011-10-24,2514.0,531.0,74.0,3659641228.0,533212300.0,29694300.0,82.0,14.0
2011-10-25,546.0,2485.0,67.0,441753800.0,3877994600.0,17710000.0,38.0,13.0
2011-10-26,2452.0,587.0,80.0,3709117290.0,1022268400.0,49350000.0,51.0,16.0
2011-10-27,2703.0,391.0,48.0,1788413104.0,362860254.0,5374486.0,171.0,7.0
2011-10-28,1513.0,1363.0,105.0,2429398781.0,1601284723.0,47666247.0,65.0,16.0
2011-10-31,560.0,2477.0,87.0,274666834.0,3927384400.0,10730000.0,39.0,16.0
2011-11-01,447.0,2578.0,57.0,380679697.0,672095377.0,27803619.0,15.0,33.0
2011-11-02,2525.0,508.0,74.0,3576174852.0,418642200.0,12840000.0,24.0,19.0
2011-11-03,2350.0,675.0,78.0,3901264548.0,728501796.0,28956578.0,49.0,22.0
2011-11-04,1179.0,1802.0,107.0,1306267859.0,2442307903.0,41932068.0,37.0,17.0
2011-11-07,1616.0,1341.0,107.0,2111773675.0,1303800270.0,78295166.0,53.0,16.0
2011-11-08,2214.0,791.0,80.0,3143263700.0,671060002.0,26908907.0,74.0,16.0
2011-11-09,306.0,2755.0,38.0,72559167.0,186878400.0,3240000.0,30.0,38.0
2011-11-10,2111.0,920.0,73.0,2561519280.0,1351089718.0,28546845.0,25.0,36.0
2011-11-11,2602.0,434.0,64.0,3054543541.0,232246768.0,6660000.0,52.0,21.0
2011-11-14,737.0,2300.0,79.0,465636614.0,2542243672.0,23346548.0,45.0,29.0
2011-11-15,1894.0,1105.0,122.0,2173414000.0,1259543300.0,57176508.0,50.0,37.0
2011-11-16,719.0,2298.0,81.0,621258723.0,3315781800.0,49695051.0,39.0,37.0
2011-11-17,575.0,2441.0,91.0,305727200.0,4127115292.0,24310000.0,21.0,64.0
2011-11-18,1733.0,1285.0,101.0,1816934200.0,1831926300.0,34562219.0,26.0,51.0
2011-11-21,464.0,2598.0,59.0,256067690.0,3804395397.0,10904098.0,33.0,118.0
2011-11-22,1146.0,1890.0,88.0,934495651.0,2845886600.0,55550600.0,47.0,92.0
2011-11-23,380.0,2684.0,55.0,141998980.0,3528964100.0,3040000.0,33.0,169.0
2011-11-25,1275.0,1640.0,113.0,687041800.0,846200400.0,56632321.0,44.0,129.0
2011-11-28,2608.0,512.0,46.0,3680542700.0,98206795.0,2040000.0,71.0,42.0
2011-11-29,1485.0,1548.0,100.0,1857095998.0,2008475100.0,35922310.0,40.0,54.0
2011-11-30,2703.0,402.0,48.0,1151613659.0,175397591.0,3740075.0,104.0,24.0
2011-12-01,1193.0,1842.0,96.0,1638374600.0,1981665637.0,176270700.0,103.0,16.0
2011-12-02,1859.0,1181.0,91.0,2461869420.0,1552575000.0,70475900.0,106.0,13.0
2011-12-05,2377.0,683.0,73.0,3558351399.0,539525100.0,15980000.0,114.0,9.0
2011-12-06,1534.0,1481.0,100.0,1787225019.0,1836389178.0,41918740.0,79.0,13.0
2011-12-07,1577.0,1407.0,123.0,2547759100.0,1465418599.0,64262800.0,88.0,14.0
2011-12-08,416.0,2620.0,68.0,127019289.0,4001759946.0,12340000.0,83.0,19.0
2011-12-09,2601.0,442.0,81.0,3300347634.0,361592018.0,22710000.0,85.0,17.0
2011-12-12,642.0,2412.0,68.0,290307778.0,3165738900.0,26383569.0,63.0,47.0
2011-12-13,868.0,2145.0,81.0,730498076.0,3236109500.0,32162390.0,63.0,63.0
2011-12-14,870.0,2179.0,77.0,891531500.0,3187776000.0,45464389.0,60.0,108.0
2011-12-15,1903.0,1103.0,104.0,2353129930.0,1354364400.0,28172434.0,48.0,65.0
2011-12-16,1861.0,1148.0,110.0,3061559368.0,1647368717.0,161019342.0,74.0,63.0
2011-12-19,654.0,2395.0,79.0,309960575.0,3216727500.0,21413679.0,77.0,118.0
2011-12-20,2708.0,371.0,61.0,3857803771.0,108937402.0,2660000.0,121.0,23.0
2011-12-21,1864.0,1171.0,96.0,2415943473.0,1067200531.0,33109496.0,141.0,30.0
2011-12-22,2297.0,762.0,81.0,2754551046.0,623099894.0,34382057.0,168.0,19.0
2011-12-23,2087.0,917.0,115.0,1657393580.0,487129247.0,43037865.0,161.0,13.0
2011-12-27,1538.0,1462.0,114.0,779767848.0,1168456981.0,65220721.0,211.0,21.0
2011-12-28,626.0,2416.0,73.0,102075585.0,2204603237.0,19026499.0,102.0,46.0
2011-12-29,2378.0,651.0,92.0,2002151754.0,198328617.0,16517068.0,110.0,34.0
2011-12-30,1438.0,1582.0,108.0,1023030980.0,1164760397.0,41724151.0,141.0,18.0
2012-01-03,2367.0,715.0,65.0,3080295233.0,691282723.0,69215403.0,164.0,6.0
2012-01-04,1503.0,1554.0,67.0,1806417300.0,1640000000.0,17752589.0,80.0,10.0
2012-01-05,1816.0,1198.0,87.0,2484633274.0,1610000000.0,41626176.0,88.0,12.0
2012-01-06,1397.0,1620.0,101.0,1225809101.0,2231548424.0,69275800.0,95.0,13.0
2012-01-09,1905.0,1109.0,98.0,2179314305.0,1034070128.0,48659422.0,113.0,19.0
2012-01-10,2327.0,703.0,101.0,3181933386.0,758864362.0,168175244.0,148.0,15.0
2012-01-11,1656.0,1352.0,100.0,2567833700.0,1265599300.0,41409992.0,67.0,14.0
2012-01-12,1847.0,1173.0,105.0,2207000200.0,1645097001.0,66832900.0,102.0,15.0
2012-01-13,1060.0,1969.0,113.0,841249116.0,2682719013.0,125834499.0,100.0,24.0
2012-01-17,1859.0,1157.0,110.0,2027509166.0,1814924316.0,41945994.0,137.0,23.0
2012-01-18,2400.0,647.0,80.0,3484110203.0,527230377.0,22875072.0,129.0,17.0
2012-01-19,1956.0,1043.0,111.0,2952057300.0,1377739455.0,32491376.0,178.0,21.0
2012-01-20,1735.0,1260.0,118.0,2082667501.0,1655028746.0,145880600.0,124.0,14.0
2012-01-23,1760.0,1265.0,93.0,2222013210.0,1463681700.0,28045623.0,146.0,5.0
2012-01-24,1621.0,1379.0,103.0,1897340700.0,1627103928.0,80200700.0,85.0,11.0
2012-01-25,2325.0,721.0,97.0,3359735864.0,960165401.0,74021620.0,145.0,9.0
2012-01-26,1484.0,1543.0,93.0,1500769300.0,3036572900.0,43502767.0,232.0,8.0
2012-01-27,1944.0,1058.0,110.0,1928390082.0,1936652107.0,73009510.0,173.0,10.0
2012-01-30,1101.0,1903.0,119.0,1064469000.0,2441264200.0,49295100.0,156.0,10.0
2012-01-31,1737.0,1247.0,126.0,2030363700.0,2034809000.0,50139759.0,198.0,13.0
2012-02-01,2524.0,535.0,76.0,3697501205.0,684843618.0,42614599.0,298.0,10.0
2012-02-02,1713.0,1280.0,121.0,2355488146.0,1598046800.0,34846247.0,189.0,8.0
2012-02-03,2374.0,654.0,93.0,3889041047.0,614884626.0,35254633.0,296.0,6.0
2012-02-06,1255.0,1784.0,88.0,1612210313.0,1678823803.0,19393669.0,116.0,3.0
2012-02-07,1712.0,1302.0,100.0,1806063800.0,1825428841.0,36035200.0,156.0,2.0
2012-02-08,1760.0,1274.0,99.0,2370943038.0,1556464002.0,90342000.0,172.0,3.0
2012-02-09,1526.0,1510.0,103.0,2255782127.0,1750000000.0,43537238.0,178.0,6.0
2012-02-10,745.0,2312.0,79.0,787781950.0,2953245800.0,17040000.0,84.0,11.0
2012-02-13,2368.0,719.0,64.0,2663721500.0,758250795.0,44847900.0,167.0,3.0
2012-02-14,1098.0,1908.0,96.0,1281048344.0,2467859374.0,48090132.0,92.0,3.0
2012-02-15,1295.0,1723.0,105.0,1349919658.0,2595668500.0,52972710.0,152.0,3.0
2012-02-16,2303.0,779.0,72.0,3367149300.0,533634312.0,84324700.0,127.0,5.0
2012-02-17,1757.0,1271.0,109.0,1982766498.0,1631395800.0,46863925.0,173.0,1.0
2012-02-21,1514.0,1512.0,105.0,1911916715.0,1780539629.0,32730224.0,156.0,3.0
2012-02-22,1188.0,1854.0,97.0,1104053877.0,2435226800.0,36822802.0,100.0,5.0
2012-02-23,2169.0,856.0,91.0,2576639740.0,1090000000.0,22630000.0,138.0,3.0
2012-02-24,1645.0,1379.0,105.0,1717545520.0,1597380832.0,52990000.0,167.0,2.0
2012-02-27,1508.0,1500.0,113.0,1969005965.0,1506266200.0,41844894.0,135.0,6.0
2012-02-28,1567.0,1455.0,107.0,1958215251.0,1445251830.0,94190395.0,165.0,8.0
2012-02-29,1039.0,1996.0,85.0,1173376492.0,3141409373.0,33526097.0,162.0,13.0
2012-03-01,2037.0,989.0,93.0,2649185528.0,1108090800.0,113215639.0,153.0,8.0
2012-03-02,999.0,2021.0,108.0,1199775373.0,2049393621.0,77049478.0,108.0,18.0
2012-03-05,1219.0,1817.0,88.0,968090000.0,2310000000.0,11410000.0,80.0,21.0
2012-03-06,269.0,2799.0,46.0,159003493.0,3960931374.0,22552737.0,24.0,31.0
2012-03-07,2386.0,645.0,86.0,2805313400.0,608964503.0,37776117.0,56.0,14.0
2012-03-08,2421.0,616.0,79.0,2904051000.0,511274767.0,18880000.0,119.0,9.0
2012-03-09,2095.0,902.0,116.0,2281186700.0,1191879381.0,67898137.0,157.0,6.0
2012-03-12,1380.0,1630.0,100.0,1124905565.0,1858843336.0,41472267.0,114.0,15.0
2012-03-13,2480.0,593.0,61.0,3964543155.0,315777921.0,19940000.0,200.0,8.0
2012-03-14,805.0,2252.0,65.0,1890754000.0,2508517698.0,40375151.0,163.0,17.0
2012-03-15,1808.0,1227.0,77.0,3326446995.0,837299679.0,20734778.0,112.0,15.0
2012-03-16,1377.0,1657.0,81.0,2886793886.0,1917552506.0,52680826.0,117.0,8.0
2012-03-19,1905.0,1100.0,111.0,1920986140.0,1884194700.0,44460000.0,129.0,8.0
2012-03-20,992.0,2030.0,100.0,1484278180.0,2100066733.0,40079321.0,45.0,21.0
2012-03-21,1476.0,1519.0,111.0,1610227675.0,1771212409.0,104073098.0,72.0,13.0
2012-03-22,782.0,2231.0,106.0,425238144.0,3161189798.0,23047151.0,37.0,21.0
2012-03-23,2124.0,879.0,105.0,2337687058.0,916284578.0,100130400.0,61.0,11.0
2012-03-26,2321.0,732.0,88.0,2915825943.0,509485264.0,36995537.0,179.0,15.0
2012-03-27,1246.0,1760.0,121.0,933443037.0,2468483785.0,49970915.0,171.0,10.0
2012-03-28,1124.0,1908.0,102.0,1068096254.0,2613830277.0,124309405.0,59.0,26.0
2012-03-29,1183.0,1822.0,114.0,1431603623.0,2256104506.0,58422568.0,39.0,34.0
2012-03-30,1750.0,1264.0,105.0,2336506465.0,1194306200.0,28431268.0,115.0,14.0
2012-04-02,2277.0,763.0,102.0,2750108054.0,701585423.0,50361001.0,157.0,11.0
2012-04-03,1066.0,1968.0,112.0,1068534987.0,2635275147.0,51014588.0,138.0,26.0
2012-04-04,590.0,2445.0,70.0,567034725.0,3222396344.0,8590000.0,29.0,51.0
2012-04-05,1290.0,1701.0,120.0,1064404366.0,2162133308.0,28843907.0,57.0,41.0
2012-04-09,635.0,2415.0,84.0,343369672.0,2738224356.0,33138753.0,22.0,62.0
2012-04-10,463.0,2592.0,76.0,327824388.0,4222051100.0,30891005.0,27.0,72.0
2012-04-11,2427.0,644.0,58.0,2895003842.0,800439700.0,20300000.0,36.0,29.0
2012-04-12,2486.0,549.0,91.0,3112570266.0,317089418.0,66195600.0,52.0,17.0
2012-04-13,709.0,2320.0,104.0,462033484.0,2980693136.0,36012600.0,39.0,32.0
2012-04-16,1724.0,1301.0,113.0,1845204743.0,1548694793.0,46660197.0,55.0,52.0
2012-04-17,2346.0,695.0,97.0,2956328194.0,401419327.0,33566828.0,85.0,21.0
2012-04-18,993.0,2020.0,106.0,930288918.0,2249889128.0,232070000.0,52.0,42.0
2012-04-19,1235.0,1766.0,128.0,1305882911.0,2713439800.0,67220606.0,70.0,40.0
2012-04-20,1991.0,1033.0,100.0,1872610701.0,1862468655.0,27372077.0,112.0,31.0
2012-04-23,800.0,2223.0,99.0,532971939.0,3005318696.0,50652263.0,26.0,78.0
2012-04-24,2029.0,1000.0,98.0,2463662975.0,1044629874.0,48633613.0,62.0,28.0
2012-04-25,2326.0,694.0,101.0,2989307961.0,914237601.0,36926430.0,132.0,13.0
2012-04-26,2049.0,957.0,118.0,2552543010.0,1284942031.0,60832475.0,164.0,16.0
2012-04-27,2021.0,972.0,133.0,1979695141.0,1466167238.0,46183667.0,201.0,13.0
2012-04-30,1188.0,1848.0,121.0,1207362464.0,2159324287.0,54534352.0,92.0,14.0
2012-05-01,1960.0,1085.0,110.0,2712635776.0,972835619.0,68068274.0,215.0,10.0
2012-05-02,1321.0,1696.0,122.0,1182284135.0,2527933973.0,18884428.0,107.0,28.0
2012-05-03,902.0,2119.0,110.0,757192294.0,3136431130.0,38900820.0,125.0,41.0
2012-05-04,747.0,2286.0,93.0,524522511.0,3372349279.0,10140000.0,54.0,53.0
2012-05-07,1626.0,1379.0,127.0,1831127838.0,1562646327.0,89551622.0,60.0,64.0
2012-05-08,1182.0,1825.0,121.0,1023089684.0,3103870629.0,77496884.0,58.0,80.0
2012-05-09,968.0,2053.0,103.0,1409194642.0,2782383961.0,66456526.0,61.0,81.0
2012-05-10,1887.0,1121.0,124.0,2172195800.0,1389981033.0,49464244.0,76.0,30.0
2012-05-11,1204.0,1819.0,101.0,1091853025.0,2608137131.0,85480423.0,61.0,47.0
2012-05-14,480.0,2599.0,77.0,445595529.0,3103025000.0,41542234.0,33.0,121.0
2012-05-15,1073.0,1964.0,91.0,787840936.0,3199246232.0,47402995.0,40.0,130.0
2012-05-16,982.0,2050.0,101.0,1199525428.0,2957225200.0,45397236.0,41.0,138.0
2012-05-17,423.0,2664.0,66.0,540071127.0,4011288306.0,34432588.0,15.0,159.0
2012-05-18,761.0,2298.0,77.0,1346381425.0,2992995659.0,116853400.0,13.0,157.0
2012-05-21,2587.0,443.0,92.0,2937336117.0,760648755.0,22312100.0,19.0,69.0
2012-05-22,1563.0,1482.0,93.0,1953900668.0,2059559182.0,39278824.0,21.0,55.0
2012-05-23,1811.0,1193.0,104.0,2504152363.0,1417327100.0,103140683.0,17.0,116.0
2012-05-24,1757.0,1270.0,106.0,1950253000.0,1713453028.0,43602985.0,39.0,46.0
2012-05-25,1539.0,1450.0,127.0,1547964764.0,1154273035.0,60659775.0,32.0,31.0
2012-05-29,2385.0,654.0,79.0,2904148300.0,418228596.0,16349080.0,66.0,36.0
2012-05-30,424.0,2633.0,79.0,253155400.0,3191579647.0,13680384.0,25.0,70.0
2012-05-31,1465.0,1567.0,120.0,2008748260.0,2360701430.0,53622291.0,50.0,123.0
2012-06-01,446.0,2604.0,59.0,190294926.0,792363000.0,8078239.0,28.0,122.0
2012-06-04,1289.0,1764.0,91.0,1325366862.0,2517309650.0,54743852.0,23.0,158.0
2012-06-05,2226.0,792.0,105.0,2620964318.0,640705538.0,58720523.0,35.0,52.0
2012-06-06,2691.0,378.0,72.0,3778196989.0,329471100.0,5910000.0,62.0,19.0
2012-06-07,1386.0,1657.0,105.0,1696142155.0,2199149751.0,102504789.0,80.0,24.0
2012-06-08,2113.0,897.0,89.0,2516329766.0,832650354.0,23950000.0,75.0,35.0
2012-06-11,631.0,2413.0,80.0,336349695.0,3067019104.0,34150961.0,84.0,55.0
2012-06-12,2373.0,667.0,89.0,2871125524.0,479970397.0,14590000.0,35.0,54.0
2012-06-13,991.0,2059.0,91.0,994334793.0,2242946251.0,99510233.0,45.0,53.0
2012-06-14,2154.0,920.0,80.0,2817353100.0,746770481.0,39006448.0,63.0,57.0
2012-06-15,2098.0,927.0,105.0,3330704345.0,860489376.0,51270900.0,77.0,40.0
2012-06-18,1764.0,1255.0,95.0,1525101939.0,1626587815.0,30571749.0,92.0,42.0
2012-06-19,2569.0,503.0,85.0,3130275955.0,595535264.0,19870294.0,142.0,12.0
2012-06-20,1516.0,1504.0,113.0,1834803117.0,1743355900.0,44138241.0,85.0,8.0
2012-06-21,575.0,2482.0,71.0,262002681.0,3685421139.0,22066158.0,56.0,39.0
2012-06-22,2060.0,930.0,110.0,2768907086.0,1236189807.0,76376246.0,33.0,38.0
2012-06-25,698.0,2340.0,85.0,355535421.0,3008342129.0,18257978.0,51.0,93.0
2012-06-26,1925.0,1098.0,127.0,2077185591.0,1106646915.0,125710900.0,70.0,72.0
2012-06-27,2393.0,666.0,90.0,2534302746.0,597354590.0,84450014.0,104.0,29.0
2012-06-28,1697.0,1320.0,115.0,1963948601.0,1775857402.0,57805866.0,92.0,42.0
2012-06-29,2671.0,406.0,70.0,3717895400.0,581847183.0,135827000.0,243.0,11.0
2012-07-02,2146.0,903.0,82.0,2021002661.0,1177915887.0,35389830.0,270.0,5.0
2012-07-03,2371.0,615.0,125.0,1551202950.0,461543600.0,41437705.0,286.0,5.0
2012-07-05,1326.0,1689.0,118.0,888147024.0,2030881348.0,23849948.0,249.0,6.0
2012-07-06,972.0,2032.0,124.0,461900574.0,2165637377.0,48790456.0,147.0,7.0
2012-07-09,1333.0,1694.0,104.0,868505300.0,1883387900.0,55955513.0,191.0,21.0
2012-07-10,1019.0,2003.0,117.0,590827082.0,2771810900.0,24377318.0,207.0,35.0
2012-07-11,1603.0,1430.0,119.0,1742045300.0,1577224013.0,28404614.0,122.0,31.0
2012-07-12,1118.0,1898.0,109.0,958112865.0,2576631350.0,68650107.0,107.0,62.0
2012-07-13,2542.0,520.0,77.0,2731559523.0,374809368.0,22944714.0,212.0,21.0
2012-07-16,1357.0,1666.0,113.0,1077042536.0,1727389369.0,49455719.0,215.0,33.0
2012-07-17,2028.0,986.0,126.0,2416178583.0,1030075900.0,40170600.0,239.0,42.0
2012-07-18,1870.0,1139.0,122.0,2064436756.0,1454649086.0,56128229.0,240.0,22.0
2012-07-19,1581.0,1425.0,134.0,1962461255.0,1884765472.0,89165703.0,180.0,22.0
2012-07-20,1002.0,2011.0,111.0,881161365.0,2881900535.0,35798572.0,127.0,38.0
2012-07-23,719.0,2331.0,85.0,1123023889.0,2425943605.0,27018442.0,100.0,93.0
2012-07-24,781.0,2238.0,99.0,775107600.0,2981076600.0,40971362.0,104.0,97.0
2012-07-25,1611.0,1409.0,102.0,1758690367.0,1834481800.0,59214674.0,93.0,73.0
2012-07-26,2222.0,819.0,81.0,3404469900.0,916511086.0,22428158.0,171.0,60.0
2012-07-27,2540.0,505.0,82.0,4003979320.0,240519028.0,39497473.0,246.0,29.0
2012-07-30,1480.0,1535.0,98.0,1614098300.0,1490404190.0,36995567.0,184.0,17.0
2012-07-31,1233.0,1763.0,120.0,1296392427.0,2375018390.0,60722954.0,177.0,25.0
2012-08-01,1131.0,1875.0,115.0,1413305855.0,2812073564.0,85188330.0,218.0,42.0
2012-08-02,1140.0,1890.0,119.0,762971101.0,3313266238.0,33811000.0,104.0,64.0
2012-08-03,2494.0,534.0,95.0,3196891773.0,448825000.0,23467476.0,211.0,21.0
2012-08-06,1887.0,1118.0,122.0,1996192100.0,1028345500.0,26845768.0,210.0,12.0
2012-08-07,1947.0,1068.0,108.0,2520302231.0,1050942309.0,38944907.0,198.0,11.0
2012-08-08,1526.0,1460.0,115.0,1909261857.0,1149672387.0,115778900.0,139.0,15.0
2012-08-09,1664.0,1342.0,127.0,1927198842.0,1053002965.0,76642998.0,145.0,8.0
2012-08-10,1618.0,1371.0,125.0,1651850697.0,1014500022.0,24883560.0,114.0,8.0
2012-08-13,1124.0,1880.0,118.0,845691545.0,1560638000.0,42230527.0,81.0,22.0
2012-08-14,1481.0,1532.0,120.0,1319618761.0,1482731768.0,67090823.0,127.0,21.0
2012-08-15,1894.0,1108.0,98.0,1632883433.0,949564874.0,28234255.0,99.0,17.0
2012-08-16,2159.0,832.0,129.0,2270435249.0,712486377.0,60339249.0,151.0,10.0
2012-08-17,1827.0,1136.0,139.0,1702674931.0,1079263802.0,81842017.0,188.0,13.0
2012-08-20,1335.0,1669.0,114.0,1315799039.0,1316430138.0,84607179.0,143.0,10.0
2012-08-21,1318.0,1645.0,148.0,1555416114.0,1592946770.0,61152643.0,176.0,9.0
2012-08-22,1184.0,1815.0,113.0,1451685500.0,1513140285.0,35879900.0,63.0,19.0
2012-08-23,930.0,2061.0,117.0,665271443.0,2226466974.0,69656017.0,47.0,12.0
2012-08-24,1911.0,1037.0,157.0,1707872300.0,757183800.0,70341386.0,72.0,12.0
2012-08-27,1425.0,1571.0,111.0,969761300.0,1405950474.0,40441831.0,112.0,18.0
2012-08-28,1668.0,1287.0,145.0,1119470059.0,1399484824.0,56180758.0,102.0,26.0
2012-08-29,1796.0,1167.0,139.0,1339834989.0,1118223600.0,54150965.0,117.0,23.0
2012-08-30,838.0,2110.0,130.0,445977012.0,1975892648.0,38284300.0,81.0,27.0
2012-08-31,2062.0,887.0,141.0,2128275454.0,615929472.0,71970200.0,138.0,18.0
2012-09-04,1785.0,1213.0,111.0,1608537292.0,1459292500.0,32050200.0,190.0,27.0
2012-09-05,1394.0,1535.0,132.0,1644969500.0,1573985039.0,54248300.0,173.0,32.0
2012-09-06,2395.0,635.0,95.0,3586696900.0,253399432.0,25821883.0,311.0,11.0
2012-09-07,2012.0,947.0,136.0,2710262870.0,882787700.0,52895154.0,307.0,12.0
2012-09-10,1214.0,1790.0,117.0,1030583241.0,2096020745.0,45592001.0,226.0,11.0
2012-09-11,2023.0,980.0,116.0,2573545700.0,809635872.0,43930109.0,202.0,15.0
2012-09-12,1969.0,1047.0,99.0,2150068758.0,1339480596.0,60228200.0,260.0,15.0
2012-09-13,2378.0,648.0,100.0,4098647600.0,387642103.0,19572788.0,376.0,8.0
2012-09-14,2088.0,957.0,101.0,3744350794.0,1122530600.0,41896442.0,494.0,7.0
2012-09-17,925.0,2088.0,100.0,830596659.0,2350651156.0,58921398.0,145.0,8.0
2012-09-18,1324.0,1682.0,112.0,1050691594.0,2215208900.0,44807743.0,110.0,5.0
2012-09-19,1719.0,1270.0,125.0,2054233058.0,1234445458.0,65517379.0,194.0,5.0
2012-09-20,1187.0,1821.0,113.0,1066434953.0,2216670300.0,46310000.0,137.0,12.0
2012-09-21,1775.0,1255.0,96.0,2205109057.0,2325753536.0,66732200.0,299.0,10.0
2012-09-24,1203.0,1801.0,109.0,1073552704.0,1839303045.0,46287858.0,179.0,8.0
2012-09-25,827.0,2228.0,74.0,357596067.0,3275490857.0,14081717.0,207.0,15.0
2012-09-26,1222.0,1809.0,102.0,1030231597.0,2417053798.0,78910925.0,106.0,23.0
2012-09-27,2266.0,751.0,100.0,2528163523.0,497025099.0,62362769.0,127.0,8.0
2012-09-28,1174.0,1842.0,108.0,785545737.0,2529287014.0,44142720.0,136.0,11.0
2012-10-01,1883.0,1165.0,87.0,2127921790.0,1238667920.0,30856060.0,243.0,14.0
2012-10-02,1583.0,1389.0,130.0,1490796879.0,1686257694.0,60487416.0,148.0,17.0
2012-10-03,1489.0,1500.0,114.0,1833499776.0,1532252104.0,58235361.0,146.0,18.0
2012-10-04,2186.0,817.0,100.0,2848062656.0,663081266.0,18963736.0,213.0,12.0
2012-10-05,1712.0,1277.0,129.0,1530414816.0,1537189600.0,62380000.0,308.0,6.0
2012-10-08,1172.0,1803.0,129.0,815950063.0,1434397634.0,54219855.0,126.0,12.0
2012-10-09,690.0,2349.0,85.0,832359475.0,2281073019.0,41211150.0,97.0,26.0
2012-10-10,1145.0,1871.0,103.0,872633273.0,2142454867.0,156754117.0,43.0,34.0
2012-10-11,1989.0,1026.0,107.0,2517814200.0,1001339600.0,25764607.0,96.0,18.0
2012-10-12,1090.0,1874.0,145.0,621515501.0,2380286900.0,73345756.0,77.0,17.0
2012-10-15,2026.0,1002.0,97.0,2165302162.0,1227479851.0,34284131.0,86.0,19.0
2012-10-16,2258.0,757.0,103.0,2577267400.0,665332812.0,237979600.0,191.0,11.0
2012-10-17,2065.0,924.0,121.0,2598604874.0,968706700.0,31028403.0,244.0,10.0
2012-10-18,1482.0,1529.0,109.0,2149948700.0,1594732100.0,41026849.0,222.0,12.0
2012-10-19,681.0,2357.0,81.0,388050543.0,3382238594.0,32136724.0,120.0,34.0
2012-10-22,1448.0,1536.0,121.0,1523383100.0,1528334500.0,86930480.0,54.0,27.0
2012-10-23,818.0,2209.0,77.0,408787548.0,3086014988.0,18726309.0,36.0,41.0
2012-10-24,1323.0,1659.0,136.0,1085946108.0,2198560700.0,33276328.0,67.0,39.0
2012-10-25,1794.0,1215.0,118.0,1834973400.0,1499943144.0,92073669.0,94.0,42.0
2012-10-26,1215.0,1753.0,138.0,889159515.0,2301433040.0,38360000.0,68.0,36.0
2012-10-31,1747.0,1283.0,98.0,1980606402.0,1484820546.0,36851694.0,104.0,44.0
2012-11-01,2332.0,694.0,100.0,3039275900.0,764428600.0,43461824.0,199.0,28.0
2012-11-02,897.0,2097.0,116.0,906110700.0,2563288172.0,68291158.0,151.0,41.0
2012-11-05,1528.0,1467.0,121.0,1516254195.0,1328662104.0,27123045.0,75.0,37.0
2012-11-06,2136.0,877.0,104.0,2512731100.0,630431965.0,87946031.0,147.0,17.0
2012-11-07,574.0,2493.0,73.0,392774554.0,3857620400.0,33103590.0,75.0,79.0
2012-11-08,820.0,2238.0,86.0,811792300.0,2841122903.0,40585400.0,61.0,84.0
2012-11-09,1470.0,1554.0,96.0,1833128130.0,1638289500.0,99793464.0,59.0,115.0
2012-11-12,1417.0,1589.0,114.0,1092286100.0,1369278700.0,47093863.0,74.0,88.0
2012-11-13,980.0,2059.0,89.0,995511152.0,2362860745.0,28850657.0,37.0,124.0
2012-11-14,316.0,2764.0,62.0,328854100.0,3670187473.0,24059158.0,24.0,210.0
2012-11-15,994.0,2080.0,78.0,1612219838.0,2164699970.0,62484112.0,13.0,272.0
2012-11-16,2268.0,800.0,65.0,2648456259.0,1258783200.0,50605800.0,15.0,156.0
2012-11-19,2721.0,351.0,56.0,3040661090.0,228963824.0,30267307.0,58.0,28.0
2012-11-20,1706.0,1323.0,111.0,1658702676.0,1435697200.0,54348565.0,81.0,32.0
2012-11-21,2032.0,980.0,116.0,1838464800.0,715764099.0,45842542.0,83.0,37.0
2012-11-23,2432.0,488.0,103.0,1373810100.0,85846706.0,9890000.0,108.0,21.0
2012-11-26,1314.0,1726.0,104.0,1116647874.0,1717628296.0,39086500.0,77.0,10.0
2012-11-27,1349.0,1682.0,111.0,987721977.0,2218375000.0,32060000.0,102.0,13.0
2012-11-28,2083.0,922.0,128.0,2586476100.0,623013458.0,66505396.0,92.0,27.0
2012-11-29,2154.0,859.0,108.0,2421502589.0,806503385.0,67399341.0,163.0,8.0
2012-11-30,1631.0,1348.0,122.0,1996788668.0,1590429540.0,125133600.0,134.0,9.0
2012-12-03,1192.0,1826.0,117.0,969146757.0,1937544986.0,120475262.0,149.0,11.0
2012-12-04,1466.0,1536.0,128.0,1521382822.0,1633438719.0,36511600.0,66.0,17.0
2012-12-05,1579.0,1434.0,126.0,2852308451.0,1195390700.0,79366924.0,71.0,26.0
2012-12-06,1601.0,1416.0,135.0,1696346371.0,1365935911.0,75673065.0,62.0,23.0
2012-12-07,1643.0,1359.0,141.0,2169659315.0,833264475.0,44137001.0,73.0,21.0
2012-12-10,1678.0,1341.0,118.0,1564212200.0,1325816600.0,33058919.0,86.0,29.0
2012-12-11,2058.0,978.0,107.0,2378744200.0,1088961200.0,74412617.0,125.0,18.0
2012-12-12,1465.0,1579.0,99.0,2052681919.0,1512023784.0,68523231.0,122.0,22.0
2012-12-13,914.0,2111.0,117.0,957953212.0,2283441800.0,36929653.0,48.0,28.0
2012-12-14,1410.0,1598.0,126.0,1437111433.0,1568194500.0,110662600.0,58.0,27.0
2012-12-17,2045.0,1007.0,99.0,2688395800.0,645352897.0,47214652.0,90.0,29.0
2012-12-18,2257.0,816.0,79.0,3491063665.0,568377405.0,27480000.0,185.0,19.0
2012-12-19,1505.0,1528.0,123.0,1367232567.0,2313654800.0,89705820.0,172.0,16.0
2012-12-20,2057.0,963.0,133.0,2636229900.0,884207350.0,67496900.0,155.0,13.0
2012-12-21,994.0,2039.0,112.0,968319813.0,3725095065.0,94591896.0,89.0,20.0
2012-12-24,1192.0,1786.0,126.0,441318912.0,736879003.0,46035742.0,60.0,19.0
2012-12-26,1065.0,1963.0,123.0,1051965060.0,1149170192.0,44432078.0,66.0,20.0
2012-12-27,1380.0,1656.0,105.0,920613739.0,1815310721.0,67527964.0,50.0,35.0
2012-12-28,960.0,2084.0,99.0,400579394.0,1953239754.0,30183098.0,39.0,28.0
2012-12-31,2621.0,447.0,70.0,3018733633.0,102226248.0,15563030.0,119.0,27.0
2013-01-02,2815.0,291.0,38.0,3671587100.0,381880000.0,12171086.0,454.0,5.0
2013-01-03,1717.0,1339.0,103.0,1979239657.0,1689214610.0,63018477.0,293.0,6.0
2013-01-04,2324.0,714.0,110.0,2661828189.0,650891315.0,52244139.0,281.0,2.0
2013-01-07,1380.0,1651.0,110.0,1341194538.0,1841660600.0,54292851.0,193.0,6.0
2013-01-08,1502.0,1497.0,119.0,1235134670.0,2165920450.0,122754984.0,205.0,4.0
2013-01-09,2050.0,982.0,117.0,1830837864.0,1691181724.0,74490755.0,291.0,6.0
2013-01-10,1957.0,1042.0,126.0,3015015500.0,898331340.0,62793850.0,298.0,4.0
2013-01-11,1578.0,1439.0,119.0,1386676868.0,1840924943.0,46689327.0,261.0,3.0
2013-01-14,1495.0,1507.0,129.0,1245761201.0,1631198900.0,56895730.0,233.0,3.0
2013-01-15,1733.0,1291.0,112.0,2033941115.0,977830356.0,60262160.0,185.0,4.0
2013-01-16,1376.0,1630.0,131.0,1326732527.0,1712085700.0,63432829.0,165.0,6.0
2013-01-17,2298.0,714.0,122.0,2266731539.0,1263730100.0,97550415.0,379.0,2.0
2013-01-18,1943.0,1043.0,122.0,2171416097.0,1446623300.0,72520491.0,353.0,5.0
2013-01-22,2097.0,930.0,125.0,2569222582.0,871925422.0,46330000.0,445.0,8.0
2013-01-23,1450.0,1569.0,122.0,1564362485.0,1822833600.0,73753943.0,356.0,7.0
2013-01-24,1670.0,1330.0,126.0,1939319562.0,1572345482.0,94643643.0,464.0,12.0
2013-01-25,1859.0,1144.0,121.0,2384370530.0,954080355.0,51819001.0,353.0,12.0
2013-01-28,1310.0,1718.0,103.0,1284352551.0,1919062300.0,80694296.0,337.0,18.0
2013-01-29,1764.0,1260.0,116.0,2297951254.0,1444839900.0,105965794.0,303.0,11.0
2013-01-30,1013.0,1996.0,128.0,1221143366.0,2368097155.0,72668228.0,252.0,12.0
2013-01-31,1575.0,1444.0,117.0,1870910599.0,1940760949.0,77477986.0,197.0,13.0
2013-02-01,2338.0,704.0,96.0,2942359725.0,763516302.0,52146410.0,418.0,13.0
2013-02-04,657.0,2400.0,96.0,518850725.0,2786057764.0,28983083.0,128.0,11.0
2013-02-05,2227.0,829.0,94.0,2662457279.0,843839891.0,33149600.0,257.0,15.0
2013-02-06,1762.0,1251.0,127.0,2132896418.0,1295947400.0,54114514.0,206.0,6.0
2013-02-07,1274.0,1726.0,123.0,1174937140.0,2289691952.0,63786212.0,228.0,10.0
2013-02-08,2009.0,979.0,127.0,1804553443.0,1031498564.0,64990821.0,307.0,8.0
2013-02-11,1334.0,1669.0,126.0,1284623300.0,1265096313.0,66633734.0,209.0,14.0
2013-02-12,1948.0,1080.0,128.0,2190109127.0,1051563633.0,64375167.0,292.0,14.0
2013-02-13,1796.0,1262.0,118.0,1573213372.0,1661238574.0,65882127.0,338.0,6.0
2013-02-14,1505.0,1507.0,123.0,1916208100.0,1644024900.0,101730100.0,322.0,20.0
2013-02-15,1463.0,1550.0,129.0,1469216400.0,2224435255.0,49696776.0,308.0,29.0
2013-02-19,2087.0,938.0,111.0,2415944601.0,1132953257.0,26198675.0,412.0,24.0
2013-02-20,718.0,2349.0,95.0,353394997.0,3756886457.0,45607637.0,287.0,42.0
2013-02-21,937.0,2116.0,110.0,943354139.0,3195888596.0,69329130.0,62.0,43.0
2013-02-22,2247.0,745.0,114.0,2726897688.0,592495363.0,29277335.0,114.0,17.0
2013-02-25,675.0,2372.0,79.0,358417612.0,3530123612.0,10620000.0,151.0,26.0
2013-02-26,2000.0,1003.0,123.0,2687003511.0,1103622343.0,68660494.0,61.0,31.0
2013-02-27,2311.0,731.0,102.0,2962029300.0,475429300.0,21790000.0,161.0,16.0
2013-02-28,1541.0,1475.0,121.0,1751999322.0,1926663454.0,78857484.0,214.0,28.0
2013-03-01,1685.0,1315.0,137.0,1894732148.0,1642429132.0,101123341.0,161.0,45.0
2013-03-04,1685.0,1341.0,133.0,1967615528.0,1319269949.0,44796189.0,247.0,43.0
2013-03-05,2226.0,804.0,106.0,2793553200.0,672450457.0,62151352.0,443.0,30.0
2013-03-06,1677.0,1347.0,124.0,2425566130.0,1098591819.0,70595970.0,327.0,28.0
2013-03-07,1748.0,1290.0,114.0,2236213100.0,1261510600.0,35135986.0,245.0,7.0
2013-03-08,2011.0,998.0,120.0,2355671604.0,1159663796.0,40185009.0,358.0,13.0
2013-03-11,1626.0,1397.0,123.0,1826840024.0,1121336277.0,37601352.0,328.0,15.0
2013-03-12,1258.0,1793.0,110.0,1331098600.0,1771191311.0,61620452.0,244.0,20.0
2013-03-13,1715.0,1331.0,102.0,1578899509.0,1366148398.0,55613363.0,254.0,18.0
2013-03-14,2020.0,1006.0,105.0,2463675600.0,872094393.0,54501031.0,398.0,26.0
2013-03-15,1421.0,1626.0,103.0,2349589032.0,2527981800.0,49703968.0,347.0,36.0
2013-03-18,1198.0,1858.0,104.0,834005561.0,2203513700.0,69470100.0,168.0,21.0
2013-03-19,1297.0,1729.0,118.0,1374244188.0,2232564700.0,81578304.0,199.0,26.0
2013-03-20,2257.0,779.0,92.0,2423718143.0,754872861.0,79982843.0,332.0,18.0
2013-03-21,1054.0,1958.0,111.0,738374832.0,2411673032.0,29410000.0,210.0,18.0
2013-03-22,1877.0,1095.0,153.0,1758373200.0,998640800.0,97654241.0,222.0,13.0
2013-03-25,1237.0,1785.0,122.0,954444087.0,2095389125.0,50537486.0,315.0,26.0
2013-03-26,2085.0,938.0,113.0,1964728216.0,802730233.0,48094014.0,256.0,12.0
2013-03-27,1582.0,1425.0,137.0,1371927542.0,1449862641.0,41514826.0,217.0,23.0
2013-03-28,1883.0,1134.0,126.0,1932685800.0,1159200991.0,89506454.0,386.0,12.0
2013-04-01,948.0,2077.0,113.0,605774701.0,2041080269.0,51612428.0,240.0,27.0
2013-04-02,1457.0,1552.0,124.0,1361606683.0,1696915800.0,169634600.0,279.0,24.0
2013-04-03,654.0,2397.0,93.0,565171952.0,3374694500.0,33013305.0,125.0,48.0
2013-04-04,1872.0,1129.0,140.0,2256897288.0,951265402.0,58548831.0,99.0,34.0
2013-04-05,1431.0,1601.0,95.0,1683384000.0,1683529893.0,40529966.0,79.0,39.0
2013-04-08,2081.0,947.0,123.0,2188942288.0,601022448.0,32512992.0,190.0,15.0
2013-04-09,1745.0,1265.0,130.0,2025829836.0,1040465600.0,96149100.0,216.0,12.0
2013-04-10,2325.0,744.0,110.0,2543854489.0,794674031.0,40295112.0,319.0,8.0
2013-04-11,1851.0,1175.0,113.0,2027308400.0,1213601100.0,60983105.0,391.0,10.0
2013-04-12,1161.0,1821.0,150.0,936131350.0,2141279700.0,63681262.0,181.0,36.0
2013-04-15,383.0,2702.0,72.0,549723400.0,4001223700.0,6294881.0,92.0,87.0
2013-04-16,2495.0,566.0,102.0,3051529200.0,478760957.0,31719998.0,96.0,49.0
2013-04-17,674.0,2395.0,95.0,358966307.0,3766924100.0,42062438.0,60.0,101.0
2013-04-18,1331.0,1665.0,130.0,1600095357.0,2155244800.0,52703225.0,69.0,60.0
2013-04-19,2210.0,837.0,97.0,2389144416.0,1044977171.0,25830000.0,162.0,30.0
2013-04-22,1747.0,1271.0,118.0,1727858096.0,1096507665.0,89393302.0,157.0,42.0
2013-04-23,2437.0,621.0,89.0,2735188854.0,707744000.0,28360000.0,270.0,19.0
2013-04-24,1952.0,1058.0,130.0,2366778388.0,1107117800.0,38894300.0,273.0,8.0
2013-04-25,1949.0,1083.0,113.0,2573719500.0,1155678334.0,78239132.0,315.0,12.0
2013-04-26,1227.0,1776.0,108.0,1109957312.0,1982007529.0,34244859.0,161.0,13.0
2013-04-29,2230.0,807.0,104.0,2136492363.0,624558961.0,70603900.0,255.0,10.0
2013-04-30,1985.0,1022.0,116.0,2177743278.0,1383866227.0,78898202.0,324.0,16.0
2013-05-01,866.0,2193.0,104.0,617894015.0,2794855000.0,45407103.0,254.0,17.0
2013-05-02,2331.0,722.0,102.0,2442538719.0,820843088.0,34420000.0,285.0,14.0
2013-05-03,2215.0,834.0,108.0,2729337804.0,736351095.0,61973952.0,483.0,12.0
2013-05-06,1821.0,1206.0,139.0,2051381883.0,927200506.0,29082967.0,307.0,11.0
2013-05-07,2285.0,801.0,98.0,2274145073.0,911368800.0,44123434.0,467.0,11.0
2013-05-08,1983.0,1046.0,138.0,2390141094.0,1060547306.0,38497804.0,520.0,12.0
2013-05-09,1075.0,1943.0,130.0,1135930985.0,2180478692.0,53230000.0,418.0,13.0
2013-05-10,1903.0,1124.0,132.0,1990739721.0,979101582.0,49780116.0,340.0,17.0
2013-05-13,1190.0,1863.0,109.0,1192748198.0,1639886606.0,20840000.0,302.0,16.0
2013-05-14,2065.0,1010.0,103.0,2545676500.0,768184077.0,61923527.0,495.0,14.0
2013-05-15,1668.0,1379.0,110.0,2348526200.0,1190227859.0,34370351.0,535.0,28.0
2013-05-16,1203.0,1837.0,138.0,1012653207.0,2363488600.0,50831137.0,379.0,42.0
2013-05-17,2185.0,844.0,132.0,2682022356.0,663976945.0,27082380.0,447.0,29.0
2013-05-20,1736.0,1305.0,110.0,1962241234.0,1220022067.0,28937435.0,497.0,25.0
2013-05-21,1633.0,1388.0,134.0,1714378832.0,1632328300.0,89529885.0,412.0,22.0
2013-05-22,686.0,2362.0,98.0,998160000.0,3228000298.0,38787630.0,489.0,21.0
2013-05-23,1240.0,1772.0,140.0,1468683677.0,2224959933.0,65633225.0,46.0,36.0
2013-05-24,1320.0,1661.0,130.0,1048919198.0,1570809100.0,74336290.0,64.0,22.0
2013-05-28,1814.0,1278.0,66.0,2139492672.0,1154708033.0,58912040.0,262.0,43.0
2013-05-29,630.0,2465.0,71.0,1260052017.0,2171693191.0,63742254.0,73.0,131.0
2013-05-30,1817.0,1208.0,121.0,2256583100.0,1110673290.0,54763778.0,146.0,69.0
2013-05-31,475.0,2608.0,70.0,497103113.0,3378682568.0,33425728.0,97.0,162.0
2013-06-03,1374.0,1701.0,80.0,2136194139.0,1666137913.0,60354273.0,75.0,245.0
2013-06-04,1115.0,1921.0,98.0,1107204501.0,2391728725.0,41103625.0,87.0,134.0
2013-06-05,582.0,2504.0,74.0,419270258.0,3132890625.0,20733869.0,25.0,87.0
2013-06-06,2371.0,670.0,84.0,2863680700.0,553585055.0,19610000.0,24.0,63.0
2013-06-07,2112.0,953.0,83.0,2388923045.0,863867700.0,18680000.0,92.0,21.0
2013-06-10,1356.0,1700.0,100.0,1407586550.0,1427914025.0,31445718.0,115.0,94.0
2013-06-11,416.0,2685.0,64.0,599422500.0,2684758558.0,16296500.0,39.0,272.0
2013-06-12,604.0,2492.0,69.0,619868591.0,2429267740.0,85051578.0,40.0,286.0
2013-06-13,2594.0,471.0,60.0,2874193900.0,371551675.0,8760000.0,72.0,355.0
2013-06-14,1393.0,1667.0,87.0,937317599.0,1865500641.0,47191000.0,83.0,32.0
2013-06-17,2058.0,1016.0,85.0,2167531800.0,846190008.0,46318606.0,140.0,22.0
2013-06-18,2076.0,986.0,85.0,2382307900.0,631687295.0,31217496.0,160.0,59.0
2013-06-19,466.0,2598.0,76.0,290330494.0,3125802437.0,24688618.0,117.0,93.0
2013-06-20,170.0,2976.0,34.0,243225848.0,133290004.0,3360000.0,17.0,380.0
2013-06-21,1537.0,1543.0,87.0,2587853200.0,2860650936.0,95136326.0,33.0,281.0
2013-06-24,404.0,2705.0,59.0,416688000.0,4059759400.0,59020570.0,19.0,575.0
2013-06-25,2471.0,620.0,72.0,3144694900.0,472933044.0,20254800.0,36.0,150.0
2013-06-26,2355.0,766.0,63.0,2532694933.0,928119360.0,16460000.0,63.0,60.0
2013-06-27,2625.0,486.0,60.0,2643544557.0,615520754.0,28646828.0,93.0,32.0
2013-06-28,1524.0,1496.0,106.0,1865849709.0,2451476345.0,89442728.0,92.0,27.0
2013-07-01,2195.0,872.0,82.0,2081573266.0,923551622.0,37009739.0,168.0,11.0
2013-07-02,1199.0,1882.0,77.0,1260345435.0,1945351494.0,15025191.0,120.0,33.0
2013-07-03,1167.0,1829.0,91.0,878020755.0,980488578.0,48727830.0,53.0,42.0
2013-07-05,1737.0,1332.0,79.0,1651536900.0,907234411.0,29724100.0,208.0,85.0
2013-07-08,1784.0,1297.0,88.0,2057287400.0,1216469750.0,18965411.0,276.0,47.0
2013-07-09,2256.0,802.0,101.0,2338592828.0,685557031.0,44427474.0,282.0,37.0
2013-07-10,1613.0,1425.0,124.0,1275197487.0,1583839407.0,88663655.0,193.0,37.0
2013-07-11,2701.0,413.0,41.0,2932567370.0,440318939.0,6681178.0,371.0,11.0
2013-07-12,1528.0,1516.0,109.0,1648082853.0,1249580578.0,71425354.0,254.0,17.0
2013-07-15,1902.0,1166.0,92.0,1614739993.0,902306200.0,31895922.0,318.0,21.0
2013-07-16,1057.0,1963.0,113.0,1119071100.0,1822015697.0,49617451.0,183.0,20.0
2013-07-17,1990.0,1031.0,121.0,1981304357.0,1030534289.0,73595450.0,165.0,13.0
2013-07-18,2070.0,966.0,106.0,2362758004.0,979224621.0,17800000.0,330.0,15.0
2013-07-19,1542.0,1491.0,112.0,1672067521.0,1490158219.0,53932190.0,257.0,18.0
2013-07-22,1729.0,1290.0,114.0,1740086958.0,936381101.0,44981832.0,325.0,66.0
2013-07-23,1728.0,1321.0,104.0,1693176294.0,1259006866.0,57662646.0,266.0,28.0
2013-07-24,747.0,2322.0,91.0,868515300.0,2353024552.0,51583216.0,207.0,62.0
2013-07-25,1721.0,1319.0,95.0,1921250800.0,1251936774.0,63810224.0,162.0,111.0
2013-07-26,1434.0,1594.0,105.0,1313880200.0,1349114571.0,27991376.0,110.0,44.0
2013-07-29,920.0,2142.0,83.0,973384552.0,1738703649.0,32826475.0,93.0,42.0
2013-07-30,1570.0,1470.0,116.0,1474979431.0,1621956700.0,150794340.0,121.0,42.0
2013-07-31,1554.0,1476.0,102.0,1691559215.0,2009195884.0,57725246.0,205.0,73.0
2013-08-01,1914.0,1156.0,66.0,2796074079.0,823513966.0,49467841.0,400.0,84.0
2013-08-02,1558.0,1491.0,102.0,1563217751.0,1458771800.0,52753809.0,208.0,55.0
2013-08-05,1259.0,1787.0,95.0,1102844671.0,1326898942.0,51194388.0,206.0,111.0
2013-08-06,759.0,2303.0,93.0,694785607.0,2339674700.0,33538710.0,124.0,191.0
2013-08-07,934.0,2112.0,108.0,872908054.0,2045615000.0,45598895.0,60.0,178.0
2013-08-08,1980.0,1056.0,116.0,2322072399.0,817362884.0,29652842.0,152.0,93.0
2013-08-09,1462.0,1555.0,122.0,1409802667.0,1458878900.0,34301956.0,129.0,109.0
2013-08-12,1636.0,1417.0,98.0,1364916086.0,1306667000.0,53067100.0,107.0,64.0
2013-08-13,1247.0,1823.0,91.0,1269766908.0,1653136977.0,48158010.0,139.0,198.0
2013-08-14,991.0,2071.0,102.0,1117557417.0,1624299495.0,70391738.0,102.0,253.0
2013-08-15,483.0,2645.0,57.0,834934226.0,2459932334.0,36479653.0,21.0,390.0
2013-08-16,1075.0,1990.0,70.0,1049519700.0,2032723478.0,39150338.0,29.0,341.0
2013-08-19,591.0,2514.0,65.0,415357169.0,2432748859.0,14310000.0,17.0,473.0
2013-08-20,2373.0,725.0,79.0,2175511440.0,689877800.0,35007699.0,28.0,272.0
2013-08-21,841.0,2208.0,99.0,605979161.0,2236000468.0,34647721.0,29.0,150.0
2013-08-22,2589.0,506.0,73.0,2027457200.0,373720700.0,40308200.0,67.0,71.0
2013-08-23,2079.0,985.0,86.0,1645815920.0,751093711.0,116001224.0,66.0,36.0
2013-08-26,1261.0,1771.0,110.0,887262930.0,1450645119.0,55560278.0,93.0,20.0
2013-08-27,605.0,2481.0,66.0,249153775.0,2873036534.0,22022745.0,14.0,80.0
2013-08-28,1699.0,1336.0,120.0,1496655072.0,1155680500.0,67718542.0,26.0,70.0
2013-08-29,1943.0,1087.0,109.0,1555506779.0,860021764.0,48755752.0,27.0,33.0
2013-08-30,905.0,2113.0,102.0,726967451.0,1879627801.0,42818642.0,19.0,49.0
2013-09-03,1676.0,1401.0,85.0,2423222400.0,1146613100.0,69950148.0,50.0,62.0
2013-09-04,2185.0,876.0,97.0,2431857700.0,692710231.0,65784607.0,69.0,36.0
2013-09-05,1443.0,1620.0,85.0,1821675800.0,1032001579.0,25332291.0,92.0,49.0
2013-09-06,1754.0,1273.0,111.0,1797129997.0,1191525500.0,67974725.0,106.0,40.0
2013-09-09,2461.0,615.0,78.0,2581937200.0,400263055.0,18474407.0,150.0,26.0
2013-09-10,2007.0,1059.0,92.0,2555510037.0,959117312.0,38424000.0,211.0,40.0
2013-09-11,1685.0,1352.0,105.0,1822026100.0,1158358121.0,78870397.0,174.0,68.0
2013-09-12,995.0,2058.0,96.0,940628825.0,2069715900.0,29531369.0,137.0,66.0
2013-09-13,1852.0,1172.0,123.0,1634434700.0,957204794.0,58441262.0,87.0,58.0
2013-09-16,2078.0,967.0,97.0,1977786765.0,974220606.0,64353799.0,236.0,26.0
2013-09-17,2052.0,1010.0,94.0,1949761811.0,706844604.0,58531100.0,158.0,34.0
2013-09-18,2627.0,449.0,50.0,3398342427.0,478648400.0,35020000.0,325.0,30.0
2013-09-19,1276.0,1774.0,101.0,1344044420.0,2269687865.0,45536443.0,339.0,14.0
2013-09-20,879.0,2218.0,81.0,929038214.0,3815837972.0,33417000.0,171.0,33.0
2013-09-23,1285.0,1754.0,106.0,969645930.0,2057791000.0,44180526.0,80.0,36.0
2013-09-24,1683.0,1357.0,113.0,1530485050.0,1612463400.0,51939356.0,143.0,26.0
2013-09-25,1533.0,1513.0,103.0,1534319578.0,1495468902.0,48408394.0,111.0,20.0
2013-09-26,1907.0,1102.0,133.0,1552651297.0,1118023074.0,86109213.0,118.0,22.0
2013-09-27,999.0,2015.0,130.0,753513204.0,2073918100.0,63853729.0,72.0,30.0
2013-09-30,1213.0,1830.0,95.0,961757546.0,2207497300.0,36758916.0,67.0,37.0
2013-10-01,2193.0,831.0,114.0,2454522700.0,650371669.0,34330000.0,202.0,23.0
2013-10-02,1327.0,1700.0,122.0,1753449128.0,1278920900.0,39333153.0,117.0,33.0
2013-10-03,653.0,2409.0,84.0,627878614.0,2496163405.0,73985500.0,101.0,43.0
2013-10-04,2015.0,1032.0,97.0,2027595300.0,766228500.0,13537890.0,140.0,30.0
2013-10-07,667.0,2417.0,82.0,657559400.0,1933823892.0,28057995.0,51.0,45.0
2013-10-08,583.0,2446.0,122.0,397483600.0,3056067401.0,43893015.0,43.0,61.0
2013-10-09,1461.0,1573.0,127.0,1814163964.0,1664364443.0,40394562.0,29.0,87.0
2013-10-10,2647.0,450.0,54.0,2997134941.0,269492306.0,24861088.0,111.0,25.0
2013-10-11,2268.0,812.0,73.0,1946383113.0,922649800.0,21690000.0,183.0,27.0
2013-10-14,1749.0,1252.0,148.0,1697933852.0,804570532.0,48588635.0,189.0,32.0
2013-10-15,714.0,2341.0,87.0,882777627.0,2328100358.0,52440868.0,160.0,55.0
2013-10-16,2436.0,613.0,86.0,2860716512.0,509294694.0,79354856.0,270.0,47.0
2013-10-17,2564.0,527.0,63.0,2658975320.0,668083500.0,72490527.0,327.0,22.0
2013-10-18,2208.0,867.0,81.0,2288903280.0,1245118357.0,39740000.0,471.0,24.0
2013-10-21,1464.0,1585.0,106.0,1234568445.0,1722543226.0,56931865.0,356.0,12.0
2013-10-22,2257.0,820.0,71.0,2435423966.0,1170431500.0,135819754.0,428.0,5.0
2013-10-23,1378.0,1676.0,102.0,1138484343.0,2448308800.0,62501633.0,154.0,10.0
2013-10-24,1765.0,1285.0,90.0,2061784107.0,1476160600.0,38940000.0,225.0,9.0
2013-10-25,1774.0,1289.0,90.0,1871448481.0,1179907800.0,45195056.0,251.0,13.0
2013-10-28,1391.0,1649.0,105.0,1409617600.0,1737045807.0,26355663.0,189.0,11.0
2013-10-29,1870.0,1178.0,100.0,2102891900.0,1146387356.0,30993760.0,232.0,7.0
2013-10-30,913.0,2158.0,90.0,1207067100.0,2173615100.0,65923734.0,222.0,13.0
2013-10-31,1206.0,1862.0,89.0,1295162481.0,2409691233.0,32052112.0,140.0,26.0
2013-11-01,1394.0,1674.0,78.0,1942357397.0,1594123800.0,70470104.0,105.0,23.0
2013-11-04,2044.0,1005.0,107.0,2309499300.0,776881700.0,29702635.0,148.0,15.0
2013-11-05,992.0,2092.0,81.0,1021407965.0,2351689100.0,50675488.0,134.0,32.0
2013-11-06,1630.0,1427.0,114.0,1778696269.0,1473595900.0,36559474.0,174.0,25.0
2013-11-07,686.0,2402.0,87.0,542575360.0,3494161300.0,21920000.0,119.0,42.0
2013-11-08,1766.0,1322.0,65.0,2749809864.0,993826404.0,17564621.0,115.0,61.0
2013-11-11,1585.0,1444.0,122.0,1415818304.0,1048964433.0,30370000.0,131.0,36.0
2013-11-12,1127.0,1945.0,99.0,1216560185.0,1847121523.0,39442639.0,102.0,47.0
2013-11-13,2084.0,966.0,96.0,2603059939.0,589705610.0,37170000.0,165.0,51.0
2013-11-14,1999.0,1052.0,113.0,2153738405.0,890680800.0,40074426.0,248.0,22.0
2013-11-15,1999.0,1044.0,115.0,2184629600.0,941155200.0,50840000.0,238.0,17.0
2013-11-18,1201.0,1874.0,106.0,985988850.0,1924402678.0,202572916.0,282.0,21.0
2013-11-19,965.0,2106.0,107.0,975894594.0,2107496113.0,61600332.0,80.0,44.0
2013-11-20,1016.0,2007.0,90.0,1084962000.0,1921630894.0,49407217.0,74.0,70.0
2013-11-21,2275.0,804.0,74.0,2281831176.0,860777248.0,25123861.0,151.0,74.0
2013-11-22,1872.0,1178.0,124.0,1879439324.0,1021199777.0,64332000.0,225.0,55.0
2013-11-25,1361.0,1699.0,120.0,1315624100.0,1584912464.0,39340000.0,247.0,63.0
2013-11-26,1690.0,1322.0,113.0,1629379252.0,1593433469.0,44361794.0,192.0,67.0
2013-11-27,1908.0,1146.0,107.0,1597014984.0,947124400.0,27641108.0,196.0,36.0
2013-11-29,1657.0,1322.0,120.0,770220000.0,706200000.0,56956201.0,218.0,16.0
2013-12-02,869.0,2204.0,92.0,986944947.0,1972280103.0,74181239.0,157.0,68.0
2013-12-03,1178.0,1893.0,83.0,1109719253.0,2239147200.0,35240127.0,52.0,87.0
2013-12-04,1146.0,1888.0,95.0,1718655547.0,1726693182.0,61365660.0,61.0,94.0
2013-12-05,1045.0,2021.0,91.0,1085740319.0,2145594104.0,18670000.0,54.0,136.0
2013-12-06,2214.0,867.0,81.0,2147254763.0,919700099.0,19930000.0,144.0,103.0
2013-12-09,1534.0,1506.0,119.0,1881400100.0,1124657188.0,44675342.0,155.0,64.0
2013-12-10,1222.0,1843.0,102.0,1209891774.0,1796724855.0,27777925.0,105.0,79.0
2013-12-11,597.0,2516.0,59.0,461053494.0,2922838587.0,18560000.0,50.0,172.0
2013-12-12,1262.0,1786.0,116.0,1247209531.0,1830597226.0,163017380.0,31.0,263.0
2013-12-13,1738.0,1307.0,114.0,1469159188.0,1390187200.0,118543336.0,55.0,117.0
2013-12-16,2070.0,1037.0,97.0,2155160831.0,885743002.0,69892855.0,112.0,81.0
2013-12-17,1405.0,1640.0,118.0,1343398190.0,1786815412.0,31076559.0,75.0,87.0
2013-12-18,2424.0,685.0,68.0,3342992007.0,830297568.0,37261139.0,183.0,85.0
2013-12-19,1291.0,1797.0,88.0,1548045844.0,1820000000.0,47920000.0,167.0,90.0
2013-12-20,2350.0,764.0,80.0,3355305507.0,1468857947.0,86675700.0,282.0,42.0
2013-12-23,2203.0,913.0,77.0,2054936899.0,726464359.0,25679944.0,346.0,37.0
2013-12-24,2005.0,1015.0,112.0,945076389.0,301334118.0,28372017.0,299.0,30.0
2013-12-26,1633.0,1426.0,99.0,1268912910.0,628962912.0,43574767.0,362.0,41.0
2013-12-27,1568.0,1459.0,102.0,1179062693.0,754310000.0,44519794.0,248.0,58.0
2013-12-30,1507.0,1582.0,88.0,1022451272.0,1151357623.0,63062002.0,185.0,52.0
2013-12-31,2018.0,1087.0,91.0,1635237154.0,586565962.0,32976873.0,265.0,31.0
2014-01-02,1039.0,2080.0,67.0,975545995.0,2011062500.0,30240000.0,90.0,31.0
2014-01-03,1974.0,1106.0,97.0,1441785643.0,1229212169.0,60948705.0,95.0,15.0
2014-01-06,1442.0,1674.0,69.0,1382474525.0,1777754712.0,38543068.0,135.0,15.0
2014-01-07,2050.0,1050.0,83.0,2036600900.0,1325322466.0,49625942.0,141.0,10.0
2014-01-08,1322.0,1726.0,117.0,1770530784.0,1725114300.0,67623946.0,159.0,17.0
2014-01-09,1614.0,1460.0,111.0,1698192815.0,1761117195.0,48189597.0,213.0,23.0
2014-01-10,2215.0,872.0,84.0,2145161373.0,1101556411.0,44428845.0,215.0,12.0
2014-01-13,862.0,2227.0,64.0,644091442.0,2834018319.0,37728822.0,156.0,25.0
2014-01-14,2169.0,917.0,97.0,2586775400.0,674675677.0,31177100.0,111.0,18.0
2014-01-15,1997.0,1054.0,127.0,2519738400.0,1107290200.0,61880000.0,252.0,20.0
2014-01-16,1774.0,1307.0,99.0,1515606953.0,1890453600.0,31564926.0,201.0,24.0
2014-01-17,1268.0,1789.0,96.0,1211018247.0,2285440700.0,55470000.0,186.0,20.0
2014-01-21,2034.0,1069.0,98.0,2056495956.0,1485493850.0,166131400.0,238.0,23.0
2014-01-22,2013.0,1088.0,113.0,1875360590.0,1386800100.0,52130000.0,189.0,26.0
2014-01-23,1037.0,2079.0,78.0,903387220.0,2975824300.0,15217922.0,95.0,39.0
2014-01-24,428.0,2721.0,68.0,290551490.0,4215308000.0,26215554.0,29.0,73.0
2014-01-27,811.0,2310.0,75.0,1118713600.0,2753298427.0,75103040.0,25.0,78.0
2014-01-28,2307.0,773.0,101.0,2687038300.0,605539377.0,48005819.0,27.0,42.0
2014-01-29,722.0,2387.0,87.0,842705181.0,3007803600.0,32800000.0,26.0,96.0
2014-01-30,2380.0,733.0,95.0,2414535140.0,992844733.0,58000337.0,73.0,46.0
2014-01-31,1162.0,1920.0,114.0,1120032930.0,2791213700.0,51157525.0,55.0,87.0
2014-02-03,471.0,2644.0,69.0,268818397.0,71129804.0,14209929.0,37.0,131.0
2014-02-04,2116.0,969.0,109.0,2814837571.0,1009640543.0,155630196.0,21.0,64.0
2014-02-05,1274.0,1789.0,115.0,1619445082.0,2250000000.0,38340000.0,23.0,80.0
2014-02-06,2343.0,758.0,103.0,2915039600.0,778039200.0,43103459.0,43.0,35.0
2014-02-07,2400.0,699.0,103.0,2992934346.0,645502107.0,48317486.0,71.0,14.0
2014-02-10,1806.0,1286.0,111.0,1517608080.0,1675948900.0,44390000.0,65.0,16.0
2014-02-11,2418.0,685.0,93.0,2959339132.0,634127700.0,25260000.0,92.0,17.0
2014-02-12,1762.0,1334.0,106.0,1631881065.0,1596168704.0,40789227.0,113.0,18.0
2014-02-13,2221.0,787.0,117.0,2289462898.0,741916281.0,159754168.0,148.0,21.0
2014-02-14,2020.0,1009.0,111.0,1941658485.0,1039344726.0,39145150.0,151.0,13.0
2014-02-18,1668.0,1003.0,110.0,1860850200.0,1409080900.0,58855700.0,213.0,19.0
2014-02-19,1081.0,1951.0,92.0,1114877865.0,2396556214.0,41771400.0,162.0,15.0
2014-02-20,1963.0,1039.0,111.0,2443400207.0,822140078.0,61342784.0,136.0,24.0
2014-02-21,1706.0,1304.0,117.0,1622033197.0,1645971611.0,61287892.0,185.0,11.0
2014-02-24,1874.0,1159.0,105.0,2351125728.0,1187316637.0,32834646.0,254.0,16.0
2014-02-25,1373.0,1634.0,117.0,1418129630.0,1904106162.0,71241839.0,134.0,18.0
2014-02-26,1842.0,1180.0,107.0,1990175842.0,1585198613.0,33389303.0,176.0,22.0
2014-02-27,2031.0,980.0,108.0,2425472666.0,956632503.0,63074588.0,135.0,16.0
2014-02-28,1818.0,1208.0,101.0,2085407828.0,1615383237.0,94685732.0,229.0,19.0
2014-03-03,1009.0,2006.0,114.0,849687615.0,2461798125.0,30232583.0,86.0,19.0
2014-03-04,2542.0,536.0,83.0,3185159672.0,446597549.0,21459889.0,302.0,10.0
2014-03-05,1436.0,1553.0,119.0,1812795634.0,1453467074.0,26257197.0,195.0,8.0
2014-03-06,1701.0,1312.0,105.0,2061710950.0,1181564876.0,30952855.0,261.0,6.0
2014-03-07,1247.0,1765.0,88.0,1481734949.0,1965914886.0,23513882.0,205.0,9.0
2014-03-10,1300.0,1713.0,103.0,1049770655.0,1861414578.0,33301350.0,99.0,23.0
2014-03-11,979.0,2054.0,105.0,956680549.0,2307866932.0,35918447.0,109.0,29.0
2014-03-12,1759.0,1296.0,78.0,1627112565.0,1489467293.0,60416982.0,55.0,40.0
2014-03-13,972.0,2084.0,73.0,559765487.0,2974416240.0,52182239.0,74.0,40.0
2014-03-14,1715.0,1276.0,128.0,1444849542.0,1711314308.0,43304595.0,56.0,40.0
2014-03-17,2182.0,834.0,105.0,2066971040.0,683102708.0,42330680.0,116.0,16.0
2014-03-18,2346.0,718.0,75.0,2243592411.0,594461842.0,16869004.0,143.0,11.0
2014-03-19,750.0,2321.0,74.0,935784719.0,2230548778.0,30974195.0,122.0,24.0
2014-03-20,1468.0,1553.0,105.0,2024746084.0,1143188372.0,68197935.0,97.0,29.0
2014-03-21,1776.0,1267.0,92.0,2498063830.0,2403462095.0,68380358.0,195.0,20.0
2014-03-24,1142.0,1941.0,81.0,1132030447.0,2147821360.0,44665946.0,65.0,19.0
2014-03-25,1774.0,1245.0,127.0,1797168691.0,1231642097.0,83784899.0,85.0,15.0
2014-03-26,1023.0,2039.0,76.0,709142478.0,2633474627.0,42342300.0,91.0,29.0
2014-03-27,1625.0,1423.0,105.0,1894355121.0,1664645383.0,76657369.0,50.0,29.0
2014-03-28,2162.0,866.0,112.0,2111599480.0,738139251.0,38561161.0,75.0,13.0
2014-03-31,2319.0,737.0,99.0,2371122038.0,693177758.0,93350765.0,143.0,8.0
2014-04-01,2195.0,886.0,82.0,2312241925.0,895340781.0,17785335.0,173.0,6.0
2014-04-02,1721.0,1304.0,118.0,2024391755.0,971530961.0,42204979.0,189.0,1.0
2014-04-03,1220.0,1802.0,119.0,1208639285.0,1690278831.0,71757828.0,164.0,7.0
2014-04-04,1043.0,1999.0,97.0,974948886.0,2491464208.0,31341450.0,180.0,12.0
2014-04-07,829.0,2233.0,90.0,657579084.0,3003059586.0,54002997.0,27.0,20.0
2014-04-08,2066.0,967.0,124.0,2430201746.0,1143306639.0,47255318.0,33.0,14.0
2014-04-09,2225.0,812.0,111.0,2321789829.0,852530885.0,41901950.0,83.0,10.0
2014-04-10,661.0,2391.0,100.0,410357608.0,3154724267.0,38788325.0,63.0,31.0
2014-04-11,855.0,2189.0,89.0,662533317.0,2942049125.0,63165270.0,23.0,53.0
2014-04-14,1988.0,1028.0,129.0,2245998572.0,750879948.0,46193700.0,60.0,48.0
2014-04-15,1841.0,1187.0,111.0,2306300642.0,1327090887.0,26029350.0,63.0,61.0
2014-04-16,2409.0,630.0,106.0,2326930828.0,711347044.0,38405750.0,104.0,16.0
2014-04-17,1782.0,1279.0,97.0,1981294716.0,1217370166.0,41689700.0,131.0,18.0
2014-04-21,1889.0,1177.0,109.0,1513283969.0,1013588396.0,44394350.0,103.0,14.0
2014-04-22,2227.0,819.0,100.0,2202455213.0,870365256.0,57172867.0,128.0,4.0
2014-04-23,1482.0,1583.0,102.0,1415081996.0,1542235949.0,40661292.0,140.0,6.0
2014-04-24,1535.0,1482.0,134.0,1455791883.0,1592434812.0,62044032.0,133.0,16.0
2014-04-25,1018.0,2026.0,98.0,722259111.0,2400117824.0,20703383.0,68.0,27.0
2014-04-28,1254.0,1439.0,115.0,1619050000.0,2250611036.0,32102800.0,87.0,48.0
2014-04-29,1820.0,1230.0,98.0,2313160242.0,1181151419.0,24598539.0,122.0,28.0
2014-04-30,2028.0,1023.0,112.0,2211783270.0,1392236405.0,44505681.0,107.0,37.0
2014-05-01,1751.0,1323.0,105.0,1705678681.0,1572205795.0,42808038.0,133.0,34.0
2014-05-02,1723.0,1312.0,125.0,1794579551.0,1237593218.0,43931000.0,130.0,16.0
2014-05-05,1484.0,1539.0,129.0,1110155900.0,1503472481.0,41448970.0,88.0,29.0
2014-05-06,962.0,2110.0,97.0,764652330.0,2405815049.0,47664503.0,94.0,38.0
2014-05-07,1982.0,1077.0,105.0,2151901043.0,1344489485.0,32839942.0,142.0,78.0
2014-05-08,1277.0,1790.0,101.0,1338243363.0,1944131808.0,26844521.0,150.0,49.0
2014-05-09,1674.0,1332.0,120.0,1361076725.0,1567117602.0,25219400.0,69.0,60.0
2014-05-12,2409.0,648.0,99.0,2438066224.0,464901016.0,32272727.0,163.0,14.0
2014-05-13,1355.0,1705.0,92.0,1296615165.0,1471710784.0,38474143.0,147.0,20.0
2014-05-14,1155.0,1904.0,99.0,858983145.0,1843580123.0,39288980.0,79.0,24.0
2014-05-15,925.0,2142.0,99.0,669342189.0,2731951775.0,46751265.0,53.0,55.0
2014-05-16,2039.0,994.0,100.0,1797579468.0,1240523435.0,44595500.0,80.0,36.0
2014-05-19,1972.0,1082.0,103.0,1582243815.0,979216256.0,11236900.0,103.0,12.0
2014-05-20,888.0,2177.0,84.0,546201751.0,2332752757.0,32793150.0,80.0,37.0
2014-05-21,1956.0,1065.0,120.0,1901511905.0,740093686.0,54400500.0,99.0,36.0
2014-05-22,1962.0,1080.0,121.0,1665788623.0,946670743.0,61397516.0,119.0,16.0
2014-05-23,2076.0,965.0,120.0,1548988208.0,711082409.0,70388489.0,123.0,10.0
2014-05-27,2110.0,985.0,106.0,1902125700.0,911421388.0,25330000.0,226.0,19.0
2014-05-28,1607.0,1484.0,107.0,1349421868.0,1460000000.0,77094078.0,150.0,27.0
2014-05-29,2068.0,1023.0,113.0,1866640384.0,727369659.0,54760000.0,191.0,17.0
2014-05-30,1552.0,1514.0,121.0,1508214300.0,1576201972.0,59590821.0,191.0,28.0
2014-06-02,1454.0,1619.0,127.0,1269197605.0,1122951242.0,76124728.0,231.0,26.0
2014-06-03,1163.0,1926.0,120.0,1300000000.0,1422474613.0,65858537.0,163.0,29.0
2014-06-04,1571.0,1484.0,104.0,1498311454.0,1112147210.0,87975815.0,182.0,23.0
2014-06-05,2387.0,672.0,79.0,2219497378.0,763878898.0,28029200.0,308.0,19.0
2014-06-06,2243.0,791.0,115.0,1913688089.0,832949550.0,20307550.0,364.0,8.0
2014-06-09,1840.0,1186.0,125.0,1585357782.0,1059953692.0,59098823.0,306.0,5.0
2014-06-10,1279.0,1756.0,128.0,1275012951.0,1297907561.0,50902176.0,147.0,8.0
2014-06-11,1147.0,1904.0,91.0,979990588.0,1618868076.0,26515429.0,107.0,8.0
2014-06-12,1259.0,1785.0,105.0,872993260.0,2012602352.0,70417700.0,108.0,12.0
2014-06-13,1728.0,1301.0,103.0,1694610234.0,750194434.0,78020771.0,104.0,13.0
2014-06-16,1542.0,1509.0,113.0,1434221211.0,1373430222.0,41222750.0,162.0,7.0
2014-06-17,1891.0,1154.0,110.0,1942586482.0,878838666.0,66053341.0,151.0,11.0
2014-06-18,2222.0,826.0,115.0,2385965827.0,542792688.0,48843750.0,202.0,10.0
2014-06-19,1434.0,1301.0,117.0,1589788100.0,1243550225.0,39221689.0,240.0,10.0
2014-06-20,1747.0,1315.0,102.0,2114169661.0,1924332972.0,77797756.0,321.0,18.0
2014-06-23,1491.0,1548.0,132.0,1327276356.0,1269789943.0,48183080.0,253.0,18.0
2014-06-24,1130.0,1946.0,105.0,641223694.0,2329297252.0,34485562.0,191.0,23.0
2014-06-25,2116.0,943.0,115.0,1987326945.0,970746786.0,53363350.0,156.0,26.0
2014-06-26,1602.0,1453.0,116.0,1284283338.0,1324409562.0,80739450.0,166.0,18.0
2014-06-27,2030.0,1028.0,90.0,2026640362.0,1526085374.0,46597543.0,215.0,10.0
2014-06-30,1829.0,1219.0,122.0,1582519847.0,1273433734.0,65684136.0,274.0,9.0
2014-07-01,2072.0,1039.0,110.0,2032307046.0,968669512.0,55770000.0,364.0,6.0
2014-07-02,1146.0,1948.0,116.0,1378987081.0,1322895889.0,67314217.0,194.0,10.0
2014-07-03,1757.0,1335.0,106.0,1319948941.0,585916805.0,40510000.0,191.0,7.0
2014-07-07,963.0,2175.0,84.0,589753589.0,1995109977.0,43659865.0,102.0,10.0
2014-07-08,1211.0,1900.0,108.0,862973088.0,2262564566.0,68357168.0,61.0,19.0
2014-07-09,1780.0,1301.0,117.0,1897551564.0,860783778.0,34078199.0,100.0,17.0
2014-07-10,945.0,2173.0,98.0,818906862.0,2233549856.0,42076169.0,89.0,33.0
2014-07-11,1682.0,1407.0,101.0,1339622291.0,1244713555.0,43122866.0,110.0,19.0
2014-07-14,1980.0,1134.0,97.0,1738659089.0,892985915.0,50631143.0,173.0,12.0
2014-07-15,1064.0,2027.0,112.0,1208779932.0,1955607166.0,89419011.0,105.0,25.0
2014-07-16,1674.0,1348.0,160.0,786276141.0,238043538.0,21580277.0,117.0,21.0
2014-07-17,596.0,2476.0,118.0,330795591.0,596458510.0,14456773.0,88.0,27.0
2014-07-18,2535.0,571.0,102.0,633803447.0,394658564.0,26859760.0,134.0,19.0
2014-07-21,1137.0,1943.0,115.0,973711264.0,935968430.0,37597389.0,94.0,29.0
2014-07-22,2116.0,958.0,123.0,828412815.0,502504448.0,64595298.0,176.0,17.0
2014-07-23,1779.0,1293.0,127.0,1298927530.0,793507156.0,71062162.0,190.0,26.0
2014-07-24,1441.0,1625.0,133.0,1362068172.0,834563344.0,26769128.0,210.0,21.0
2014-07-25,1033.0,2031.0,128.0,853660000.0,1059131527.0,18487822.0,93.0,46.0
2014-07-28,1325.0,1742.0,140.0,1129308919.0,956045468.0,34563170.0,94.0,60.0
2014-07-29,1216.0,1846.0,137.0,1115774809.0,1192644790.0,20981617.0,106.0,50.0
2014-07-30,1194.0,1884.0,119.0,1548522955.0,1078124042.0,44545688.0,91.0,55.0
2014-07-31,309.0,2856.0,66.0,467434273.0,2236126896.0,57134153.0,27.0,109.0
2014-08-01,1158.0,1941.0,115.0,1370000000.0,1407184085.0,39662846.0,20.0,109.0
2014-08-04,1917.0,1185.0,120.0,889609407.0,543136514.0,28879277.0,29.0,72.0
2014-08-05,876.0,2213.0,116.0,732690000.0,1589225965.0,41267953.0,24.0,79.0
2014-08-06,1835.0,1244.0,118.0,1681241382.0,1040096137.0,32301367.0,28.0,68.0
2014-08-07,1441.0,1660.0,92.0,979336437.0,1335611243.0,18512634.0,40.0,64.0
2014-08-08,2360.0,758.0,90.0,538726987.0,328245192.0,24134080.0,49.0,59.0
2014-08-11,2274.0,816.0,108.0,692389505.0,428848982.0,38119014.0,84.0,21.0
2014-08-12,1259.0,1806.0,141.0,898530848.0,967128565.0,49275614.0,51.0,29.0
2014-08-13,2316.0,791.0,95.0,833920703.0,515446839.0,25343687.0,76.0,27.0
2014-08-14,2082.0,987.0,135.0,859099665.0,523274572.0,57167712.0,92.0,25.0
2014-08-15,1499.0,1551.0,145.0,1293072254.0,1024495987.0,30460544.0,121.0,35.0
2014-08-18,2448.0,668.0,95.0,486615874.0,297024246.0,18306664.0,178.0,17.0
2014-08-19,1967.0,1106.0,140.0,789903110.0,481069692.0,42167203.0,187.0,18.0
2014-08-20,1554.0,1490.0,168.0,800989943.0,495183425.0,29168599.0,150.0,17.0
2014-08-21,1844.0,1220.0,142.0,1016635275.0,625979457.0,27455600.0,183.0,17.0
2014-08-22,1149.0,1902.0,140.0,815246534.0,872055399.0,42372514.0,117.0,16.0
2014-08-25,1889.0,1192.0,126.0,676907179.0,414929835.0,21296759.0,175.0,21.0
2014-08-26,2026.0,1035.0,153.0,779287239.0,479210946.0,32608737.0,195.0,13.0
2014-08-27,1770.0,1349.0,124.0,1112505891.0,1025741669.0,53830528.0,168.0,7.0
2014-08-28,1328.0,1787.0,137.0,825687635.0,1368703025.0,74859761.0,135.0,10.0
2014-08-29,2192.0,919.0,135.0,1083739284.0,606197132.0,42130709.0,190.0,11.0
2014-09-02,1499.0,1657.0,94.0,1274469162.0,1473380559.0,56015340.0,231.0,14.0
2014-09-03,1460.0,1676.0,113.0,1340167855.0,1390989941.0,38953399.0,193.0,19.0
2014-09-04,1056.0,2079.0,110.0,1176173574.0,1832446024.0,43723572.0,160.0,30.0
2014-09-05,1951.0,1186.0,116.0,1332908363.0,1039948195.0,55867294.0,101.0,31.0
2014-09-08,1202.0,1938.0,108.0,942689483.0,1800521400.0,23402845.0,130.0,24.0
2014-09-09,725.0,2428.0,91.0,641519375.0,2186151309.0,22220000.0,66.0,38.0
2014-09-10,1669.0,1474.0,104.0,1386265716.0,1221190926.0,77998765.0,55.0,50.0
2014-09-11,1768.0,1377.0,106.0,1406338762.0,961707008.0,91195358.0,43.0,43.0
2014-09-12,666.0,2514.0,73.0,871732768.0,2248929746.0,55759615.0,41.0,62.0
2014-09-15,1069.0,2081.0,102.0,1057695998.0,1644802195.0,48503102.0,27.0,79.0
2014-09-16,2028.0,1119.0,105.0,1536927917.0,874077850.0,44589311.0,48.0,75.0
2014-09-17,1631.0,1518.0,103.0,1532461575.0,1511385033.0,36070904.0,83.0,61.0
2014-09-18,1927.0,1223.0,100.0,1564553959.0,1423395916.0,34464728.0,112.0,74.0
2014-09-19,1248.0,1881.0,112.0,1831179850.0,2809954740.0,59815148.0,128.0,102.0
2014-09-22,550.0,2611.0,88.0,512146612.0,2765440977.0,15550000.0,30.0,158.0
2014-09-23,917.0,2234.0,99.0,935513689.0,2278012173.0,46615017.0,13.0,135.0
2014-09-24,1857.0,1261.0,139.0,1629537758.0,1159033469.0,76073533.0,26.0,134.0
2014-09-25,546.0,2631.0,78.0,278268627.0,2934806360.0,44483186.0,18.0,194.0
2014-09-26,2307.0,851.0,101.0,1426883415.0,660105450.0,40227089.0,22.0,144.0
2014-09-29,1309.0,1842.0,106.0,857712951.0,2170800123.0,24314747.0,29.0,177.0
2014-09-30,1192.0,1981.0,82.0,1147309780.0,2688791072.0,23853406.0,42.0,194.0
2014-10-01,797.0,2395.0,67.0,639505215.0,3482663612.0,30279207.0,21.0,260.0
2014-10-02,1693.0,1489.0,89.0,1962637752.0,1796347555.0,58625010.0,15.0,262.0
2014-10-03,2124.0,1034.0,98.0,1720246085.0,1011472132.0,94426467.0,36.0,80.0
2014-10-06,1555.0,1596.0,105.0,1580845351.0,1491231144.0,145326080.0,41.0,72.0
2014-10-07,722.0,2435.0,105.0,632941942.0,2965623217.0,39329558.0,25.0,179.0
2014-10-08,2551.0,638.0,70.0,2167709436.0,897561508.0,57780802.0,41.0,287.0
2014-10-09,390.0,2800.0,58.0,322529515.0,3946296260.0,7810000.0,47.0,252.0
2014-10-10,692.0,2501.0,61.0,664530320.0,3840344168.0,31694809.0,15.0,443.0
2014-10-13,1023.0,2119.0,105.0,997648655.0,3277678256.0,43592625.0,10.0,437.0
2014-10-14,1250.0,1192.0,158.0,1806737033.0,1054535412.0,34220360.0,30.0,295.0
2014-10-15,1494.0,1707.0,69.0,2464286135.0,3550690197.0,48400000.0,21.0,615.0
2014-10-16,2235.0,960.0,71.0,3113304179.0,1871517404.0,50452013.0,26.0,175.0
2014-10-17,2088.0,1114.0,64.0,3268706895.0,1114587792.0,45860000.0,46.0,24.0
2014-10-20,2357.0,827.0,82.0,2468072020.0,787217341.0,47969521.0,39.0,30.0
2014-10-21,2613.0,583.0,80.0,3259160411.0,656227587.0,28608742.0,80.0,23.0
2014-10-22,982.0,2184.0,93.0,780903673.0,2878418614.0,57138879.0,99.0,26.0
2014-10-23,2446.0,741.0,71.0,2868229384.0,840132011.0,35851184.0,112.0,32.0
2014-10-24,1957.0,1187.0,102.0,1916173869.0,1087433232.0,32281771.0,88.0,26.0
2014-10-27,1348.0,1785.0,108.0,1115129382.0,2307268275.0,49125890.0,118.0,58.0
2014-10-28,2654.0,525.0,92.0,2987478955.0,557985776.0,45850297.0,187.0,30.0
2014-10-29,1350.0,1800.0,106.0,1421089417.0,2225231635.0,35180000.0,191.0,37.0
2014-10-30,2005.0,1155.0,106.0,2086377879.0,1422703978.0,85948220.0,215.0,71.0
2014-10-31,2447.0,746.0,82.0,3325181592.0,840171560.0,31590000.0,358.0,58.0
2014-11-03,1556.0,1621.0,90.0,1670551555.0,1777565220.0,66993255.0,259.0,31.0
2014-11-04,1288.0,1882.0,89.0,1137274092.0,2688878305.0,65932123.0,214.0,76.0
2014-11-05,1855.0,1296.0,104.0,2318987913.0,1349648882.0,77680000.0,251.0,70.0
2014-11-06,1801.0,1351.0,104.0,2078097576.0,1439511538.0,57680000.0,188.0,64.0
2014-11-07,1923.0,1234.0,107.0,2195425023.0,1164605375.0,82525589.0,194.0,41.0
2014-11-10,1790.0,1360.0,109.0,1636415495.0,1554936695.0,42704625.0,221.0,28.0
2014-11-11,1601.0,1524.0,126.0,1515532381.0,1332273976.0,72717558.0,210.0,38.0
2014-11-12,1707.0,1445.0,101.0,1608172170.0,1566360174.0,57380000.0,138.0,40.0
2014-11-13,1124.0,2013.0,117.0,1107685346.0,2240047927.0,94480000.0,196.0,70.0
2014-11-14,1646.0,1492.0,122.0,1905318069.0,1247791230.0,42706497.0,134.0,51.0
2014-11-17,1414.0,1760.0,83.0,1541598771.0,1527175250.0,44740392.0,155.0,43.0
2014-11-18,1927.0,1245.0,89.0,2227903315.0,1111701484.0,43466414.0,183.0,40.0
2014-11-19,1203.0,1957.0,96.0,1289855745.0,2075784576.0,29929687.0,82.0,57.0
2014-11-20,2059.0,1073.0,125.0,2052598613.0,964900189.0,77647742.0,99.0,36.0
2014-11-21,2103.0,1047.0,104.0,2963702854.0,809548682.0,88610000.0,218.0,15.0
2014-11-24,1936.0,1202.0,123.0,1626517093.0,1418361296.0,52071865.0,162.0,18.0
2014-11-25,1689.0,1449.0,124.0,1527844463.0,1698856311.0,70997325.0,197.0,25.0
2014-11-26,1941.0,1206.0,110.0,1458048186.0,1188659927.0,27853045.0,196.0,35.0
2014-11-28,1197.0,1913.0,108.0,731734809.0,1748605265.0,24099949.0,322.0,168.0
2014-12-01,707.0,2479.0,78.0,848800834.0,3230671643.0,43275085.0,144.0,240.0
2014-12-02,2111.0,1067.0,87.0,2074279774.0,1534070815.0,22005286.0,121.0,126.0
2014-12-03,2049.0,1123.0,81.0,2487019399.0,1044488387.0,23738815.0,198.0,79.0
2014-12-04,1146.0,2017.0,87.0,979467462.0,2319490683.0,42469637.0,175.0,124.0
2014-12-05,1663.0,1509.0,90.0,1632756474.0,1675891200.0,48788017.0,197.0,145.0
2014-12-08,960.0,2216.0,85.0,773684267.0,2908163682.0,34800000.0,240.0,306.0
2014-12-09,1903.0,1280.0,73.0,2256379301.0,1617351502.0,61567276.0,112.0,256.0
2014-12-10,571.0,2631.0,55.0,243938378.0,3786744387.0,17520000.0,113.0,266.0
2014-12-11,1834.0,1343.0,76.0,2084914140.0,1730677011.0,52751018.0,107.0,218.0
2014-12-12,663.0,2519.0,67.0,713534163.0,3378799862.0,54159662.0,56.0,371.0
2014-12-15,778.0,2407.0,81.0,848258739.0,3433819319.0,36112056.0,33.0,366.0
2014-12-16,1335.0,1833.0,90.0,2256718211.0,2611648278.0,48422538.0,23.0,434.0
2014-12-17,2833.0,373.0,55.0,216829319.0,320082388.0,18928651.0,62.0,109.0
2014-12-18,2570.0,625.0,72.0,4112184678.0,509800139.0,41486315.0,194.0,24.0
2014-12-19,2042.0,1129.0,88.0,3944460337.0,1765002255.0,70475319.0,227.0,23.0
2014-12-22,1837.0,1342.0,80.0,1731905041.0,1561648651.0,32472695.0,202.0,25.0
2014-12-23,2033.0,1153.0,72.0,2025055383.0,949546550.0,29461571.0,302.0,26.0
2014-12-24,1527.0,1577.0,113.0,623306413.0,742866347.0,45889911.0,217.0,27.0
2014-12-26,2084.0,1041.0,108.0,1106866569.0,511420000.0,87305524.0,236.0,22.0
2014-12-29,1843.0,1333.0,85.0,1413345448.0,963006588.0,29632727.0,253.0,37.0
2014-12-30,1325.0,1836.0,89.0,879012763.0,1428176841.0,76531964.0,138.0,46.0
2014-12-31,1140.0,2044.0,78.0,624636280.0,1862212532.0,59023580.0,187.0,39.0
2015-01-02,1744.0,1423.0,72.0,1305537329.0,1350022073.0,31697483.0,86.0,21.0
2015-01-05,750.0,2460.0,55.0,446597345.0,3246235308.0,53939195.0,90.0,86.0
2015-01-06,1041.0,2136.0,81.0,1242546742.0,3149157518.0,27479136.0,148.0,127.0
2015-01-07,2413.0,761.0,74.0,2733551484.0,992721179.0,53122928.0,214.0,78.0
2015-01-08,2458.0,741.0,58.0,3144198704.0,645366131.0,29687952.0,239.0,30.0
2015-01-09,1171.0,1980.0,89.0,976268964.0,2309180285.0,48853298.0,173.0,61.0
2015-01-12,1187.0,1965.0,96.0,1056742225.0,2290929353.0,79671022.0,188.0,148.0
2015-01-13,1488.0,1661.0,102.0,1424522213.0,2575239268.0,72017534.0,219.0,130.0
2015-01-14,1252.0,1909.0,96.0,1391532474.0,2895680576.0,52283165.0,145.0,224.0
2015-01-15,1109.0,2052.0,89.0,1229690471.0,2908077770.0,61021181.0,209.0,124.0
2015-01-16,2592.0,584.0,75.0,3469373061.0,503589124.0,36081030.0,260.0,97.0
2015-01-20,1223.0,1943.0,89.0,1550244525.0,2319648846.0,18230000.0,235.0,105.0
2015-01-21,2006.0,1144.0,103.0,2669086799.0,956629059.0,54801510.0,146.0,60.0
2015-01-22,2466.0,694.0,89.0,3300936924.0,779370521.0,22241203.0,284.0,34.0
2015-01-23,1400.0,1728.0,126.0,1176855375.0,2354553735.0,51710000.0,326.0,42.0
2015-01-26,2154.0,987.0,102.0,2451747094.0,894747400.0,48302717.0,267.0,47.0
2015-01-27,1381.0,1760.0,106.0,1170280082.0,2070332372.0,53313176.0,292.0,46.0
2015-01-28,843.0,2348.0,57.0,414223407.0,3600490074.0,10625286.0,350.0,100.0
2015-01-29,2128.0,1036.0,86.0,2378716460.0,1639750994.0,70395240.0,233.0,150.0
2015-01-30,1019.0,2164.0,72.0,1244819679.0,3231706956.0,17197046.0,223.0,114.0
2015-02-02,2308.0,864.0,81.0,3182751868.0,725976944.0,55608659.0,183.0,73.0
2015-02-03,2534.0,657.0,62.0,4027951477.0,545446267.0,9300000.0,193.0,15.0
2015-02-04,1110.0,2042.0,105.0,1399283860.0,2621763877.0,72397553.0,135.0,22.0
2015-02-05,2394.0,779.0,83.0,3004914240.0,722667737.0,42097415.0,147.0,17.0
2015-02-06,1181.0,1998.0,74.0,1883459070.0,2274248807.0,72580000.0,143.0,16.0
2015-02-09,1312.0,1857.0,91.0,1505631806.0,1956114522.0,33798069.0,61.0,22.0
2015-02-10,1794.0,1362.0,87.0,2170393114.0,1403816727.0,39399007.0,89.0,32.0
2015-02-11,1457.0,1700.0,101.0,1488966953.0,1986304854.0,79134374.0,110.0,26.0
2015-02-12,2435.0,733.0,85.0,3081229943.0,618533487.0,45409615.0,186.0,11.0
2015-02-13,1968.0,1182.0,109.0,2259929064.0,1181960709.0,35755385.0,203.0,7.0
2015-02-17,1378.0,1807.0,78.0,1845753240.0,1415827135.0,69149730.0,157.0,14.0
2015-02-18,1733.0,1432.0,89.0,1630920368.0,1657907859.0,36730000.0,135.0,8.0
2015-02-19,1499.0,1635.0,109.0,1264996627.0,1901336889.0,47817714.0,153.0,14.0
2015-02-20,2143.0,1009.0,92.0,2174659473.0,1034511118.0,53188270.0,179.0,12.0
2015-02-23,1565.0,1590.0,99.0,1060796639.0,1945429873.0,34690000.0,178.0,21.0
2015-02-24,1949.0,1212.0,97.0,1940233373.0,1194620487.0,35010000.0,198.0,15.0
2015-02-25,1737.0,1412.0,102.0,1724115430.0,1493987320.0,58865037.0,159.0,15.0
2015-02-26,1452.0,1694.0,98.0,1129547250.0,2152871813.0,61895434.0,139.0,21.0
2015-02-27,1621.0,1530.0,93.0,1541155135.0,1856817706.0,59151631.0,123.0,30.0
2015-03-02,1905.0,1255.0,95.0,1807717682.0,1552691657.0,26612050.0,191.0,33.0
2015-03-03,1297.0,1856.0,99.0,1278543196.0,1895035750.0,65805693.0,125.0,25.0
2015-03-04,1208.0,1923.0,101.0,1023123947.0,2271877503.0,79873187.0,107.0,37.0
2015-03-05,1701.0,1399.0,132.0,1461766929.0,1553684359.0,59974755.0,118.0,38.0
2015-03-06,488.0,2714.0,46.0,668320774.0,3149311179.0,10690000.0,64.0,66.0
2015-03-09,1657.0,1493.0,97.0,1483352143.0,1775611231.0,58311574.0,52.0,85.0
2015-03-10,863.0,2320.0,64.0,450076193.0,3142168365.0,40888834.0,28.0,130.0
2015-03-11,1799.0,1343.0,89.0,1990729687.0,1339073987.0,35115847.0,48.0,115.0
2015-03-12,2295.0,860.0,85.0,2385852002.0,961063200.0,40225011.0,110.0,51.0
2015-03-13,954.0,2169.0,103.0,869926147.0,2423781111.0,142479189.0,75.0,122.0
2015-03-16,2034.0,1126.0,83.0,2407581827.0,782068814.0,69709278.0,157.0,99.0
2015-03-17,1489.0,1658.0,95.0,1448564047.0,1676587299.0,57020076.0,107.0,73.0
2015-03-18,2602.0,585.0,58.0,3404556213.0,664127994.0,20693763.0,211.0,68.0
2015-03-19,1117.0,2024.0,105.0,821194384.0,2411976908.0,48718705.0,138.0,36.0
2015-03-20,2506.0,655.0,79.0,4226063436.0,836893542.0,37880153.0,300.0,23.0
2015-03-23,1809.0,1319.0,109.0,1937932621.0,1241074660.0,36228142.0,247.0,20.0
2015-03-24,1384.0,1752.0,105.0,1144029210.0,1974375231.0,39869140.0,110.0,17.0
2015-03-25,842.0,2301.0,88.0,869566408.0,2539642394.0,31690000.0,86.0,14.0
2015-03-26,1219.0,1895.0,118.0,1244731157.0,2193627363.0,44601350.0,24.0,24.0
2015-03-27,1882.0,1244.0,113.0,1372453278.0,1534568407.0,54957359.0,56.0,31.0
2015-03-30,2337.0,822.0,91.0,2378132477.0,491755181.0,18840334.0,148.0,17.0
2015-03-31,1295.0,1846.0,103.0,1092810946.0,2185419752.0,39985005.0,120.0,33.0
2015-04-01,1654.0,1471.0,119.0,1854885723.0,1601644336.0,83607591.0,77.0,30.0
2015-04-02,2004.0,1132.0,109.0,2317795492.0,707862459.0,42461302.0,117.0,13.0
2015-04-06,2248.0,882.0,103.0,2472429258.0,759985145.0,37225145.0,142.0,12.0
2015-04-07,1403.0,1736.0,96.0,1317652174.0,1666136529.0,41390000.0,108.0,6.0
2015-04-08,1891.0,1234.0,107.0,1835272231.0,1332822578.0,68680625.0,127.0,9.0
2015-04-09,1566.0,1544.0,120.0,1794418305.0,1306052839.0,50444024.0,125.0,7.0
2015-04-10,1860.0,1246.0,126.0,2017615349.0,1026982497.0,47680000.0,129.0,3.0
2015-04-13,1178.0,1945.0,117.0,1119311766.0,1721609693.0,41140602.0,115.0,7.0
2015-04-14,1965.0,1181.0,104.0,2214589278.0,1027741138.0,24816897.0,82.0,9.0
2015-04-15,2085.0,1046.0,107.0,2720531865.0,1227132218.0,30995766.0,121.0,10.0
2015-04-16,1378.0,1748.0,118.0,1332320000.0,2048774568.0,48620000.0,74.0,10.0
2015-04-17,629.0,2510.0,99.0,658451804.0,2880367466.0,54539146.0,25.0,16.0
2015-04-20,2189.0,922.0,114.0,1900166626.0,988722189.0,64026231.0,60.0,15.0
2015-04-21,1578.0,1543.0,108.0,1200133435.0,1989075785.0,23473580.0,95.0,12.0
2015-04-22,1782.0,1294.0,149.0,2317809653.0,952020370.0,53556408.0,97.0,25.0
2015-04-23,2086.0,1006.0,140.0,2255775180.0,1312014973.0,58020657.0,127.0,13.0
2015-04-24,1582.0,1523.0,123.0,1670620649.0,1615630934.0,55967304.0,107.0,9.0
2015-04-27,1158.0,1975.0,108.0,1353650508.0,1990479306.0,38014299.0,95.0,14.0
2015-04-28,1966.0,1162.0,106.0,2145039947.0,1314969227.0,48552957.0,60.0,16.0
2015-04-29,1065.0,2072.0,93.0,1782243442.0,2213278561.0,46288223.0,54.0,27.0
2015-04-30,740.0,2407.0,93.0,1284856989.0,3100162972.0,55239004.0,44.0,58.0
2015-05-01,1899.0,1242.0,92.0,2336498266.0,981332091.0,47909175.0,51.0,48.0
2015-05-04,1792.0,1343.0,109.0,1860565766.0,1168390896.0,30868046.0,59.0,17.0
2015-05-05,647.0,2504.0,83.0,780963703.0,2932421827.0,47446699.0,45.0,56.0
2015-05-06,1028.0,2137.0,75.0,1234849411.0,2470329939.0,50976569.0,25.0,85.0
2015-05-07,1816.0,1318.0,99.0,2001635891.0,1601902071.0,57920000.0,30.0,60.0
2015-05-08,2525.0,632.0,80.0,2828078365.0,506002070.0,36924524.0,79.0,29.0
2015-05-11,1115.0,2035.0,92.0,1067070149.0,1863211221.0,35029942.0,61.0,28.0
2015-05-12,1414.0,1709.0,97.0,1306735869.0,1751269362.0,53789830.0,34.0,70.0
2015-05-13,1753.0,1391.0,84.0,1762331610.0,1505978907.0,58349954.0,55.0,36.0
2015-05-14,2380.0,767.0,87.0,2107804806.0,1026971449.0,60353305.0,104.0,26.0
2015-05-15,1797.0,1320.0,111.0,1722474876.0,1283701392.0,65250000.0,95.0,16.0
2015-05-18,1768.0,1375.0,103.0,1572297740.0,1239196084.0,36862904.0,117.0,31.0
2015-05-19,1265.0,1879.0,106.0,1206281961.0,1996839773.0,38647580.0,124.0,43.0
2015-05-20,1607.0,1491.0,134.0,1459395079.0,1465432608.0,75736642.0,118.0,29.0
2015-05-21,1730.0,1394.0,121.0,1845594962.0,1170076247.0,50770000.0,84.0,24.0
2015-05-22,1144.0,1947.0,144.0,885400607.0,1618692225.0,48240000.0,81.0,49.0
2015-05-26,666.0,2506.0,78.0,448272486.0,2811662629.0,18153300.0,39.0,77.0
2015-05-27,2316.0,837.0,93.0,2212472335.0,829605097.0,43141543.0,59.0,45.0
2015-05-28,1308.0,1808.0,125.0,1134543498.0,1734186128.0,65420918.0,66.0,59.0
2015-05-29,990.0,2142.0,101.0,1094468744.0,2646267029.0,64675124.0,56.0,61.0
2015-06-01,1668.0,1466.0,112.0,1525312764.0,1408844548.0,46033058.0,70.0,67.0
2015-06-02,1699.0,1439.0,107.0,1862684681.0,1100021769.0,46626493.0,46.0,31.0
2015-06-03,1586.0,1552.0,102.0,1561919570.0,1430325413.0,52109660.0,104.0,60.0
2015-06-04,721.0,2412.0,94.0,511687224.0,2634043515.0,19551203.0,37.0,84.0
2015-06-05,1481.0,1671.0,84.0,1715584777.0,1479682944.0,36200000.0,66.0,162.0
2015-06-08,931.0,2191.0,118.0,779610709.0,2062744421.0,40204925.0,69.0,128.0
2015-06-09,1107.0,2011.0,125.0,1337717852.0,1588623509.0,82232384.0,53.0,159.0
2015-06-10,2256.0,892.0,97.0,2722248398.0,594654395.0,43311461.0,128.0,84.0
2015-06-11,1928.0,1227.0,88.0,1652035107.0,1392697860.0,51020000.0,108.0,91.0
2015-06-12,1111.0,2009.0,121.0,673418409.0,1927884683.0,101918620.0,50.0,94.0
2015-06-15,1125.0,2024.0,107.0,770116598.0,2200026816.0,54070000.0,49.0,123.0
2015-06-16,1994.0,1140.0,120.0,1852607383.0,952818853.0,88446777.0,70.0,85.0
2015-06-17,1655.0,1491.0,114.0,1850374315.0,1276132446.0,62250000.0,92.0,80.0
2015-06-18,2111.0,1050.0,100.0,2524923409.0,968260852.0,50740000.0,123.0,52.0
2015-06-19,1300.0,1853.0,93.0,1232598871.0,3026816947.0,35830000.0,106.0,71.0
2015-06-22,1883.0,1284.0,97.0,1979279751.0,971772469.0,53459930.0,171.0,48.0
2015-06-23,1841.0,1292.0,122.0,1821499973.0,1144548095.0,74860071.0,150.0,51.0
2015-06-24,925.0,2220.0,121.0,644255658.0,2330290184.0,68470960.0,84.0,46.0
2015-06-25,1128.0,2010.0,125.0,981861473.0,2119853777.0,81748085.0,87.0,116.0
2015-06-26,1388.0,1786.0,95.0,2045707302.0,2225950439.0,107542632.0,88.0,202.0
2015-06-29,309.0,2914.0,45.0,188299021.0,3437361648.0,8963492.0,25.0,343.0
2015-06-30,1934.0,1252.0,84.0,2115770324.0,1805255981.0,47490000.0,24.0,248.0
2015-07-01,1985.0,1199.0,88.0,1983949864.0,1645944011.0,32553547.0,68.0,193.0
2015-07-02,1577.0,1570.0,99.0,1350175417.0,1545918143.0,79982785.0,54.0,121.0
2015-07-03,1573.0,1559.0,99.0,1360000000.0,1557292761.0,80510000.0,50.0,116.0
2015-07-06,1188.0,1992.0,79.0,885496763.0,2550661043.0,25960000.0,40.0,217.0
2015-07-07,1873.0,1296.0,89.0,2688017079.0,1683419315.0,42357570.0,49.0,312.0
2015-07-08,556.0,2605.0,72.0,217658639.0,3310577216.0,15968615.0,16.0,219.0
2015-07-09,1838.0,1319.0,98.0,2182541133.0,1185990874.0,48513541.0,21.0,107.0
2015-07-10,2499.0,658.0,87.0,2352955069.0,638373392.0,36759598.0,52.0,61.0
2015-07-13,2312.0,848.0,99.0,2393606987.0,622597151.0,47675252.0,120.0,84.0
2015-07-14,1985.0,1131.0,137.0,2049097594.0,875109862.0,49681811.0,115.0,45.0
2015-07-15,1283.0,1875.0,100.0,1123103023.0,2086009515.0,26685404.0,110.0,107.0
2015-07-16,2215.0,973.0,74.0,1998278330.0,1182646101.0,31400000.0,152.0,123.0
2015-07-17,1108.0,2040.0,104.0,952514146.0,2345155641.0,39200000.0,76.0,199.0
2015-07-20,1019.0,2122.0,110.0,922356862.0,2220884481.0,44638388.0,112.0,299.0
2015-07-21,1267.0,1878.0,111.0,1281419438.0,1951906733.0,79924253.0,76.0,213.0
2015-07-22,1327.0,1837.0,86.0,1544138027.0,2061635917.0,57987378.0,72.0,337.0
2015-07-23,998.0,2161.0,98.0,1090821596.0,2617470042.0,39110000.0,95.0,330.0
2015-07-24,862.0,2301.0,88.0,789421695.0,3032650264.0,19640231.0,37.0,432.0
2015-07-27,876.0,2299.0,77.0,829130000.0,2906455315.0,24091437.0,18.0,484.0
2015-07-28,2298.0,878.0,86.0,3430292613.0,542740609.0,92380385.0,35.0,197.0
2015-07-29,2287.0,867.0,93.0,3116891639.0,838954443.0,21053841.0,64.0,81.0
2015-07-30,1598.0,1552.0,96.0,1537476261.0,1978828734.0,35470239.0,84.0,78.0
2015-07-31,1979.0,1170.0,102.0,1718976166.0,1888839041.0,32150000.0,114.0,72.0
2015-08-03,1241.0,1908.0,89.0,951700211.0,2459402711.0,33691825.0,72.0,175.0
2015-08-04,1446.0,1684.0,107.0,1606050005.0,1879261749.0,37305539.0,98.0,184.0
2015-08-05,1553.0,1592.0,104.0,1780757416.0,2058270955.0,51632097.0,135.0,277.0
2015-08-06,1282.0,1877.0,96.0,1986063239.0,2204035105.0,48652349.0,52.0,352.0
2015-08-07,1304.0,1850.0,94.0,1141690534.0,2410884707.0,25019940.0,34.0,198.0
2015-08-10,2376.0,774.0,88.0,3016654014.0,375259313.0,27010000.0,86.0,89.0
2015-08-11,1193.0,1971.0,77.0,1037432560.0,2620727517.0,15987859.0,45.0,162.0
2015-08-12,1567.0,1598.0,83.0,2291398287.0,1855997430.0,71935313.0,32.0,220.0
2015-08-13,1242.0,1867.0,123.0,1117316310.0,1989999179.0,91921620.0,63.0,123.0
2015-08-14,2137.0,998.0,102.0,1773844961.0,981494091.0,16417551.0,50.0,112.0
2015-08-17,1938.0,1229.0,92.0,1882606335.0,886225285.0,60991013.0,96.0,157.0
2015-08-18,1110.0,2036.0,104.0,1120723727.0,1775695285.0,36809405.0,99.0,178.0
2015-08-19,811.0,2329.0,105.0,690846461.0,2775934251.0,18981283.0,36.0,284.0
2015-08-20,502.0,2681.0,71.0,491851603.0,3396053237.0,13311458.0,8.0,368.0
2015-08-21,481.0,2717.0,58.0,338999539.0,293649258.0,15674326.0,0.0,627.0
2015-08-24,161.0,3076.0,24.0,194774572.0,1220402360.0,10690000.0,7.0,1335.0
2015-08-25,1408.0,1768.0,89.0,1147598578.0,3914829336.0,82382491.0,2.0,252.0
2015-08-26,2541.0,649.0,67.0,320654325.0,593294245.0,10860187.0,2.0,243.0
2015-08-27,2861.0,354.0,46.0,326400394.0,227293999.0,8767427.0,5.0,29.0
2015-08-28,2072.0,1092.0,73.0,2580065951.0,1284101777.0,50796739.0,6.0,23.0
2015-08-31,1381.0,1771.0,97.0,1685259258.0,2121296696.0,44356034.0,5.0,42.0
2015-09-01,444.0,2742.0,67.0,179428239.0,4140936057.0,15738679.0,6.0,100.0
2015-09-02,2343.0,824.0,89.0,2972320304.0,669705367.0,45056954.0,9.0,82.0
2015-09-03,2025.0,1111.0,100.0,2435033368.0,997505475.0,56052688.0,8.0,32.0
2015-09-04,768.0,2383.0,86.0,332180775.0,2798356412.0,34870884.0,8.0,138.0
2015-09-08,2492.0,684.0,68.0,3087087127.0,411056180.0,13360000.0,16.0,41.0
2015-09-09,808.0,2340.0,96.0,557242534.0,2954598814.0,82616241.0,25.0,59.0
2015-09-10,1670.0,1457.0,118.0,2038838301.0,1518776512.0,40825513.0,9.0,120.0
2015-09-11,1692.0,1458.0,83.0,1627817478.0,1476838361.0,85185551.0,10.0,145.0
2015-09-14,1028.0,2093.0,116.0,1014041589.0,1915656355.0,48420806.0,14.0,114.0
2015-09-15,2169.0,960.0,109.0,2540765757.0,619982751.0,54076872.0,21.0,91.0
2015-09-16,2420.0,740.0,88.0,3190748877.0,386771275.0,28805678.0,32.0,50.0
2015-09-17,1916.0,1242.0,79.0,1991593064.0,2104695327.0,60232532.0,46.0,32.0
2015-09-18,968.0,2183.0,91.0,802738915.0,514921003.0,72503566.0,15.0,113.0
2015-09-21,1881.0,1282.0,78.0,1772732225.0,1420674002.0,50746356.0,19.0,84.0
2015-09-22,659.0,2507.0,86.0,515636155.0,3231836511.0,13792708.0,4.0,213.0
2015-09-23,1301.0,1826.0,112.0,921573231.0,2227123947.0,18987911.0,12.0,239.0
2015-09-24,1267.0,1870.0,105.0,1638732159.0,2316806658.0,49307418.0,7.0,356.0
2015-09-25,1509.0,1634.0,98.0,1618715934.0,2029929144.0,43390000.0,26.0,151.0
2015-09-28,329.0,2862.0,59.0,226194037.0,4047091680.0,8294899.0,5.0,493.0
2015-09-29,1382.0,1776.0,82.0,2144402198.0,1930640940.0,30413222.0,3.0,507.0
2015-09-30,2386.0,790.0,70.0,3832713210.0,570159982.0,25420000.0,6.0,219.0
2015-10-01,1538.0,1609.0,89.0,2069254592.0,1827298659.0,53104095.0,10.0,173.0
2015-10-02,2364.0,804.0,67.0,3573718135.0,732735678.0,31580000.0,12.0,268.0
2015-10-05,2808.0,387.0,51.0,4047071787.0,254122751.0,10520000.0,50.0,20.0
2015-10-06,1735.0,1412.0,89.0,2505878067.0,1543989180.0,110584883.0,24.0,15.0
2015-10-07,2441.0,713.0,95.0,3712315061.0,845683422.0,49811199.0,38.0,13.0
2015-10-08,2451.0,704.0,80.0,3060321884.0,672036711.0,179893363.0,59.0,13.0
2015-10-09,1748.0,1355.0,101.0,1863379296.0,1761967475.0,41973163.0,57.0,12.0
2015-10-12,1641.0,1500.0,95.0,1075378847.0,1774688349.0,19296174.0,59.0,11.0
2015-10-13,881.0,2285.0,83.0,636652974.0,2614431141.0,94831322.0,48.0,17.0
2015-10-14,1272.0,1881.0,83.0,1709859597.0,1850681041.0,60486735.0,19.0,32.0
2015-10-15,2564.0,599.0,80.0,2911731617.0,727715181.0,37850000.0,51.0,32.0
2015-10-16,1864.0,1285.0,96.0,1845356631.0,1676012438.0,43698232.0,64.0,25.0
2015-10-19,1470.0,1684.0,87.0,1333267802.0,1864838312.0,46696725.0,63.0,25.0
2015-10-20,1916.0,1223.0,96.0,1857054525.0,1393797793.0,45222832.0,66.0,21.0
2015-10-21,914.0,2222.0,95.0,774201742.0,2779952518.0,40891880.0,74.0,46.0
2015-10-22,2352.0,817.0,68.0,2952995828.0,1386935667.0,45797176.0,116.0,59.0
2015-10-23,1847.0,1295.0,105.0,2346060132.0,1629102107.0,98863454.0,130.0,57.0
2015-10-26,1204.0,1945.0,90.0,1140832433.0,2175087526.0,31202977.0,65.0,53.0
2015-10-27,825.0,2331.0,95.0,1180793071.0,2903774308.0,38193763.0,44.0,117.0
2015-10-28,2462.0,691.0,90.0,3522022191.0,1145226164.0,17433579.0,106.0,56.0
2015-10-29,1218.0,1905.0,104.0,1374576683.0,2521868214.0,39674956.0,89.0,42.0
2015-10-30,1691.0,1442.0,93.0,1896637598.0,2163238232.0,145696171.0,73.0,53.0
2015-11-02,2557.0,612.0,58.0,3130451836.0,597837446.0,9509354.0,104.0,30.0
2015-11-03,1829.0,1320.0,90.0,2792244349.0,1376137826.0,45848361.0,111.0,24.0
2015-11-04,1262.0,1870.0,98.0,1179439021.0,2772482154.0,68571318.0,100.0,30.0
2015-11-05,1519.0,1602.0,108.0,1736459819.0,2175842606.0,71273011.0,93.0,66.0
2015-11-06,1210.0,1966.0,65.0,1982892366.0,2283594419.0,39476733.0,61.0,85.0
2015-11-09,669.0,2510.0,53.0,734541452.0,3066997403.0,33659272.0,30.0,85.0
2015-11-10,1788.0,1365.0,74.0,2014067785.0,1709324944.0,25258723.0,33.0,91.0
2015-11-11,1347.0,1792.0,82.0,1270236590.0,2337167139.0,32031552.0,61.0,118.0
2015-11-12,598.0,2559.0,70.0,403177021.0,3523094197.0,24870793.0,20.0,188.0
2015-11-13,1207.0,1927.0,85.0,1423149459.0,2722549341.0,68250000.0,22.0,225.0
2015-11-16,2273.0,892.0,79.0,3000193576.0,674852981.0,31463600.0,14.0,136.0
2015-11-17,1179.0,1988.0,79.0,1323763621.0,3032891560.0,33586349.0,30.0,130.0
2015-11-18,2414.0,721.0,95.0,3416519518.0,422619840.0,51168696.0,46.0,103.0
2015-11-19,1643.0,1489.0,101.0,1643273592.0,1923170467.0,27250000.0,53.0,88.0
2015-11-20,1848.0,1261.0,96.0,1858418815.0,1952752598.0,52547217.0,78.0,124.0
2015-11-23,1616.0,1508.0,108.0,1619129232.0,1849798153.0,66637909.0,81.0,119.0
2015-11-24,1931.0,1199.0,96.0,2534171028.0,1167267866.0,116183577.0,63.0,68.0
2015-11-25,1902.0,1202.0,126.0,1312588785.0,1421692417.0,72752861.0,98.0,45.0
2015-11-27,1856.0,1210.0,127.0,578455900.0,796368860.0,70548105.0,94.0,48.0
2015-11-30,1373.0,1762.0,102.0,1574160236.0,2474256516.0,71560606.0,98.0,63.0
2015-12-01,2218.0,930.0,82.0,2722234392.0,877649221.0,61546061.0,105.0,52.0
2015-12-02,704.0,2462.0,71.0,807862686.0,3052818745.0,54803381.0,69.0,119.0
2015-12-03,598.0,2560.0,73.0,1041132757.0,3169494051.0,44994931.0,38.0,168.0
2015-12-04,2042.0,1083.0,96.0,2571246325.0,1562018149.0,38172990.0,43.0,198.0
2015-12-07,637.0,2522.0,72.0,724322283.0,3256430431.0,26479228.0,42.0,335.0
2015-12-08,1029.0,2083.0,88.0,1171541637.0,2898503722.0,36827446.0,25.0,346.0
2015-12-09,1253.0,1892.0,85.0,2187306576.0,2091719139.0,50527662.0,27.0,168.0
2015-12-10,1541.0,1582.0,98.0,2168674122.0,1449519712.0,60516818.0,16.0,149.0
2015-12-11,404.0,2789.0,41.0,346731499.0,3895956669.0,19814947.0,9.0,368.0
2015-12-14,830.0,2334.0,67.0,1624558193.0,2840537316.0,107446110.0,6.0,632.0
2015-12-15,2473.0,700.0,59.0,3518299817.0,767698215.0,30325240.0,22.0,190.0
2015-12-16,2615.0,572.0,48.0,3656083039.0,856830900.0,35570848.0,42.0,125.0
2015-12-17,1106.0,2044.0,79.0,628712226.0,3595279617.0,53948796.0,41.0,182.0
2015-12-18,1108.0,2045.0,69.0,1636950498.0,128302988.0,35051456.0,20.0,227.0
2015-12-21,2058.0,1071.0,92.0,2444725035.0,1191725882.0,73182304.0,26.0,176.0
2015-12-22,2383.0,755.0,87.0,2802281931.0,638928593.0,43151920.0,29.0,67.0
2015-12-23,2718.0,458.0,53.0,3188310858.0,236294166.0,8210000.0,47.0,17.0
2015-12-24,1691.0,1367.0,123.0,588558243.0,773999156.0,41689692.0,43.0,8.0
2015-12-28,1211.0,1930.0,84.0,619777829.0,1802483515.0,36266668.0,53.0,25.0
2015-12-29,2313.0,822.0,79.0,1919340021.0,577954679.0,18436735.0,100.0,31.0
2015-12-30,938.0,2212.0,61.0,308176218.0,2000956322.0,15464468.0,72.0,33.0
2015-12-31,1199.0,1932.0,101.0,986061997.0,1559667176.0,76295103.0,40.0,49.0
2016-01-04,1005.0,2157.0,62.0,1198231130.0,2983318876.0,31763622.0,51.0,142.0
2016-01-05,1844.0,1297.0,75.0,1848020667.0,1730440403.0,93629933.0,104.0,91.0
2016-01-06,811.0,2338.0,71.0,633356655.0,3623959530.0,15740000.0,47.0,263.0
2016-01-07,440.0,2734.0,43.0,584632052.0,50274890.0,12490000.0,27.0,491.0
2016-01-08,998.0,2149.0,70.0,1027284681.0,3526212816.0,50473263.0,20.0,518.0
2016-01-11,1098.0,2039.0,79.0,1773782857.0,2789843836.0,21706060.0,11.0,606.0
2016-01-12,1493.0,1622.0,92.0,2061304470.0,2598789133.0,186964199.0,16.0,579.0
2016-01-13,375.0,2792.0,47.0,492291517.0,151591472.0,28910000.0,13.0,765.0
2016-01-14,2106.0,1024.0,81.0,3919338579.0,1242405539.0,44277335.0,7.0,721.0
2016-01-15,557.0,2612.0,43.0,609788249.0,417021272.0,20492742.0,7.0,936.0
2016-01-19,1036.0,2109.0,70.0,1392382127.0,3368710645.0,95594014.0,10.0,702.0
2016-01-20,889.0,2285.0,44.0,1575552228.0,284314775.0,139575766.0,3.0,1393.0
2016-01-21,2036.0,1103.0,75.0,3430443827.0,1524014596.0,55319504.0,4.0,101.0
2016-01-22,2840.0,342.0,25.0,4084209005.0,773508534.0,12540000.0,13.0,27.0
2016-01-25,499.0,2663.0,49.0,459279963.0,3688993478.0,58546315.0,16.0,102.0
2016-01-26,2613.0,543.0,58.0,3932231705.0,365597596.0,8160000.0,20.0,74.0
2016-01-27,1186.0,1928.0,92.0,2137819926.0,2536059373.0,48278317.0,26.0,52.0
2016-01-28,2099.0,1045.0,62.0,2497300544.0,2120738534.0,49960959.0,29.0,110.0
2016-01-29,2823.0,355.0,37.0,492241065.0,419881582.0,13440000.0,67.0,41.0
2016-02-01,1534.0,1587.0,93.0,1889495312.0,2335827134.0,57843361.0,84.0,36.0
2016-02-02,634.0,2504.0,61.0,441475375.0,3955122212.0,21878587.0,65.0,125.0
2016-02-03,1975.0,1129.0,97.0,3348626093.0,1748767125.0,39427989.0,89.0,227.0
2016-02-04,1984.0,1137.0,85.0,3556083733.0,1539948363.0,48237077.0,54.0,68.0
2016-02-05,747.0,2380.0,74.0,1160806195.0,3703738658.0,37076660.0,61.0,167.0
2016-02-08,643.0,2519.0,41.0,1026279364.0,157107165.0,43800666.0,53.0,445.0
2016-02-09,962.0,2186.0,54.0,1706784665.0,3285048574.0,22380000.0,64.0,481.0
2016-02-10,1664.0,1461.0,82.0,2023865432.0,2341238789.0,25957711.0,47.0,174.0
2016-02-11,591.0,2565.0,51.0,1053021633.0,4271898341.0,27124686.0,37.0,709.0
2016-02-12,2500.0,658.0,43.0,3859184837.0,764771849.0,25764993.0,23.0,139.0
2016-02-16,2552.0,603.0,46.0,3779962225.0,702012757.0,22629703.0,22.0,57.0
2016-02-17,2613.0,537.0,48.0,78733713.0,516877741.0,11740000.0,27.0,22.0
2016-02-18,1596.0,1515.0,86.0,1746159830.0,2599591718.0,51528784.0,36.0,28.0
2016-02-19,1543.0,1568.0,92.0,1387250165.0,2684682153.0,43264754.0,35.0,43.0
2016-02-22,2418.0,707.0,71.0,3529834712.0,416305748.0,42259949.0,55.0,14.0
2016-02-23,1028.0,2102.0,76.0,786640672.0,2989253040.0,55905930.0,41.0,27.0
2016-02-24,2006.0,1107.0,83.0,2408143790.0,1818795951.0,50756174.0,46.0,73.0
2016-02-25,2304.0,812.0,84.0,2915765023.0,1100561117.0,67947008.0,90.0,40.0
2016-02-26,1940.0,1193.0,76.0,2736294031.0,1529858836.0,59842858.0,52.0,27.0
2016-02-29,1637.0,1481.0,80.0,2058296727.0,2286486119.0,51340051.0,41.0,26.0
2016-03-01,2587.0,568.0,50.0,3556327170.0,1216385990.0,19522723.0,74.0,24.0
2016-03-02,2075.0,1046.0,84.0,3896165787.0,721825693.0,17212686.0,54.0,16.0
2016-03-03,2353.0,753.0,89.0,4087441305.0,913522201.0,33678461.0,81.0,10.0
2016-03-04,2020.0,1098.0,79.0,4431079565.0,1438412421.0,76571598.0,84.0,11.0
2016-03-07,2063.0,1042.0,85.0,3563798544.0,1277774707.0,82104248.0,53.0,5.0
2016-03-08,762.0,2345.0,78.0,721109908.0,3846900683.0,14955914.0,77.0,7.0
2016-03-09,2169.0,929.0,86.0,2618641232.0,1320000000.0,79489895.0,94.0,6.0
2016-03-10,1317.0,1771.0,98.0,2136371110.0,2176555685.0,39850000.0,79.0,13.0
2016-03-11,2609.0,524.0,54.0,3383531024.0,628422819.0,15582897.0,91.0,9.0
2016-03-14,1351.0,1726.0,109.0,1299621368.0,2112622968.0,53847791.0,43.0,8.0
2016-03-15,811.0,2291.0,79.0,833200855.0,2676053730.0,33751675.0,52.0,12.0
2016-03-16,2528.0,594.0,63.0,2934279260.0,1006830082.0,59789418.0,98.0,15.0
2016-03-17,2488.0,640.0,68.0,3486779444.0,976702815.0,29460000.0,176.0,14.0
2016-03-18,1902.0,1200.0,96.0,3688679700.0,2463683194.0,125245739.0,143.0,9.0
2016-03-21,1549.0,1529.0,107.0,1761117780.0,1536183059.0,39697467.0,56.0,6.0
2016-03-22,1445.0,1625.0,109.0,1361845704.0,1928551339.0,76201963.0,70.0,9.0
2016-03-23,811.0,2301.0,73.0,539182882.0,3067994762.0,11767352.0,63.0,12.0
2016-03-24,1570.0,1503.0,101.0,1897552987.0,1437728584.0,39233994.0,58.0,20.0
2016-03-28,1770.0,1319.0,109.0,1369932972.0,1345040552.0,82844737.0,108.0,11.0
2016-03-29,2476.0,629.0,87.0,2641743252.0,1055261649.0,92507134.0,204.0,11.0
2016-03-30,1931.0,1132.0,121.0,2303759157.0,1160425751.0,109775246.0,218.0,5.0
2016-03-31,1696.0,1387.0,106.0,1834990301.0,1737355577.0,77523375.0,168.0,7.0
2016-04-01,1484.0,1610.0,85.0,1918685840.0,1745737665.0,38750000.0,183.0,11.0
2016-04-04,825.0,2282.0,81.0,890640437.0,2542824781.0,33920000.0,147.0,10.0
2016-04-05,930.0,2166.0,85.0,1358736921.0,2707874354.0,45508547.0,99.0,20.0
2016-04-06,2321.0,768.0,93.0,2837635223.0,796515980.0,73643637.0,125.0,11.0
2016-04-07,710.0,2384.0,79.0,792994752.0,2907016584.0,54100460.0,76.0,14.0
2016-04-08,2337.0,762.0,80.0,2431543568.0,889769330.0,20960500.0,103.0,12.0
2016-04-11,1836.0,1245.0,97.0,2209933136.0,1295884728.0,34743041.0,112.0,10.0
2016-04-12,2455.0,627.0,99.0,3563946001.0,599141903.0,29375973.0,124.0,12.0
2016-04-13,2412.0,712.0,71.0,3130524245.0,983221624.0,52109831.0,109.0,4.0
2016-04-14,1353.0,1699.0,114.0,1696729754.0,1992308721.0,53854909.0,89.0,1.0
2016-04-15,1640.0,1432.0,95.0,1743461220.0,1877964003.0,47608058.0,86.0,4.0
2016-04-18,2256.0,838.0,101.0,2396409984.0,861731231.0,37316525.0,149.0,5.0
2016-04-19,2148.0,937.0,103.0,3055728386.0,767406499.0,34827828.0,192.0,5.0
2016-04-20,1753.0,1310.0,126.0,2563168063.0,1476370753.0,102554657.0,114.0,2.0
2016-04-21,1118.0,1949.0,136.0,1284525148.0,2785601399.0,54039473.0,85.0,9.0
2016-04-22,2165.0,913.0,116.0,2534185167.0,1163946026.0,49488532.0,73.0,11.0
2016-04-25,1021.0,2066.0,106.0,779180922.0,2475782127.0,40537489.0,37.0,4.0
2016-04-26,2374.0,706.0,107.0,2710058074.0,758333321.0,58656524.0,78.0,4.0
2016-04-27,2164.0,928.0,106.0,3038896192.0,973059302.0,40449594.0,125.0,7.0
2016-04-28,1059.0,2004.0,120.0,1412513770.0,2819262264.0,40156528.0,121.0,10.0
2016-04-29,1308.0,1750.0,127.0,1847862674.0,2754006555.0,56282175.0,101.0,11.0
2016-05-02,1946.0,1133.0,92.0,2062420706.0,1694855652.0,25746305.0,129.0,8.0
2016-05-03,767.0,2330.0,86.0,629958037.0,3466856702.0,38868084.0,97.0,27.0
2016-05-04,1222.0,1857.0,100.0,1102721303.0,2893568200.0,26801978.0,145.0,28.0
2016-05-05,1447.0,1609.0,119.0,1660424533.0,2249663995.0,77600099.0,162.0,26.0
2016-05-06,1967.0,1083.0,128.0,2297180038.0,1404746385.0,77692502.0,172.0,34.0
2016-05-09,1437.0,1646.0,98.0,1396093542.0,2330683316.0,18610009.0,232.0,25.0
2016-05-10,2357.0,717.0,108.0,2841649256.0,675238611.0,26990000.0,251.0,21.0
2016-05-11,1116.0,1952.0,110.0,1371078926.0,2376051923.0,39957029.0,139.0,26.0
2016-05-12,1469.0,1593.0,104.0,1369720028.0,2316247404.0,70121511.0,132.0,38.0
2016-05-13,1018.0,2049.0,114.0,693877055.0,2785330987.0,71089547.0,110.0,43.0
2016-05-16,2354.0,735.0,100.0,2786158353.0,620863864.0,44071875.0,169.0,21.0
2016-05-17,1106.0,1968.0,113.0,1658686845.0,2350538742.0,50749199.0,103.0,30.0
2016-05-18,1051.0,2043.0,92.0,1415438531.0,2600688469.0,36155461.0,81.0,34.0
2016-05-19,900.0,2174.0,104.0,1355143754.0,2428301593.0,33068107.0,25.0,40.0
2016-05-20,2471.0,606.0,105.0,2499248447.0,911160768.0,47491708.0,43.0,20.0
2016-05-23,1519.0,1557.0,100.0,1212849458.0,1757974582.0,53213832.0,52.0,12.0
2016-05-24,2355.0,719.0,110.0,2546300064.0,1032847078.0,16060000.0,100.0,17.0
2016-05-25,2073.0,980.0,124.0,3003123437.0,808307494.0,29410010.0,103.0,10.0
2016-05-26,1603.0,1467.0,108.0,1326149287.0,1801749918.0,41805861.0,82.0,13.0
2016-05-27,2069.0,1003.0,109.0,1840571405.0,1122011198.0,41708422.0,88.0,11.0
2016-05-31,1652.0,1427.0,117.0,2230700945.0,1953145943.0,36428776.0,107.0,4.0
2016-06-01,2027.0,1037.0,122.0,2152756354.0,1284616216.0,71560610.0,116.0,7.0
2016-06-02,1992.0,1062.0,140.0,2341792906.0,1164159576.0,64502181.0,134.0,7.0
2016-06-03,1672.0,1407.0,109.0,1703052908.0,1831483224.0,60947663.0,242.0,9.0
2016-06-06,2152.0,937.0,100.0,2599388271.0,775303954.0,30540787.0,209.0,11.0
2016-06-07,1914.0,1138.0,101.0,2097443848.0,1332079876.0,35663405.0,199.0,10.0
2016-06-08,2056.0,986.0,131.0,2353189567.0,1128121320.0,42720820.0,275.0,5.0
2016-06-09,1163.0,1899.0,117.0,1058338203.0,2184211461.0,21162404.0,213.0,8.0
2016-06-10,597.0,2460.0,124.0,520710546.0,2933905015.0,35413612.0,149.0,25.0
2016-06-13,757.0,2317.0,95.0,664574534.0,2648456176.0,48585462.0,112.0,38.0
2016-06-14,1061.0,2002.0,120.0,991388714.0,2690494866.0,42331372.0,58.0,45.0
2016-06-15,1865.0,1196.0,115.0,2190550774.0,1257573911.0,65658402.0,94.0,9.0
2016-06-16,1494.0,1566.0,125.0,1471297138.0,2053432965.0,53769153.0,110.0,47.0
2016-06-17,1872.0,1201.0,105.0,3076886086.0,1644943684.0,80594966.0,118.0,13.0
2016-06-20,2383.0,717.0,82.0,2743032036.0,665689902.0,28907499.0,178.0,9.0
2016-06-21,1719.0,1325.0,134.0,1918816936.0,1211347863.0,70604408.0,120.0,15.0
2016-06-22,1268.0,1775.0,139.0,1119645781.0,1942883629.0,83990787.0,119.0,16.0
2016-06-23,2562.0,527.0,89.0,2871715784.0,358995048.0,34118769.0,204.0,9.0
2016-06-24,501.0,2628.0,53.0,589842182.0,6133491972.0,10898775.0,155.0,53.0
2016-06-27,598.0,2534.0,54.0,691685888.0,4578203759.0,29951412.0,131.0,140.0
2016-06-28,2656.0,465.0,61.0,3895551572.0,417754814.0,8200000.0,181.0,27.0
2016-06-29,2661.0,453.0,68.0,3782400126.0,406433457.0,16450000.0,299.0,11.0
2016-06-30,2451.0,651.0,79.0,3415253079.0,1029489328.0,65296404.0,396.0,17.0
2016-07-01,1945.0,1106.0,100.0,2275889275.0,1070093055.0,89402988.0,411.0,8.0
2016-07-05,827.0,2266.0,51.0,769243321.0,2832608321.0,33273229.0,230.0,28.0
2016-07-06,1952.0,1091.0,97.0,2546628530.0,1199851962.0,105050267.0,250.0,46.0
2016-07-07,1648.0,1396.0,93.0,1774755568.0,1744577913.0,66285530.0,172.0,20.0
2016-07-08,2711.0,370.0,67.0,3326076797.0,212965102.0,14783200.0,324.0,9.0
2016-07-11,2099.0,970.0,80.0,2329774615.0,866506718.0,40294398.0,344.0,8.0
2016-07-12,2169.0,910.0,79.0,3184047032.0,842043367.0,42144502.0,303.0,3.0
2016-07-13,1428.0,1627.0,80.0,1548284855.0,1892066775.0,46811550.0,218.0,4.0
2016-07-14,1748.0,1325.0,72.0,2321594393.0,1014828052.0,69121598.0,237.0,1.0
2016-07-15,1649.0,1388.0,97.0,1463905569.0,1552049588.0,61714037.0,186.0,6.0
2016-07-18,1947.0,1117.0,85.0,2034208189.0,868664351.0,75738175.0,183.0,4.0
2016-07-19,1283.0,1750.0,105.0,1073126400.0,1773538421.0,104808107.0,156.0,4.0
2016-07-20,2037.0,1011.0,96.0,1979966489.0,1130619625.0,76146210.0,195.0,5.0
2016-07-21,1287.0,1748.0,102.0,1405741487.0,1935919476.0,46301881.0,169.0,5.0
2016-07-22,2003.0,1017.0,118.0,1952503920.0,1008268761.0,50614530.0,211.0,6.0
2016-07-25,1131.0,1903.0,105.0,1048817397.0,1904063594.0,59491049.0,175.0,8.0
2016-07-26,1851.0,1184.0,104.0,2283755205.0,1095060484.0,32010000.0,217.0,6.0
2016-07-27,1412.0,1630.0,101.0,1477016632.0,2419523166.0,48784421.0,226.0,9.0
2016-07-28,1570.0,1445.0,115.0,1756457927.0,1808090618.0,86380934.0,217.0,15.0
2016-07-29,1915.0,1141.0,86.0,2396371586.0,1525618436.0,40991163.0,321.0,18.0
2016-08-01,1242.0,1796.0,95.0,1060823410.0,2327635408.0,82281418.0,238.0,16.0
2016-08-02,713.0,2354.0,70.0,1005637034.0,2793791708.0,25935945.0,97.0,21.0
2016-08-03,2054.0,993.0,88.0,2685451967.0,967391504.0,58598778.0,98.0,16.0
2016-08-04,1715.0,1302.0,115.0,1860268850.0,1539533906.0,106860206.0,172.0,9.0
2016-08-05,2174.0,851.0,108.0,2518934099.0,1035736761.0,63458376.0,238.0,5.0
2016-08-08,1691.0,1297.0,109.0,1996837016.0,1186742143.0,66125194.0,230.0,5.0
2016-08-09,1620.0,1396.0,118.0,1720784695.0,1525245010.0,62830373.0,272.0,8.0
2016-08-10,1348.0,1674.0,107.0,1240073644.0,1956300030.0,29470800.0,197.0,10.0
2016-08-11,1908.0,1140.0,82.0,2448984674.0,880115554.0,52165835.0,208.0,7.0
2016-08-12,1448.0,1560.0,121.0,1372183573.0,1563493125.0,42465257.0,163.0,9.0
2016-08-15,1970.0,1079.0,80.0,2281771522.0,732802929.0,42418698.0,215.0,8.0
2016-08-16,935.0,2078.0,114.0,1111406478.0,1989912777.0,68710157.0,107.0,7.0
2016-08-17,1590.0,1439.0,95.0,1544516044.0,1776809964.0,46459227.0,83.0,12.0
2016-08-18,2136.0,891.0,96.0,2160550900.0,1045545326.0,50366526.0,169.0,9.0
2016-08-19,1216.0,1792.0,118.0,1266507737.0,1729266202.0,67781936.0,115.0,9.0
2016-08-22,1521.0,1488.0,113.0,963790750.0,1725583546.0,66469346.0,93.0,11.0
2016-08-23,2046.0,992.0,98.0,2037721691.0,947477733.0,40380824.0,224.0,8.0
2016-08-24,922.0,2122.0,99.0,655845033.0,2424192538.0,44285042.0,112.0,10.0
2016-08-25,1682.0,1341.0,106.0,1668554354.0,1232927644.0,45340047.0,122.0,16.0
2016-08-26,1206.0,1820.0,103.0,1243966193.0,2017620097.0,59318389.0,195.0,11.0
2016-08-29,2201.0,830.0,100.0,2113108309.0,456361191.0,53408095.0,161.0,9.0
2016-08-30,1453.0,1551.0,133.0,1372030979.0,1551063431.0,61282095.0,169.0,6.0
2016-08-31,1152.0,1867.0,124.0,1268746804.0,2274197806.0,140917336.0,116.0,15.0
2016-09-01,1425.0,1575.0,126.0,1494487332.0,1828901195.0,38687673.0,100.0,22.0
2016-09-02,2434.0,601.0,100.0,2517088686.0,487689773.0,48415915.0,208.0,11.0
2016-09-06,1794.0,1246.0,98.0,2180877516.0,1156864129.0,61238542.0,248.0,9.0
2016-09-07,1877.0,1146.0,111.0,1837895162.0,1327731320.0,87400000.0,238.0,7.0
2016-09-08,1377.0,1656.0,102.0,1926963468.0,1670151835.0,20167004.0,181.0,7.0
2016-09-09,173.0,2951.0,29.0,147627689.0,3994826830.0,8040000.0,28.0,22.0
2016-09-12,2204.0,846.0,80.0,3316556419.0,596796565.0,34701981.0,34.0,34.0
2016-09-13,338.0,2756.0,39.0,160229165.0,3873447734.0,47461872.0,18.0,34.0
2016-09-14,1464.0,1569.0,100.0,1228944491.0,2313135119.0,64812522.0,16.0,22.0
2016-09-15,2269.0,756.0,99.0,2655007427.0,624566917.0,48260000.0,46.0,19.0
2016-09-16,1093.0,1946.0,89.0,1426850281.0,3253850279.0,134820000.0,40.0,20.0
2016-09-19,2056.0,971.0,105.0,1849271187.0,1142861981.0,134563990.0,64.0,11.0
2016-09-20,1338.0,1675.0,114.0,1190055817.0,1841833476.0,55620000.0,33.0,26.0
2016-09-21,2630.0,420.0,71.0,3222036570.0,396765069.0,28770000.0,71.0,18.0
2016-09-22,2525.0,538.0,74.0,2631228913.0,800291209.0,47640000.0,155.0,3.0
2016-09-23,971.0,2056.0,100.0,924722362.0,2206229850.0,47394992.0,84.0,8.0
2016-09-26,854.0,2206.0,73.0,880361612.0,2232627612.0,45208061.0,55.0,16.0
2016-09-27,1785.0,1253.0,94.0,1813006455.0,1526054394.0,27670026.0,81.0,21.0
2016-09-28,2308.0,753.0,66.0,3094862675.0,705749685.0,34261220.0,105.0,13.0
2016-09-29,646.0,2422.0,61.0,1173226204.0,2992427479.0,27369010.0,103.0,25.0
2016-09-30,2154.0,895.0,83.0,2996889860.0,1017217902.0,67383935.0,119.0,22.0
2016-10-03,1283.0,1758.0,82.0,1230474229.0,1826722681.0,33891220.0,76.0,19.0
2016-10-04,847.0,2206.0,73.0,1140128608.0,2526200833.0,22860000.0,68.0,23.0
2016-10-05,1845.0,1183.0,95.0,2680710986.0,1098674920.0,52880000.0,115.0,17.0
2016-10-06,1342.0,1665.0,104.0,1464369326.0,1876907109.0,51950000.0,96.0,29.0
2016-10-07,913.0,2073.0,123.0,1153788707.0,2298972175.0,61210000.0,59.0,20.0
2016-10-10,2159.0,847.0,97.0,2034076453.0,792570836.0,38205216.0,140.0,16.0
2016-10-11,401.0,2649.0,78.0,426130680.0,2886598266.0,24360000.0,42.0,37.0
2016-10-12,1558.0,1446.0,97.0,1498791581.0,1382513531.0,52596705.0,34.0,31.0
2016-10-13,1026.0,2029.0,74.0,1231779108.0,2222513107.0,39808657.0,34.0,40.0
2016-10-14,1517.0,1496.0,108.0,1396176691.0,1695887454.0,83958632.0,50.0,21.0
2016-10-17,1222.0,1807.0,104.0,1031632876.0,1714479726.0,51730000.0,40.0,33.0
2016-10-18,2321.0,725.0,94.0,2394486523.0,682919691.0,30940000.0,67.0,24.0
2016-10-19,2132.0,909.0,95.0,2496202114.0,790681834.0,49343697.0,85.0,11.0
2016-10-20,1259.0,1724.0,137.0,1805591643.0,1459304668.0,41084882.0,74.0,20.0
2016-10-21,1539.0,1469.0,117.0,1514872151.0,1832586047.0,48160095.0,78.0,24.0
2016-10-24,1803.0,1217.0,121.0,1753162165.0,1517337313.0,48229480.0,115.0,22.0
2016-10-25,1185.0,1813.0,130.0,1225500920.0,2385910808.0,71076326.0,74.0,32.0
2016-10-26,1092.0,1928.0,108.0,1658853358.0,2042018764.0,34528810.0,45.0,46.0
2016-10-27,831.0,2185.0,119.0,1594576109.0,2521301449.0,53390000.0,71.0,73.0
2016-10-28,1212.0,1801.0,103.0,1548144451.0,2351527446.0,78370000.0,48.0,77.0
2016-10-31,1544.0,1487.0,108.0,1933542956.0,1884748725.0,41665587.0,46.0,62.0
2016-11-01,746.0,2292.0,82.0,1300401604.0,3138252641.0,44318009.0,30.0,83.0
2016-11-02,722.0,2313.0,80.0,828096654.0,3312762096.0,57996254.0,16.0,97.0
2016-11-03,1201.0,1801.0,117.0,1635716360.0,2107238716.0,115455953.0,16.0,102.0
2016-11-04,1541.0,1455.0,120.0,1900105777.0,1858224513.0,39468936.0,21.0,67.0
2016-11-07,2495.0,551.0,70.0,3343242666.0,343741394.0,10014627.0,72.0,30.0
2016-11-08,1712.0,1278.0,125.0,2089767731.0,1760049179.0,40805616.0,94.0,59.0
2016-11-09,1697.0,1386.0,54.0,4422463020.0,1667309138.0,23930000.0,194.0,119.0
2016-11-10,1433.0,1660.0,45.0,3793840144.0,2579442287.0,25357834.0,276.0,180.0
2016-11-11,1652.0,1398.0,76.0,2586911337.0,2301105680.0,75779917.0,217.0,181.0
2016-11-14,1598.0,1480.0,63.0,3511508293.0,1730902615.0,88720600.0,325.0,313.0
2016-11-15,2215.0,859.0,55.0,3179111465.0,1286399647.0,25110000.0,157.0,46.0
2016-11-16,1594.0,1454.0,86.0,1398090764.0,2335282250.0,75460880.0,111.0,20.0
2016-11-17,1588.0,1440.0,102.0,2143293036.0,1534546739.0,106105126.0,175.0,25.0
2016-11-18,1427.0,1592.0,101.0,1550535947.0,1929664610.0,48341117.0,149.0,46.0
2016-11-21,2255.0,754.0,106.0,2769254566.0,752459723.0,47266482.0,219.0,30.0
2016-11-22,2133.0,900.0,87.0,2361375249.0,1500335555.0,67160000.0,268.0,19.0
2016-11-23,1517.0,1478.0,114.0,2051584198.0,1275831668.0,36523765.0,266.0,38.0
2016-11-25,1895.0,1039.0,127.0,952476789.0,565686811.0,37983315.0,218.0,14.0
2016-11-28,1032.0,1993.0,85.0,1078111931.0,2361036252.0,25235711.0,136.0,16.0
2016-11-29,1468.0,1552.0,103.0,1450646995.0,2120049882.0,94095885.0,134.0,27.0
2016-11-30,1192.0,1838.0,87.0,3072436056.0,2296314860.0,62430057.0,205.0,54.0
2016-12-01,1154.0,1882.0,87.0,2452342251.0,2486730441.0,86244986.0,237.0,120.0
2016-12-02,1652.0,1347.0,112.0,2013707025.0,1694484629.0,55310000.0,94.0,74.0
2016-12-05,2156.0,861.0,96.0,2934217901.0,884931336.0,41234433.0,234.0,40.0
2016-12-06,2131.0,870.0,111.0,2678162889.0,1012485402.0,43807062.0,273.0,25.0
2016-12-07,2311.0,721.0,85.0,3392068578.0,958936255.0,116757372.0,416.0,13.0
2016-12-08,1881.0,1155.0,78.0,2666986234.0,1464721604.0,50563804.0,490.0,20.0
2016-12-09,1495.0,1528.0,98.0,2206876577.0,1617969488.0,28706885.0,337.0,24.0
2016-12-12,1099.0,1942.0,89.0,1467911931.0,2464604244.0,77843452.0,263.0,83.0
2016-12-13,1809.0,1232.0,82.0,2336896345.0,1328872366.0,147933727.0,176.0,55.0
2016-12-14,605.0,2428.0,92.0,754136579.0,3562881117.0,25790000.0,101.0,68.0
2016-12-15,1709.0,1337.0,88.0,2376220147.0,1714316117.0,31930000.0,115.0,115.0
2016-12-16,1704.0,1312.0,101.0,2735450671.0,2667454492.0,71999099.0,121.0,37.0
2016-12-19,1884.0,1153.0,87.0,1685665283.0,1445257170.0,46836057.0,105.0,22.0
2016-12-20,1941.0,1076.0,118.0,2202276393.0,953449438.0,57073915.0,192.0,21.0
2016-12-21,1418.0,1600.0,111.0,1044365746.0,1718340524.0,36806009.0,137.0,20.0
2016-12-22,1249.0,1738.0,134.0,1011214527.0,1786667897.0,52617452.0,89.0,20.0
2016-12-23,1763.0,1213.0,144.0,1229642171.0,727620464.0,51758621.0,76.0,16.0
2016-12-27,1863.0,1154.0,115.0,1392533628.0,515292311.0,36534668.0,140.0,19.0
2016-12-28,816.0,2199.0,101.0,471103282.0,1869556732.0,36074536.0,80.0,30.0
2016-12-29,1783.0,1219.0,121.0,1174866712.0,1068497315.0,77901452.0,51.0,18.0
2016-12-30,1360.0,1648.0,112.0,861457413.0,1689952897.0,29035174.0,61.0,16.0
2017-01-02,1360.0,1647.0,112.0,891560000.0,1749834825.0,29111631.0,57.0,16.0
2017-01-03,2308.0,742.0,72.0,2948315942.0,761607645.0,25065491.0,144.0,10.0
2017-01-04,2606.0,466.0,63.0,3158974312.0,523494968.0,52710000.0,204.0,9.0
2017-01-05,1347.0,1661.0,106.0,1575714954.0,2031528150.0,63822802.0,131.0,8.0
2017-01-06,1427.0,1584.0,108.0,1383314061.0,1815159607.0,100677927.0,108.0,10.0
2017-01-09,1082.0,1942.0,85.0,897278479.0,2270438674.0,25423860.0,71.0,10.0
2017-01-10,1924.0,1075.0,108.0,2137748128.0,1441166283.0,35774213.0,92.0,12.0
2017-01-11,2012.0,911.0,101.0,2229320535.0,1250788494.0,66637052.0,119.0,14.0
2017-01-12,1200.0,1793.0,116.0,1217247665.0,2166504650.0,65854400.0,80.0,17.0
2017-01-13,1855.0,1111.0,135.0,1690186715.0,1313921475.0,57190400.0,133.0,9.0
2017-01-17,1354.0,1657.0,110.0,1624052281.0,1849667611.0,29150000.0,96.0,11.0
2017-01-18,1616.0,1380.0,107.0,1655671100.0,1503681240.0,87201949.0,79.0,13.0
2017-01-19,772.0,2226.0,102.0,924481693.0,2138654280.0,40346203.0,81.0,23.0
2017-01-20,1891.0,1064.0,136.0,2290364063.0,1117121007.0,62380000.0,92.0,19.0
2017-01-23,1628.0,1357.0,124.0,1213480100.0,1833426059.0,59335219.0,85.0,15.0
2017-01-24,2234.0,793.0,89.0,2814348661.0,952682575.0,17956247.0,209.0,12.0
2017-01-25,1947.0,1080.0,92.0,2527801531.0,1106447029.0,77504754.0,329.0,9.0
2017-01-26,1441.0,1558.0,105.0,1389076948.0,2130080325.0,66546478.0,265.0,9.0
2017-01-27,1285.0,1700.0,119.0,1221005438.0,1831895424.0,42700000.0,135.0,18.0
2017-01-30,914.0,2115.0,91.0,739999109.0,2794078894.0,40907013.0,50.0,28.0
2017-01-31,1888.0,1096.0,133.0,2143642073.0,1852818389.0,55247588.0,72.0,19.0
2017-02-01,1442.0,1536.0,122.0,1667539253.0,2143500513.0,82948744.0,154.0,13.0
2017-02-02,1648.0,1343.0,120.0,2036346965.0,1642407388.0,61517407.0,110.0,20.0
2017-02-03,2378.0,645.0,92.0,2724167690.0,787800148.0,44380000.0,186.0,16.0
2017-02-06,1167.0,1844.0,103.0,1015407718.0,2028718853.0,31455781.0,141.0,11.0
2017-02-07,1373.0,1613.0,127.0,1154337001.0,2189328239.0,70230395.0,143.0,19.0
2017-02-08,1681.0,1305.0,126.0,1992732313.0,1519337258.0,69926135.0,81.0,28.0
2017-02-09,1968.0,1028.0,113.0,2499224816.0,1079305215.0,78124177.0,164.0,7.0
2017-02-10,2150.0,858.0,105.0,2304915104.0,1088502398.0,55970000.0,219.0,3.0
2017-02-13,1788.0,1209.0,116.0,2247839335.0,1023105810.0,43128524.0,264.0,6.0
2017-02-14,1574.0,1424.0,126.0,2227641044.0,1198724090.0,61960309.0,202.0,9.0
2017-02-15,1761.0,1245.0,113.0,2234357972.0,1364055366.0,54904906.0,264.0,15.0
2017-02-16,1292.0,1712.0,115.0,1234913283.0,2247981392.0,129580320.0,201.0,12.0
2017-02-17,1382.0,1587.0,139.0,1615460304.0,1726623941.0,98615314.0,124.0,11.0
2017-02-21,2140.0,867.0,109.0,2610703630.0,764124626.0,52583201.0,280.0,10.0
2017-02-22,1315.0,1652.0,149.0,1211702240.0,2189827251.0,48510829.0,205.0,11.0
2017-02-23,1616.0,1389.0,104.0,1592779414.0,2289983654.0,53197559.0,214.0,16.0
2017-02-24,1550.0,1442.0,118.0,1403463421.0,2348090882.0,40961007.0,116.0,27.0
2017-02-27,1814.0,1178.0,116.0,2195686679.0,1188457745.0,67527498.0,171.0,18.0
2017-02-28,1083.0,1914.0,113.0,1127919479.0,2847116629.0,81837469.0,134.0,16.0
2017-03-01,2052.0,995.0,68.0,3305966618.0,960123253.0,31935912.0,347.0,30.0
2017-03-02,807.0,2201.0,97.0,965206874.0,2609412967.0,77406150.0,123.0,28.0
2017-03-03,1536.0,1428.0,132.0,1961767368.0,1462231831.0,61986604.0,64.0,36.0
2017-03-06,917.0,2097.0,100.0,755567630.0,2408187994.0,50213605.0,42.0,56.0
2017-03-07,906.0,2078.0,118.0,787306112.0,2564747706.0,70262720.0,55.0,64.0
2017-03-08,823.0,2197.0,93.0,1340901981.0,2379144838.0,66006687.0,42.0,73.0
2017-03-09,905.0,2101.0,97.0,1448391656.0,2145001902.0,99701065.0,41.0,107.0
2017-03-10,2001.0,979.0,120.0,2191988101.0,1134966077.0,76414876.0,73.0,65.0
2017-03-13,1787.0,1196.0,122.0,1766671721.0,1201352013.0,70750885.0,85.0,54.0
2017-03-14,1006.0,1980.0,112.0,804639170.0,2246258071.0,47508153.0,54.0,72.0
2017-03-15,2652.0,407.0,54.0,3222567123.0,579058498.0,15945107.0,160.0,28.0
2017-03-16,1679.0,1331.0,104.0,1640783781.0,1588864634.0,100790075.0,171.0,15.0
2017-03-17,1807.0,1214.0,97.0,2088303741.0,2799303402.0,162998500.0,143.0,18.0
2017-03-20,1234.0,1738.0,122.0,1126811225.0,1834010809.0,49619896.0,110.0,22.0
2017-03-21,633.0,2391.0,85.0,563575572.0,3612542749.0,60699304.0,105.0,53.0
2017-03-22,1602.0,1407.0,113.0,1712064554.0,1769761598.0,55426090.0,35.0,86.0
2017-03-23,1937.0,1034.0,134.0,1682632320.0,1434749675.0,80311531.0,62.0,26.0
2017-03-24,1537.0,1420.0,141.0,1397471114.0,1466204255.0,94904856.0,67.0,25.0
2017-03-27,1499.0,1487.0,122.0,1504281657.0,1618439212.0,57306512.0,49.0,41.0
2017-03-28,2212.0,772.0,130.0,2556953686.0,729646357.0,38620000.0,95.0,17.0
2017-03-29,1953.0,1044.0,115.0,2031480983.0,975849275.0,66601267.0,88.0,8.0
2017-03-30,1824.0,1176.0,115.0,1664122272.0,1369048099.0,88240833.0,93.0,9.0
2017-03-31,1770.0,1208.0,130.0,1647966775.0,1608699298.0,53967607.0,90.0,7.0
2017-04-03,1325.0,1671.0,97.0,1061015263.0,2173576438.0,159966891.0,94.0,16.0
2017-04-04,1496.0,1462.0,126.0,1636748421.0,1462795617.0,59172482.0,68.0,27.0
2017-04-05,1024.0,1973.0,112.0,915870159.0,2722318915.0,50971149.0,96.0,28.0
2017-04-06,2247.0,716.0,131.0,2276284532.0,825892576.0,80403605.0,73.0,25.0
2017-04-07,1398.0,1559.0,128.0,1116162794.0,1814401636.0,64549475.0,73.0,11.0
2017-04-10,2007.0,973.0,120.0,1757946279.0,943727898.0,39180173.0,94.0,10.0
2017-04-11,1849.0,1141.0,105.0,1663856389.0,1350302216.0,83200000.0,90.0,9.0
2017-04-12,942.0,2036.0,116.0,849785084.0,2257876062.0,48867789.0,84.0,14.0
2017-04-13,857.0,2091.0,130.0,430549788.0,2617854883.0,48910553.0,55.0,27.0
2017-04-17,2223.0,764.0,113.0,2140880629.0,570689231.0,71362879.0,83.0,20.0
2017-04-18,1414.0,1534.0,144.0,1202820834.0,1971344923.0,79369544.0,98.0,22.0
2017-04-19,1378.0,1586.0,136.0,1387560044.0,2009541503.0,67901998.0,86.0,27.0
2017-04-20,2123.0,852.0,123.0,2531573127.0,1005744782.0,49098884.0,123.0,23.0
2017-04-21,1350.0,1591.0,148.0,1061656164.0,2288850554.0,75863382.0,112.0,17.0
2017-04-24,2114.0,882.0,100.0,2647160091.0,826649168.0,123000805.0,253.0,16.0
2017-04-25,2017.0,970.0,112.0,2683200205.0,1162577018.0,56831509.0,301.0,17.0
2017-04-26,1724.0,1275.0,104.0,2066201401.0,1894561285.0,45867757.0,286.0,11.0
2017-04-27,1492.0,1491.0,111.0,1527849102.0,2392300734.0,88378010.0,264.0,26.0
2017-04-28,1151.0,1834.0,116.0,1188307549.0,2314850173.0,119313477.0,163.0,29.0
2017-05-01,1696.0,1278.0,124.0,1568504147.0,1524918571.0,65278375.0,180.0,42.0
2017-05-02,1498.0,1463.0,135.0,1843803475.0,1861394306.0,52398943.0,181.0,34.0
2017-05-03,1207.0,1764.0,130.0,1568513459.0,2201527728.0,56240549.0,120.0,50.0
2017-05-04,1089.0,1917.0,101.0,1467927163.0,2782948246.0,35360357.0,143.0,95.0
2017-05-05,2151.0,822.0,132.0,2661772301.0,702462437.0,59277578.0,183.0,28.0
2017-05-08,1352.0,1626.0,109.0,1541446101.0,1731248611.0,51470093.0,151.0,33.0
2017-05-09,1292.0,1691.0,122.0,1595524995.0,1879856676.0,71101740.0,154.0,30.0
2017-05-10,1939.0,1041.0,120.0,2583500232.0,898993417.0,58891062.0,117.0,24.0
2017-05-11,1137.0,1832.0,121.0,1225733104.0,2344087692.0,49428546.0,83.0,43.0
2017-05-12,1304.0,1676.0,111.0,1180677582.0,2011230825.0,42156078.0,74.0,41.0
2017-05-15,2225.0,741.0,125.0,2569552161.0,736115022.0,49892873.0,151.0,40.0
2017-05-16,1335.0,1626.0,139.0,1332880317.0,1937309950.0,84821024.0,180.0,60.0
2017-05-17,648.0,2399.0,65.0,697178209.0,3371698560.0,29699817.0,47.0,87.0
2017-05-18,1516.0,1462.0,134.0,1922687640.0,2188360403.0,73968765.0,38.0,79.0
2017-05-19,2246.0,761.0,97.0,3164091150.0,558440956.0,23377201.0,98.0,42.0
2017-05-22,2026.0,943.0,137.0,1873117967.0,1170558116.0,60106290.0,142.0,21.0
2017-05-23,1765.0,1212.0,135.0,1786811927.0,1299503486.0,59825790.0,150.0,25.0
2017-05-24,1681.0,1280.0,144.0,1695720225.0,1593341148.0,37844623.0,125.0,35.0
2017-05-25,1569.0,1420.0,124.0,1480782233.0,1963935064.0,25210195.0,237.0,42.0
2017-05-26,1561.0,1404.0,136.0,1301272426.0,1393601019.0,59666760.0,157.0,39.0
2017-05-30,1151.0,1844.0,115.0,1108319259.0,1965237404.0,51029643.0,132.0,63.0
2017-05-31,1495.0,1499.0,119.0,1690355444.0,2581725642.0,73584833.0,181.0,98.0
2017-06-01,2467.0,545.0,90.0,2963116730.0,723546771.0,51997122.0,263.0,21.0
2017-06-02,1737.0,1239.0,129.0,1479654239.0,1827112322.0,100021705.0,339.0,28.0
2017-06-05,1131.0,1863.0,122.0,1177610323.0,1615427216.0,48287919.0,161.0,36.0
2017-06-06,1358.0,1628.0,124.0,1616521337.0,1617229119.0,60495433.0,111.0,48.0
2017-06-07,1424.0,1540.0,134.0,1501492301.0,1945896797.0,64816748.0,114.0,67.0
2017-06-08,1709.0,1215.0,133.0,1846430207.0,1751117414.0,40549191.0,141.0,57.0
2017-06-09,1847.0,1146.0,103.0,2569187080.0,1332411373.0,52781267.0,208.0,32.0
2017-06-12,1529.0,1449.0,118.0,2225089905.0,1683841847.0,36053660.0,126.0,18.0
2017-06-13,2098.0,874.0,122.0,2193737770.0,909788063.0,90198116.0,122.0,19.0
2017-06-14,1402.0,1590.0,115.0,1213851711.0,2239360444.0,43411317.0,158.0,32.0
2017-06-15,1142.0,1837.0,120.0,943334041.0,2321381891.0,34697369.0,97.0,76.0
2017-06-16,1699.0,1252.0,146.0,2387162819.0,2502681205.0,124110826.0,131.0,73.0
2017-06-19,1870.0,1091.0,139.0,2086072617.0,1055197425.0,39013857.0,223.0,32.0
2017-06-20,856.0,2114.0,118.0,621264662.0,2698322353.0,36111403.0,120.0,93.0
2017-06-21,1057.0,1935.0,108.0,1054883389.0,2440288818.0,38973185.0,91.0,120.0
2017-06-22,1723.0,1231.0,157.0,2008354923.0,1292981808.0,77078178.0,93.0,69.0
2017-06-23,2022.0,931.0,137.0,3141073277.0,1436674860.0,59857856.0,104.0,38.0
2017-06-26,1933.0,1056.0,121.0,2179289595.0,921311305.0,56559798.0,149.0,8.0
2017-06-27,1021.0,1956.0,116.0,1307427669.0,2128550274.0,51978673.0,73.0,12.0
2017-06-28,2292.0,715.0,96.0,2659340424.0,666867039.0,71695946.0,111.0,20.0
2017-06-29,900.0,2104.0,91.0,1488512650.0,2175557730.0,108138888.0,70.0,29.0
2017-06-30,1819.0,1148.0,129.0,1854458337.0,1352600525.0,57936746.0,67.0,17.0
2017-07-03,2117.0,839.0,97.0,1345765518.0,542845339.0,14847168.0,105.0,7.0
2017-07-05,1154.0,1809.0,123.0,1163776459.0,2046077501.0,75276702.0,93.0,32.0
2017-07-06,577.0,2420.0,95.0,437427081.0,2808389772.0,40604600.0,35.0,49.0
2017-07-07,2036.0,915.0,136.0,1630753814.0,1174828869.0,55094472.0,81.0,72.0
2017-07-10,1505.0,1455.0,130.0,1625049031.0,1251170190.0,49100316.0,112.0,50.0
2017-07-11,1561.0,1384.0,139.0,1654432627.0,1285755335.0,73321245.0,78.0,45.0
2017-07-12,2275.0,705.0,104.0,2191704534.0,844398712.0,69687583.0,190.0,17.0
2017-07-13,1532.0,1409.0,134.0,1897119474.0,1060154361.0,40173221.0,121.0,13.0
2017-07-14,2113.0,848.0,116.0,1819330408.0,783872405.0,62666741.0,174.0,7.0
2017-07-17,1652.0,1304.0,139.0,1510591764.0,1150363608.0,50405245.0,155.0,14.0
2017-07-18,1422.0,1519.0,144.0,1134993515.0,1681101950.0,72421489.0,119.0,22.0
2017-07-19,2193.0,764.0,129.0,2321253703.0,551415288.0,102974167.0,243.0,19.0
2017-07-20,1483.0,1445.0,151.0,1250062797.0,1783970803.0,70997723.0,214.0,9.0
2017-07-21,1401.0,1550.0,130.0,1088377953.0,1832716107.0,72574934.0,184.0,16.0
2017-07-24,1283.0,1650.0,138.0,1152491711.0,1700533022.0,72838016.0,150.0,25.0
2017-07-25,1827.0,1140.0,120.0,2757843718.0,1117524207.0,33464118.0,226.0,16.0
2017-07-26,1502.0,1454.0,131.0,1487390350.0,1977478070.0,51946641.0,168.0,13.0
2017-07-27,1320.0,1610.0,152.0,1795851605.0,2081252531.0,40535458.0,163.0,26.0
2017-07-28,1585.0,1347.0,140.0,1392776411.0,1757435167.0,82784268.0,87.0,26.0
2017-07-31,1583.0,1400.0,101.0,1727800378.0,1574905587.0,80945926.0,132.0,24.0
2017-08-01,1774.0,1169.0,144.0,1777531749.0,1535264788.0,80672519.0,167.0,30.0
2017-08-02,1172.0,1764.0,136.0,1335176671.0,2024331364.0,60771405.0,136.0,53.0
2017-08-03,1262.0,1691.0,125.0,1363883584.0,2135726893.0,66146808.0,123.0,70.0
2017-08-04,1679.0,1294.0,110.0,1980615020.0,1158689527.0,40375890.0,146.0,51.0
2017-08-07,1415.0,1536.0,129.0,1282318445.0,1510010062.0,60214101.0,118.0,47.0
2017-08-08,1081.0,1868.0,132.0,1104007154.0,2023459013.0,95370180.0,145.0,61.0
2017-08-09,907.0,2063.0,116.0,1081382326.0,2060176343.0,97749061.0,63.0,89.0
2017-08-10,407.0,2625.0,56.0,483185115.0,3038827007.0,17846133.0,38.0,119.0
2017-08-11,1589.0,1385.0,104.0,1328678714.0,1643146442.0,126985510.0,17.0,157.0
2017-08-14,2294.0,718.0,74.0,1939588635.0,748442950.0,53675500.0,56.0,55.0
2017-08-15,1083.0,1891.0,117.0,1056833377.0,1730913365.0,52230851.0,57.0,120.0
2017-08-16,1798.0,1182.0,102.0,1648134371.0,1211478509.0,39726682.0,81.0,99.0
2017-08-17,556.0,2440.0,90.0,396583711.0,2663885268.0,19846989.0,53.0,145.0
2017-08-18,1550.0,1351.0,145.0,1371762600.0,1386241822.0,51931767.0,38.0,163.0
2017-08-21,1486.0,1440.0,154.0,1175531986.0,1462099391.0,68048106.0,51.0,145.0
2017-08-22,2121.0,844.0,124.0,2033855980.0,642892961.0,52593752.0,84.0,47.0
2017-08-23,1555.0,1385.0,138.0,1548048833.0,1145403605.0,34510444.0,78.0,51.0
2017-08-24,1478.0,1432.0,179.0,1333252190.0,1349059539.0,88393098.0,97.0,35.0
2017-08-25,1980.0,957.0,145.0,1623013694.0,843146965.0,64784057.0,109.0,18.0
2017-08-28,1381.0,1581.0,131.0,1018311993.0,1525097132.0,58699526.0,89.0,55.0
2017-08-29,1438.0,1491.0,158.0,1171636957.0,1431433654.0,86576340.0,69.0,70.0
2017-08-30,1832.0,1125.0,128.0,1388195397.0,1134125217.0,59689403.0,71.0,45.0
2017-08-31,2169.0,775.0,147.0,2323745752.0,840820592.0,59262471.0,133.0,19.0
2017-09-01,2053.0,889.0,133.0,1990438796.0,592396801.0,80078210.0,168.0,16.0
2017-09-05,896.0,2074.0,113.0,1221912246.0,2108223049.0,74109204.0,114.0,25.0
2017-09-06,1824.0,1114.0,140.0,2147222385.0,1003286066.0,54394689.0,110.0,26.0
2017-09-07,1505.0,1434.0,143.0,1614323959.0,1621252518.0,59453239.0,124.0,42.0
2017-09-08,1342.0,1599.0,138.0,1202855530.0,1981286011.0,54615341.0,123.0,53.0
2017-09-11,2334.0,635.0,112.0,2503862502.0,652952304.0,27374966.0,209.0,14.0
2017-09-12,1828.0,1089.0,154.0,2279685375.0,841171580.0,63570373.0,169.0,8.0
2017-09-13,1529.0,1383.0,151.0,1988631222.0,1264388670.0,47261841.0,110.0,9.0
2017-09-14,1556.0,1403.0,115.0,1655744823.0,1607081030.0,69665826.0,99.0,9.0
2017-09-15,1860.0,1068.0,141.0,2668704178.0,1845045316.0,92492373.0,114.0,8.0
2017-09-18,1676.0,1273.0,127.0,1875913204.0,1177152433.0,53509996.0,167.0,14.0
2017-09-19,1552.0,1385.0,141.0,1632372623.0,1472694156.0,70376051.0,164.0,18.0
2017-09-20,1623.0,1299.0,150.0,2016144985.0,1340475844.0,59661728.0,192.0,18.0
2017-09-21,1260.0,1663.0,139.0,1164415667.0,1618771356.0,82222326.0,132.0,13.0
2017-09-22,1884.0,1061.0,117.0,1734974958.0,983330302.0,42886286.0,149.0,18.0
2017-09-25,1649.0,1274.0,148.0,1812717766.0,1306039012.0,80289816.0,128.0,13.0
2017-09-26,1665.0,1282.0,132.0,1532949310.0,1366520403.0,82418083.0,144.0,11.0
2017-09-27,1678.0,1286.0,108.0,2010737340.0,1291063118.0,79733795.0,204.0,19.0
2017-09-28,1737.0,1191.0,136.0,1617064057.0,1364946397.0,98235203.0,155.0,15.0
2017-09-29,1784.0,1160.0,126.0,1759646366.0,1318800445.0,51773330.0,205.0,13.0
2017-10-02,1883.0,1072.0,126.0,1955166897.0,1013170814.0,72120000.0,265.0,20.0
2017-10-03,1646.0,1276.0,156.0,1888245472.0,1007535265.0,78139976.0,303.0,12.0
2017-10-04,1419.0,1485.0,164.0,1316879377.0,1559379358.0,64925403.0,230.0,13.0
2017-10-05,1803.0,1142.0,133.0,1872222371.0,977693476.0,88761194.0,249.0,8.0
2017-10-06,1069.0,1867.0,144.0,974579732.0,1720030610.0,73829781.0,172.0,19.0
2017-10-09,1253.0,1610.0,141.0,871591460.0,1490302392.0,46058583.0,190.0,23.0
2017-10-10,1892.0,1015.0,143.0,1679293164.0,1093044140.0,85944116.0,197.0,16.0
2017-10-11,1723.0,1091.0,161.0,1518739741.0,1309682502.0,55090652.0,182.0,20.0
2017-10-12,1541.0,1383.0,133.0,1168164502.0,1839926090.0,54143263.0,221.0,32.0
2017-10-13,1736.0,1185.0,136.0,1706100265.0,1323365703.0,53257527.0,264.0,29.0
2017-10-16,1446.0,1485.0,131.0,1405791800.0,1423707793.0,23705417.0,198.0,26.0
2017-10-17,1262.0,1660.0,144.0,1210002140.0,1552801554.0,63332403.0,139.0,27.0
2017-10-18,1525.0,1422.0,127.0,1418882104.0,1457579136.0,31912792.0,164.0,31.0
2017-10-19,1478.0,1426.0,158.0,1473536696.0,1339087153.0,74300000.0,123.0,37.0
2017-10-20,1793.0,1168.0,113.0,1996707728.0,1254089741.0,45673014.0,255.0,39.0
2017-10-23,1011.0,1928.0,132.0,738602212.0,2331989696.0,64713084.0,202.0,53.0
2017-10-24,1593.0,1345.0,133.0,1851492440.0,1430582933.0,49402223.0,206.0,55.0
2017-10-25,764.0,2215.0,95.0,924438440.0,2822547529.0,32792586.0,123.0,110.0
2017-10-26,1550.0,1410.0,102.0,1902950686.0,1827956059.0,41714848.0,186.0,82.0
2017-10-27,1824.0,1111.0,122.0,2164333407.0,1610473875.0,40145522.0,180.0,79.0
2017-10-30,1163.0,1800.0,107.0,1316859400.0,2107823501.0,91579253.0,115.0,45.0
2017-10-31,1855.0,1105.0,109.0,1998398518.0,1702445279.0,45453468.0,172.0,55.0
2017-11-01,1559.0,1384.0,119.0,2134391846.0,1578597378.0,38493381.0,205.0,46.0
2017-11-02,1467.0,1492.0,109.0,1607681723.0,2305936179.0,53186701.0,155.0,91.0
2017-11-03,1406.0,1515.0,143.0,1688333857.0,1747936051.0,60772881.0,138.0,79.0
2017-11-06,1735.0,1235.0,105.0,2156318622.0,1266782404.0,19766504.0,168.0,50.0
2017-11-07,1271.0,1703.0,99.0,1500054532.0,2142794850.0,55174530.0,167.0,62.0
2017-11-08,1495.0,1439.0,129.0,1772345559.0,1900491066.0,80682234.0,109.0,52.0
2017-11-09,1112.0,1822.0,130.0,1679430959.0,1986248614.0,60419673.0,73.0,69.0
2017-11-10,1269.0,1676.0,120.0,1653611238.0,1672149626.0,94060000.0,77.0,61.0
2017-11-13,1325.0,1639.0,115.0,1333011063.0,1948213534.0,60297193.0,100.0,102.0
2017-11-14,1218.0,1763.0,97.0,1126510207.0,2441115876.0,31020000.0,113.0,132.0
2017-11-15,1046.0,1910.0,122.0,1385365633.0,2059762761.0,61540000.0,84.0,151.0
2017-11-16,2225.0,752.0,105.0,2268402940.0,943105520.0,71800000.0,121.0,46.0
2017-11-17,1916.0,1039.0,120.0,2130043794.0,1083971948.0,46380000.0,113.0,29.0
2017-11-20,1764.0,1189.0,124.0,1650000000.0,1245850821.0,76908749.0,162.0,38.0
2017-11-21,2010.0,969.0,107.0,1911824080.0,1340562807.0,40117561.0,242.0,34.0
2017-11-22,1660.0,1301.0,105.0,1607575375.0,1058542024.0,55888944.0,179.0,30.0
2017-11-24,1762.0,1111.0,124.0,805625500.0,548297837.0,30713196.0,166.0,21.0
2017-11-27,1122.0,1829.0,127.0,1021634969.0,1802632175.0,137276007.0,167.0,49.0
2017-11-28,2024.0,946.0,119.0,2569802405.0,771861625.0,48411677.0,215.0,66.0
2017-11-29,1500.0,1486.0,101.0,2522369230.0,1427961130.0,74137576.0,304.0,66.0
2017-11-30,1734.0,1256.0,103.0,2887625427.0,1861702009.0,46191551.0,297.0,37.0
2017-12-01,1533.0,1448.0,108.0,2152432609.0,1699940909.0,57201019.0,151.0,31.0
2017-12-04,1506.0,1460.0,130.0,2258765330.0,1651902989.0,59078132.0,292.0,28.0
2017-12-05,1080.0,1902.0,97.0,979940000.0,2446101604.0,24538645.0,81.0,40.0
2017-12-06,1250.0,1712.0,122.0,1070000000.0,2063791662.0,39963184.0,59.0,47.0
2017-12-07,1848.0,1097.0,139.0,2058502671.0,1102041769.0,76390000.0,81.0,48.0
2017-12-08,1763.0,1171.0,143.0,2137684504.0,784165240.0,155161449.0,113.0,29.0
2017-12-11,1595.0,1375.0,127.0,1851441910.0,1125258108.0,83545424.0,116.0,26.0
2017-12-12,1354.0,1616.0,120.0,1915241005.0,1553090391.0,43986505.0,118.0,26.0
2017-12-13,1661.0,1308.0,130.0,1698042743.0,1725241310.0,57494428.0,141.0,31.0
2017-12-14,1044.0,1934.0,117.0,980173440.0,2377370417.0,35654546.0,81.0,49.0
2017-12-15,2057.0,927.0,109.0,3945426330.0,1315866681.0,89710314.0,124.0,32.0
2017-12-18,2119.0,875.0,102.0,2822859935.0,791459131.0,42543483.0,263.0,19.0
2017-12-19,1053.0,1909.0,136.0,1165077527.0,2083576189.0,86938792.0,160.0,39.0
2017-12-20,1486.0,1474.0,121.0,1745115359.0,1373728548.0,68007356.0,158.0,38.0
2017-12-21,1797.0,1163.0,122.0,2266758278.0,901738137.0,62575901.0,192.0,41.0
2017-12-22,1479.0,1453.0,136.0,1205750876.0,1084486144.0,50842699.0,137.0,25.0
2017-12-26,1666.0,1278.0,122.0,1272418036.0,646762245.0,33554854.0,174.0,26.0
2017-12-27,1627.0,1299.0,149.0,927250786.0,1106998351.0,86410503.0,138.0,25.0
2017-12-28,1934.0,1008.0,135.0,1415876385.0,648248559.0,71226965.0,136.0,24.0
2017-12-29,1201.0,1734.0,135.0,817390396.0,1538851898.0,53548658.0,185.0,13.0
2018-01-02,1852.0,1160.0,73.0,2434309746.0,782369694.0,25290000.0,187.0,35.0
2018-01-03,1757.0,1211.0,93.0,2109544122.0,1310919473.0,73667182.0,214.0,28.0
2018-01-04,1755.0,1208.0,109.0,2225950779.0,1378976076.0,35690874.0,293.0,20.0
2018-01-05,1794.0,1172.0,112.0,1919730137.0,1219754537.0,58540213.0,252.0,22.0
2018-01-08,1719.0,1240.0,105.0,1701086589.0,1434581547.0,63686980.0,245.0,21.0
2018-01-09,1232.0,1734.0,110.0,1580442178.0,1802205102.0,42904768.0,283.0,39.0
2018-01-10,1141.0,1800.0,118.0,1828485501.0,1619911262.0,44639876.0,175.0,62.0
2018-01-11,2293.0,683.0,92.0,2900976584.0,614242348.0,73138024.0,292.0,37.0
2018-01-12,1588.0,1370.0,109.0,2247817631.0,1268214280.0,40860000.0,396.0,57.0
2018-01-15,1590.0,1370.0,109.0,2260000000.0,1280000000.0,40870000.0,391.0,57.0
2018-01-16,966.0,2000.0,115.0,1329040311.0,2703737852.0,69913278.0,412.0,56.0
2018-01-17,1920.0,1040.0,115.0,2377489908.0,1280053793.0,73810000.0,182.0,56.0
2018-01-18,826.0,2157.0,99.0,1174807846.0,2388531465.0,53000000.0,181.0,94.0
2018-01-19,1969.0,995.0,114.0,2251679947.0,1330737346.0,87660000.0,243.0,86.0
2018-01-22,1866.0,1075.0,138.0,2366592575.0,996147298.0,51282749.0,282.0,56.0
2018-01-23,1824.0,1124.0,127.0,1807412699.0,1608615965.0,71315877.0,291.0,27.0
2018-01-24,1301.0,1664.0,111.0,2137121884.0,1825130185.0,45540000.0,363.0,39.0
2018-01-25,1353.0,1605.0,105.0,1502590267.0,2170608739.0,99390000.0,266.0,67.0
2018-01-26,1631.0,1344.0,104.0,2266336146.0,1034202777.0,92564411.0,292.0,82.0
2018-01-29,557.0,2467.0,61.0,937928119.0,2546895924.0,26965764.0,235.0,204.0
2018-01-30,586.0,2420.0,72.0,653013081.0,3222614260.0,39294512.0,46.0,252.0
2018-01-31,1599.0,1379.0,109.0,2064395867.0,2065474425.0,56911499.0,91.0,114.0
2018-02-01,1322.0,1662.0,106.0,1979691285.0,1896539276.0,37480000.0,88.0,131.0
2018-02-02,323.0,2728.0,44.0,319532510.0,3901084060.0,50130000.0,47.0,345.0
2018-02-05,324.0,2739.0,44.0,166371281.0,5019660499.0,19227827.0,16.0,454.0
2018-02-06,2183.0,850.0,77.0,4533571212.0,1193417717.0,61461171.0,10.0,480.0
2018-02-07,1555.0,1435.0,113.0,1978426954.0,2470013898.0,138913088.0,24.0,46.0
2018-02-08,342.0,2683.0,67.0,552562201.0,4678315324.0,25670000.0,16.0,208.0
2018-02-09,1784.0,1228.0,86.0,3820899993.0,1765514700.0,59490000.0,9.0,358.0
2018-02-12,2195.0,812.0,82.0,3190823410.0,742705888.0,86880000.0,11.0,80.0
2018-02-13,1698.0,1280.0,104.0,1857123645.0,1511405852.0,64360000.0,21.0,55.0
2018-02-14,2079.0,934.0,75.0,3265564080.0,673366976.0,22990000.0,39.0,81.0
2018-02-15,2068.0,925.0,100.0,2543625761.0,1011104592.0,99600000.0,69.0,48.0
2018-02-16,1745.0,1224.0,113.0,1935046814.0,1596541953.0,51900000.0,78.0,28.0
2018-02-20,990.0,1979.0,112.0,1083972953.0,2418582276.0,90110000.0,62.0,46.0
2018-02-21,1382.0,1610.0,99.0,1057053023.0,2643200515.0,29340000.0,81.0,73.0
2018-02-22,1564.0,1418.0,89.0,1998497589.0,1595887748.0,71932710.0,32.0,80.0
2018-02-23,2430.0,549.0,90.0,2516594298.0,533832267.0,103807850.0,45.0,31.0
2018-02-26,1977.0,998.0,108.0,2371794102.0,956703096.0,54810000.0,94.0,26.0
2018-02-27,683.0,2301.0,93.0,495153113.0,3179750737.0,28500000.0,96.0,56.0
2018-02-28,864.0,2113.0,100.0,776447512.0,3292633869.0,75312635.0,41.0,124.0
2018-03-01,1185.0,1774.0,114.0,1621886472.0,2803383458.0,50289789.0,15.0,169.0
2018-03-02,1854.0,1086.0,121.0,2617016349.0,1192457342.0,54904928.0,27.0,165.0
2018-03-05,2174.0,779.0,110.0,2987254414.0,627839313.0,66090239.0,47.0,41.0
2018-03-06,2033.0,923.0,118.0,2090724279.0,1220373064.0,47659594.0,90.0,34.0
2018-03-07,1543.0,1408.0,120.0,1413466987.0,1888349116.0,69815840.0,96.0,47.0
2018-03-08,1709.0,1251.0,111.0,1677937419.0,1412699780.0,66202870.0,103.0,40.0
2018-03-09,2183.0,794.0,95.0,2607001934.0,669710439.0,53900425.0,132.0,45.0
2018-03-12,1616.0,1311.0,140.0,1849430937.0,1280216909.0,57886127.0,147.0,25.0
2018-03-13,1198.0,1771.0,98.0,1061614035.0,2171403909.0,61493418.0,87.0,37.0
2018-03-14,1247.0,1703.0,120.0,1160291873.0,2141179342.0,57477563.0,51.0,85.0
2018-03-15,1078.0,1844.0,142.0,1105395780.0,2304719837.0,81843862.0,32.0,136.0
2018-03-16,1975.0,973.0,107.0,3745479621.0,1484964812.0,77865849.0,40.0,90.0
2018-03-19,646.0,2344.0,81.0,399059073.0,2853074905.0,25838189.0,32.0,143.0
2018-03-20,1308.0,1659.0,103.0,1397970696.0,1750094668.0,97555628.0,45.0,152.0
2018-03-21,1706.0,1251.0,110.0,2051043669.0,1315904397.0,33409835.0,69.0,136.0
2018-03-22,572.0,2420.0,82.0,352024984.0,3314482436.0,53545798.0,25.0,128.0
2018-03-23,600.0,2380.0,85.0,638276109.0,3103576621.0,54233428.0,16.0,215.0
2018-03-26,2317.0,689.0,72.0,2947924803.0,514163049.0,38397638.0,24.0,190.0
2018-03-27,957.0,2029.0,92.0,874340882.0,2771155844.0,70421021.0,37.0,125.0
2018-03-28,1536.0,1426.0,113.0,1849171442.0,1858884288.0,51529348.0,19.0,114.0
2018-03-29,2332.0,648.0,93.0,2851285658.0,660316076.0,34742214.0,33.0,58.0
2018-04-02,580.0,2425.0,82.0,317358047.0,3224101280.0,33858986.0,16.0,133.0
2018-04-03,2201.0,779.0,98.0,2708787054.0,603696889.0,57993379.0,15.0,89.0
2018-04-04,2033.0,916.0,117.0,2425185923.0,866797502.0,52232770.0,26.0,84.0
2018-04-05,2148.0,790.0,130.0,2529295931.0,622760909.0,39796581.0,51.0,25.0
2018-04-06,627.0,2315.0,117.0,307394707.0,2940698758.0,30223779.0,31.0,55.0
2018-04-09,1408.0,1515.0,139.0,1454837390.0,1490269801.0,97012924.0,23.0,53.0
2018-04-10,2243.0,735.0,95.0,3067911811.0,461924707.0,18705247.0,52.0,30.0
2018-04-11,1487.0,1443.0,146.0,1478737799.0,1490036651.0,57082461.0,48.0,35.0
2018-04-12,1606.0,1351.0,111.0,1782232725.0,1223523122.0,25600164.0,53.0,41.0
2018-04-13,1273.0,1654.0,136.0,1204979041.0,1694302881.0,61300172.0,43.0,50.0
2018-04-16,2151.0,814.0,104.0,2164356361.0,811096191.0,23622474.0,65.0,41.0
2018-04-17,2161.0,794.0,105.0,2329640655.0,763375752.0,107410303.0,110.0,39.0
2018-04-18,1626.0,1309.0,129.0,2041818193.0,1296255723.0,40108862.0,149.0,55.0
2018-04-19,906.0,2013.0,144.0,1257112877.0,1990988833.0,93197971.0,78.0,95.0
2018-04-20,979.0,1960.0,121.0,1142694773.0,2204329624.0,56608509.0,50.0,103.0
2018-04-23,1331.0,1588.0,147.0,1547522827.0,1403451442.0,48898065.0,63.0,108.0
2018-04-24,1050.0,1898.0,124.0,1393958109.0,2258012733.0,47061863.0,74.0,114.0
2018-04-25,1288.0,1673.0,99.0,1744076063.0,1729116473.0,38688178.0,26.0,166.0
2018-04-26,1999.0,981.0,98.0,2298326747.0,1295861883.0,44232614.0,60.0,76.0
2018-04-27,1699.0,1256.0,112.0,1708376206.0,1427579531.0,78440734.0,64.0,48.0
2018-04-30,1105.0,1850.0,118.0,1114834890.0,2543859647.0,53896131.0,71.0,50.0
2018-05-01,1561.0,1385.0,123.0,1541596561.0,1941269725.0,41340191.0,34.0,100.0
2018-05-02,1406.0,1518.0,149.0,1546566723.0,2373726590.0,90124748.0,75.0,65.0
2018-05-03,1226.0,1717.0,118.0,1449000205.0,2343759257.0,48270812.0,55.0,121.0
2018-05-04,2239.0,746.0,88.0,2709668130.0,585936148.0,22347963.0,76.0,65.0
2018-05-07,1871.0,1087.0,122.0,1981020879.0,1187699460.0,47347833.0,113.0,59.0
2018-05-08,1502.0,1446.0,111.0,1902161502.0,1680586057.0,110709157.0,80.0,67.0
2018-05-09,1849.0,1118.0,117.0,2620902472.0,1197974271.0,55181791.0,152.0,59.0
2018-05-10,2126.0,837.0,116.0,2466198065.0,786262504.0,85165514.0,139.0,31.0
2018-05-11,1627.0,1315.0,138.0,1470528535.0,1313134377.0,48989042.0,117.0,27.0
2018-05-14,1411.0,1551.0,115.0,1541824038.0,1377842677.0,44667764.0,123.0,31.0
2018-05-15,1072.0,1890.0,109.0,1282538105.0,1898094053.0,91039180.0,69.0,100.0
2018-05-16,1924.0,1030.0,114.0,2190762835.0,967794372.0,53741909.0,125.0,54.0
2018-05-17,1592.0,1346.0,138.0,1906530115.0,1435093412.0,95520139.0,150.0,53.0
2018-05-18,1506.0,1424.0,135.0,1256507608.0,2000986624.0,61378740.0,112.0,71.0
2018-05-21,2080.0,896.0,107.0,2126870259.0,842470281.0,26847856.0,191.0,57.0
2018-05-22,1186.0,1769.0,124.0,1259183608.0,2050688340.0,44407792.0,134.0,41.0
2018-05-23,1528.0,1402.0,137.0,1462989080.0,1769251311.0,77594305.0,36.0,55.0
2018-05-24,1467.0,1477.0,122.0,1389474438.0,1808395938.0,52629071.0,66.0,48.0
2018-05-25,1352.0,1581.0,132.0,1029161057.0,1905880316.0,52945348.0,75.0,43.0
2018-05-29,1234.0,1732.0,112.0,965785355.0,2684874450.0,59615900.0,50.0,87.0
2018-05-30,2412.0,570.0,93.0,3016969867.0,437161082.0,81609055.0,156.0,40.0
2018-05-31,1094.0,1885.0,116.0,1095893570.0,2935804921.0,136617197.0,101.0,66.0
2018-06-01,2092.0,884.0,102.0,2480879307.0,1156613771.0,29823259.0,115.0,40.0
2018-06-04,1929.0,1023.0,126.0,2040640380.0,1225394175.0,102112715.0,166.0,32.0
2018-06-05,1769.0,1201.0,113.0,1869080948.0,1535916826.0,73832028.0,175.0,52.0
2018-06-06,1904.0,1055.0,120.0,2573273610.0,1016681034.0,33187843.0,190.0,51.0
2018-06-07,1609.0,1345.0,132.0,1985009399.0,1654931530.0,47465113.0,166.0,57.0
2018-06-08,1741.0,1219.0,114.0,2044457883.0,1026531237.0,42338539.0,117.0,23.0
2018-06-11,1624.0,1318.0,133.0,2033941983.0,1154117787.0,46326899.0,147.0,25.0
2018-06-12,1463.0,1481.0,132.0,1768771477.0,1495523782.0,118675489.0,129.0,29.0
2018-06-13,999.0,1963.0,113.0,1152860248.0,2555196512.0,71703951.0,104.0,33.0
2018-06-14,1675.0,1264.0,133.0,1768951500.0,1670151557.0,70353698.0,102.0,52.0
2018-06-15,1403.0,1545.0,122.0,2193057237.0,3126640752.0,46964043.0,86.0,71.0
2018-06-18,1657.0,1304.0,117.0,1888142499.0,1324031336.0,63824420.0,106.0,78.0
2018-06-19,1261.0,1686.0,132.0,1493022662.0,2059182920.0,75342157.0,59.0,83.0
2018-06-20,1807.0,1153.0,120.0,1958359911.0,1292562937.0,51013500.0,115.0,38.0
2018-06-21,946.0,2014.0,105.0,975458313.0,2267930854.0,62220638.0,83.0,81.0
2018-06-22,1962.0,994.0,112.0,3426545203.0,1772971534.0,28673808.0,89.0,36.0
2018-06-25,720.0,2262.0,91.0,774418665.0,2842069655.0,17131659.0,39.0,104.0
2018-06-26,1800.0,1175.0,111.0,2171697669.0,1301562151.0,66218881.0,45.0,65.0
2018-06-27,857.0,2130.0,104.0,1207160424.0,2518014168.0,33394608.0,61.0,120.0
2018-06-28,1787.0,1194.0,110.0,2160779985.0,1242428391.0,37743852.0,40.0,156.0
2018-06-29,1725.0,1237.0,132.0,1826183635.0,1660588158.0,52945870.0,53.0,62.0
2018-07-02,1618.0,1361.0,101.0,1373530788.0,1630406007.0,43119508.0,46.0,107.0
2018-07-03,1858.0,1071.0,120.0,1130059313.0,699687536.0,68474972.0,70.0,27.0
2018-07-05,2211.0,788.0,95.0,2224826405.0,678430019.0,40290629.0,78.0,37.0
2018-07-06,2195.0,764.0,123.0,2096324783.0,428147202.0,38872312.0,138.0,30.0
2018-07-09,1897.0,1089.0,115.0,2132445199.0,881336772.0,26357281.0,132.0,14.0
2018-07-10,1515.0,1455.0,114.0,1730285713.0,1255858388.0,49919471.0,140.0,19.0
2018-07-11,843.0,2113.0,121.0,587169588.0,2322399317.0,50729518.0,59.0,44.0
2018-07-12,1833.0,1142.0,122.0,1714818391.0,1004798830.0,94897318.0,94.0,40.0
2018-07-13,1458.0,1504.0,117.0,1125993875.0,1402000005.0,78462110.0,99.0,31.0
2018-07-16,1001.0,1952.0,109.0,1083719199.0,1683574552.0,31324245.0,46.0,54.0
2018-07-17,1693.0,1249.0,125.0,1759732952.0,1206332197.0,74942810.0,67.0,26.0
2018-07-18,1607.0,1356.0,121.0,1686962042.0,1353782262.0,37907303.0,78.0,42.0
2018-07-19,1771.0,1185.0,112.0,1499115597.0,1675212698.0,69107656.0,81.0,40.0
2018-07-20,1374.0,1547.0,136.0,1373856060.0,1787791788.0,54374458.0,90.0,32.0
2018-07-23,1257.0,1683.0,140.0,1372850979.0,1456974577.0,65221677.0,77.0,34.0
2018-07-24,1343.0,1609.0,125.0,1829744089.0,1474362561.0,100062136.0,96.0,40.0
2018-07-25,1853.0,1114.0,116.0,2210947286.0,1292191809.0,52062996.0,91.0,57.0
2018-07-26,1740.0,1219.0,118.0,2004937580.0,1571393250.0,61796159.0,136.0,31.0
2018-07-27,953.0,2005.0,106.0,1340833878.0,2029828857.0,37008452.0,70.0,39.0
2018-07-30,1375.0,1581.0,117.0,1721427243.0,1461158513.0,53491379.0,45.0,41.0
2018-07-31,2010.0,976.0,97.0,2450812042.0,1370535750.0,44527833.0,76.0,36.0
2018-08-01,1112.0,1857.0,103.0,1197491659.0,2254927076.0,23984413.0,74.0,56.0
2018-08-02,1749.0,1197.0,118.0,1914375624.0,1520637472.0,41425044.0,89.0,63.0
2018-08-03,1739.0,1219.0,108.0,1950005540.0,1042921975.0,34723496.0,113.0,31.0
2018-08-06,1767.0,1194.0,119.0,1576864803.0,1233293882.0,46789445.0,100.0,36.0
2018-08-07,1566.0,1382.0,125.0,1692141966.0,1387140148.0,61860313.0,120.0,41.0
2018-08-08,1350.0,1559.0,148.0,1190711091.0,1689686533.0,72795090.0,89.0,42.0
2018-08-09,1469.0,1449.0,142.0,1290406259.0,1698833424.0,56254586.0,114.0,35.0
2018-08-10,988.0,1946.0,127.0,832314020.0,2218219403.0,174952647.0,69.0,88.0
2018-08-13,1032.0,1922.0,116.0,700325495.0,2411554369.0,33403801.0,42.0,116.0
2018-08-14,2153.0,830.0,94.0,2123952068.0,806425379.0,28510726.0,88.0,77.0
2018-08-15,976.0,1999.0,98.0,834468620.0,2779028724.0,23053652.0,55.0,153.0
2018-08-16,2206.0,755.0,108.0,2344134374.0,818341422.0,33052407.0,94.0,51.0
2018-08-17,2057.0,896.0,114.0,2259512380.0,630418114.0,116666354.0,105.0,50.0
2018-08-20,2028.0,922.0,121.0,1868882394.0,794490103.0,66939544.0,147.0,27.0
2018-08-21,1906.0,1054.0,124.0,1975557830.0,1102593922.0,42880033.0,162.0,21.0
2018-08-22,1507.0,1402.0,166.0,1356109972.0,1259557015.0,66903635.0,105.0,28.0
2018-08-23,1025.0,1914.0,134.0,825245803.0,1858837380.0,24900195.0,93.0,42.0
2018-08-24,2013.0,878.0,169.0,1746992001.0,769449138.0,60408307.0,112.0,38.0
2018-08-27,1822.0,1128.0,129.0,2043836750.0,743249573.0,51211945.0,145.0,17.0
2018-08-28,1383.0,1544.0,145.0,1050433456.0,1531947717.0,80538274.0,114.0,31.0
2018-08-29,1728.0,1176.0,160.0,1642234322.0,1054406296.0,83002628.0,146.0,35.0
2018-08-30,1043.0,1874.0,130.0,658937425.0,2062422368.0,66299564.0,113.0,62.0
2018-08-31,1569.0,1351.0,135.0,1350789048.0,1474618962.0,32721707.0,93.0,46.0
2018-09-04,1052.0,1913.0,97.0,974205810.0,2034955753.0,56601979.0,126.0,90.0
2018-09-05,1316.0,1626.0,117.0,1615642393.0,1559689969.0,45170936.0,88.0,94.0
2018-09-06,927.0,1316.0,76.0,565755691.0,1018754403.0,25443366.0,161.0,94.0
2018-09-07,960.0,1984.0,114.0,1192676918.0,1723752926.0,34507013.0,81.0,134.0
2018-09-10,1803.0,1120.0,131.0,1485864623.0,1184455203.0,55812423.0,96.0,89.0
2018-09-11,1509.0,1422.0,127.0,1576325480.0,1232443903.0,61928710.0,95.0,121.0
2018-09-12,1633.0,1299.0,131.0,2033318531.0,1196684426.0,87041885.0,95.0,79.0
2018-09-13,1679.0,1277.0,106.0,1754363327.0,1443367691.0,43169835.0,135.0,85.0
2018-09-14,1509.0,1418.0,129.0,1605750947.0,1474581638.0,68360422.0,108.0,91.0
2018-09-17,1145.0,1782.0,126.0,1448950693.0,1436255904.0,51763090.0,80.0,97.0
2018-09-18,1653.0,1317.0,102.0,1947618457.0,1045016389.0,70653715.0,89.0,114.0
2018-09-19,1303.0,1647.0,103.0,2018424240.0,1199955271.0,58949760.0,73.0,100.0
2018-09-20,1998.0,969.0,109.0,2549778157.0,720736064.0,53093778.0,88.0,93.0
2018-09-21,1471.0,1440.0,150.0,3015772574.0,2456636068.0,77600770.0,102.0,87.0
2018-09-24,967.0,2005.0,105.0,1002991454.0,2320313020.0,33557023.0,47.0,112.0
2018-09-25,1307.0,1650.0,113.0,1494799736.0,1756639009.0,40941460.0,78.0,149.0
2018-09-26,1091.0,1858.0,123.0,940259292.0,2411542205.0,32148233.0,60.0,111.0
2018-09-27,1633.0,1306.0,127.0,1563466223.0,1435575699.0,64355025.0,44.0,115.0
2018-09-28,1658.0,1305.0,117.0,1650531865.0,1676778563.0,92296088.0,62.0,133.0
2018-10-01,1215.0,1794.0,82.0,1855247489.0,1447610770.0,34014270.0,91.0,156.0
2018-10-02,1178.0,1801.0,114.0,1539581034.0,1791520685.0,57815116.0,43.0,148.0
2018-10-03,1475.0,1527.0,89.0,2172747725.0,1300137444.0,109045330.0,73.0,262.0
2018-10-04,625.0,2417.0,56.0,1192444896.0,2225801787.0,67591865.0,36.0,425.0
2018-10-05,990.0,2018.0,75.0,1213921068.0,2050220670.0,57024925.0,24.0,396.0
2018-10-08,1502.0,1481.0,99.0,2181273420.0,1122969798.0,33293607.0,35.0,333.0
2018-10-09,1412.0,1567.0,95.0,1464805347.0,1983626506.0,45885757.0,46.0,248.0
2018-10-10,342.0,2686.0,53.0,417619976.0,4062158247.0,20576875.0,33.0,502.0
2018-10-11,640.0,2386.0,58.0,821610573.0,4045522466.0,17600804.0,9.0,526.0
2018-10-12,1729.0,1280.0,65.0,2529303466.0,1399133355.0,57978404.0,10.0,396.0
2018-10-15,1773.0,1224.0,81.0,1884760693.0,1357314545.0,45606727.0,10.0,216.0
2018-10-16,2566.0,464.0,58.0,2797716312.0,598963913.0,27991931.0,14.0,95.0
2018-10-17,1106.0,1857.0,109.0,1412535250.0,1856646125.0,30262273.0,15.0,129.0
2018-10-18,707.0,2285.0,86.0,670893007.0,2913761003.0,16130172.0,9.0,245.0
2018-10-19,1454.0,1521.0,96.0,1826122994.0,1679380622.0,56467512.0,20.0,256.0
2018-10-22,1239.0,1758.0,82.0,1052254809.0,2177420876.0,68322527.0,20.0,289.0
2018-10-23,929.0,2090.0,71.0,1328045890.0,2969286213.0,43523023.0,8.0,496.0
2018-10-24,682.0,2341.0,67.0,589485314.0,4050334892.0,30668379.0,25.0,483.0
2018-10-25,2178.0,829.0,72.0,3339013565.0,1239776190.0,40029947.0,11.0,305.0
2018-10-26,831.0,2163.0,83.0,1187880499.0,3526257644.0,62773307.0,9.0,529.0
2018-10-29,1275.0,1723.0,73.0,1861406601.0,2781929045.0,13590790.0,18.0,402.0
2018-10-30,2098.0,899.0,86.0,3753770156.0,1308361008.0,20780237.0,28.0,336.0
2018-10-31,1806.0,1205.0,79.0,3180843150.0,1862399571.0,30740188.0,25.0,142.0
2018-11-01,2262.0,750.0,68.0,3239295380.0,1427801456.0,25331510.0,28.0,74.0
2018-11-02,1285.0,1704.0,86.0,1759588971.0,2421713890.0,46666664.0,27.0,85.0
2018-11-05,1930.0,1064.0,80.0,2479210083.0,1078496819.0,50963831.0,30.0,53.0
2018-11-06,1867.0,1125.0,87.0,2178509728.0,1266670632.0,61297422.0,51.0,65.0
2018-11-07,2281.0,733.0,66.0,2934700979.0,908058686.0,39609929.0,80.0,51.0
2018-11-08,1408.0,1584.0,83.0,1236560398.0,2347163125.0,24129052.0,75.0,68.0
2018-11-09,960.0,2009.0,113.0,1152667951.0,2765404390.0,87430363.0,60.0,109.0
2018-11-12,792.0,2189.0,90.0,609285572.0,3024381306.0,29367253.0,59.0,131.0
2018-11-13,1447.0,1552.0,70.0,1961895376.0,2058834821.0,47112752.0,28.0,151.0
2018-11-14,1199.0,1802.0,66.0,1627736102.0,2676793582.0,96550549.0,23.0,172.0
2018-11-15,1712.0,1289.0,81.0,2387106170.0,1383511470.0,80975879.0,21.0,241.0
2018-11-16,1566.0,1408.0,92.0,2029477235.0,1865445012.0,62633779.0,40.0,182.0
2018-11-19,790.0,2197.0,87.0,1140308275.0,2504121712.0,118382019.0,47.0,241.0
2018-11-20,471.0,2556.0,61.0,500984605.0,3792298751.0,33096649.0,32.0,572.0
2018-11-21,2202.0,777.0,76.0,2481973718.0,708300429.0,28623166.0,17.0,151.0
2018-11-23,1301.0,1613.0,102.0,504182597.0,1122174108.0,20679643.0,4.0,172.0
2018-11-26,1900.0,1092.0,83.0,2499767132.0,910621695.0,58658197.0,14.0,146.0
2018-11-27,1165.0,1835.0,76.0,1495053510.0,1916824719.0,50382640.0,20.0,233.0
2018-11-28,2407.0,591.0,75.0,3474184752.0,448168988.0,20690364.0,40.0,205.0
2018-11-29,1410.0,1590.0,83.0,1517724983.0,1999127780.0,37743378.0,38.0,168.0
2018-11-30,1630.0,1382.0,76.0,2442073876.0,2087901920.0,45134317.0,57.0,259.0
2018-12-03,2205.0,793.0,59.0,3174224758.0,967471093.0,35768824.0,76.0,128.0
2018-12-04,498.0,2543.0,39.0,291172556.0,4164270936.0,8721976.0,75.0,373.0
2018-12-05,498.0,2542.0,39.0,293940000.0,4200000000.0,8730000.0,75.0,372.0
2018-12-06,1166.0,1845.0,67.0,1804513326.0,3286238058.0,42599416.0,35.0,648.0
2018-12-07,932.0,2042.0,84.0,778551797.0,3344220093.0,65106426.0,38.0,259.0
2018-12-10,975.0,2024.0,83.0,1066103807.0,3010924436.0,37056317.0,12.0,561.0
2018-12-11,1345.0,1649.0,82.0,1567781275.0,2265953739.0,80193309.0,37.0,289.0
2018-12-12,1973.0,1043.0,67.0,2741269749.0,1194260486.0,60535626.0,35.0,128.0
2018-12-13,1068.0,1911.0,97.0,1574530608.0,2252313392.0,85849710.0,25.0,378.0
2018-12-14,669.0,2325.0,73.0,783007261.0,3208742427.0,22856447.0,16.0,616.0
2018-12-17,403.0,2628.0,50.0,617815159.0,3947493401.0,40675148.0,5.0,883.0
2018-12-18,1370.0,1636.0,72.0,2034304868.0,2298127389.0,139424590.0,3.0,737.0
2018-12-19,827.0,2169.0,79.0,1142503896.0,3928608278.0,32572893.0,4.0,819.0
2018-12-20,580.0,2449.0,54.0,932530009.0,4577081375.0,56492306.0,4.0,1270.0
2018-12-21,676.0,2349.0,53.0,991800791.0,6358730713.0,62165464.0,2.0,1058.0
2018-12-24,630.0,2354.0,71.0,297065738.0,2247737111.0,45670139.0,2.0,1256.0
2018-12-26,2646.0,383.0,52.0,4044532828.0,167660447.0,6815194.0,4.0,807.0
2018-12-27,1619.0,1376.0,76.0,2446172983.0,1508335392.0,124105709.0,6.0,219.0
2018-12-28,1935.0,1069.0,70.0,1945398043.0,1672045165.0,73122617.0,5.0,99.0
2018-12-31,2153.0,868.0,54.0,2319216102.0,1084241472.0,25330884.0,5.0,69.0
2019-01-02,2111.0,909.0,40.0,2545811071.0,1110773169.0,45359440.0,8.0,63.0
2019-01-03,1242.0,1742.0,60.0,1248001361.0,2536076894.0,33055085.0,12.0,40.0
2019-01-04,2732.0,276.0,50.0,3987383376.0,189405711.0,17554564.0,6.0,11.0
2019-01-07,2371.0,650.0,53.0,3272190054.0,792068911.0,24943357.0,8.0,11.0
2019-01-08,2324.0,681.0,61.0,2831056944.0,1213437667.0,31645398.0,14.0,10.0
2019-01-09,2008.0,962.0,91.0,2975051885.0,994627959.0,75595963.0,12.0,10.0
2019-01-10,1814.0,1154.0,100.0,2054736169.0,1586776985.0,48459065.0,11.0,7.0
2019-01-11,1675.0,1281.0,91.0,1945735414.0,1341217826.0,139152517.0,16.0,5.0
2019-01-14,1104.0,1873.0,76.0,1589546089.0,1991525600.0,72387679.0,14.0,22.0
2019-01-15,1891.0,1070.0,87.0,2145794590.0,1400631309.0,28986663.0,13.0,12.0
2019-01-16,1816.0,1116.0,114.0,2352719137.0,1371387690.0,123968388.0,22.0,9.0
2019-01-17,2104.0,863.0,88.0,2799720594.0,948410257.0,24742845.0,19.0,11.0
2019-01-18,2218.0,774.0,72.0,3298555931.0,666081086.0,13165367.0,31.0,12.0
2019-01-21,2219.0,774.0,72.0,3320000000.0,668140000.0,13190000.0,31.0,11.0
2019-01-22,685.0,2308.0,67.0,608678272.0,3259133982.0,15700214.0,15.0,28.0
2019-01-23,1446.0,1499.0,107.0,1566472754.0,1696892258.0,55877317.0,22.0,19.0
2019-01-24,2002.0,961.0,91.0,2196372278.0,1170183801.0,41850830.0,31.0,22.0
2019-01-25,2271.0,688.0,93.0,2904517816.0,861981088.0,18571986.0,50.0,5.0
2019-01-28,1340.0,1617.0,92.0,1417792544.0,2113149756.0,62572050.0,40.0,22.0
2019-01-29,1647.0,1283.0,120.0,1979192294.0,1444402028.0,61869891.0,52.0,17.0
2019-01-30,2389.0,620.0,53.0,3039303885.0,792700811.0,16144418.0,71.0,14.0
2019-01-31,2055.0,949.0,56.0,3083766482.0,1766796692.0,31734848.0,132.0,7.0
2019-02-01,1684.0,1262.0,93.0,2009165639.0,1649338071.0,95813916.0,99.0,10.0
2019-02-04,1988.0,959.0,102.0,2318969691.0,973300102.0,50482792.0,62.0,6.0
2019-02-05,1849.0,1079.0,114.0,2096472499.0,1377295517.0,66063878.0,94.0,4.0
2019-02-06,1183.0,1774.0,96.0,1247982166.0,2143355962.0,56140201.0,61.0,9.0
2019-02-07,922.0,2024.0,97.0,1090744163.0,2938950727.0,37140714.0,60.0,24.0
2019-02-08,1414.0,1523.0,94.0,1617896480.0,1939239672.0,60919280.0,62.0,19.0
2019-02-11,1934.0,1017.0,91.0,1965939545.0,1319322044.0,47151334.0,86.0,11.0
2019-02-12,2218.0,734.0,86.0,2865073535.0,869351703.0,74595457.0,94.0,8.0
2019-02-13,1907.0,1035.0,84.0,2294893436.0,1289837740.0,54656830.0,87.0,5.0
2019-02-14,1577.0,1356.0,91.0,1873154856.0,1879042696.0,45897368.0,71.0,8.0
2019-02-15,2293.0,656.0,89.0,2975255945.0,581387482.0,63805347.0,111.0,2.0
2019-02-19,1879.0,1068.0,92.0,2201090975.0,1221240136.0,81354105.0,122.0,10.0
2019-02-20,1784.0,1162.0,103.0,2310946083.0,1480439162.0,52118457.0,99.0,7.0
2019-02-21,1136.0,1785.0,112.0,1146665387.0,2379348153.0,37166688.0,90.0,8.0
2019-02-22,2145.0,807.0,86.0,2140793636.0,1147309311.0,124684095.0,162.0,9.0
2019-02-25,1453.0,1487.0,97.0,2062790776.0,1670776407.0,67483042.0,149.0,10.0
2019-02-26,1213.0,1724.0,100.0,1565521685.0,2021905256.0,51601907.0,80.0,10.0
2019-02-27,1530.0,1385.0,123.0,2066140648.0,1621791860.0,56235833.0,94.0,21.0
2019-02-28,1340.0,1591.0,100.0,1707035578.0,2610853238.0,68315971.0,129.0,15.0
2019-03-01,1895.0,1044.0,98.0,2458195931.0,1410562836.0,82608614.0,134.0,13.0
2019-03-04,1291.0,1625.0,110.0,1620105690.0,2237128897.0,43481134.0,120.0,14.0
2019-03-05,1382.0,1524.0,114.0,1540608410.0,2002223369.0,46293138.0,80.0,22.0
2019-03-06,763.0,2185.0,83.0,532938996.0,3193062028.0,38406845.0,60.0,33.0
2019-03-07,893.0,2045.0,89.0,1070587032.0,2752885122.0,60734775.0,71.0,52.0
2019-03-08,1311.0,1595.0,113.0,1415869688.0,1923424786.0,61202950.0,45.0,51.0
2019-03-11,2350.0,617.0,60.0,3086159997.0,619859126.0,11625570.0,108.0,24.0
2019-03-12,1719.0,1199.0,124.0,2008550384.0,1278271385.0,107765650.0,145.0,14.0
2019-03-13,2009.0,930.0,93.0,2920668342.0,782675603.0,42650106.0,170.0,15.0
2019-03-14,1381.0,1563.0,91.0,1489724152.0,1869448516.0,114669290.0,103.0,21.0
2019-03-15,1707.0,1208.0,102.0,3303082925.0,2474953947.0,81946741.0,137.0,24.0
2019-03-18,1995.0,955.0,91.0,2520560685.0,998816632.0,32247703.0,108.0,19.0
2019-03-19,1173.0,1763.0,90.0,1589571842.0,1962417466.0,64524377.0,105.0,18.0
2019-03-20,1302.0,1618.0,98.0,1501388414.0,2169045217.0,71536477.0,86.0,42.0
2019-03-21,2105.0,834.0,98.0,2292583273.0,1230690360.0,46651114.0,167.0,23.0
2019-03-22,580.0,2395.0,56.0,535471335.0,3675916457.0,13164866.0,149.0,54.0
2019-03-25,1509.0,1392.0,138.0,1575540495.0,1670471778.0,122630004.0,72.0,62.0
2019-03-26,2165.0,771.0,103.0,2554385586.0,663854793.0,43793397.0,147.0,23.0
2019-03-27,1341.0,1585.0,115.0,1081810901.0,2171055517.0,124197102.0,143.0,33.0
2019-03-28,2003.0,931.0,107.0,2014963287.0,1048793615.0,82856255.0,129.0,31.0
2019-03-29,1800.0,1124.0,114.0,2385851355.0,1198077009.0,122482379.0,137.0,25.0
2019-04-01,2262.0,715.0,68.0,2701045126.0,758477519.0,38041638.0,177.0,12.0
2019-04-02,1327.0,1605.0,109.0,1472600513.0,1680312931.0,73258564.0,140.0,14.0
2019-04-03,1702.0,1198.0,129.0,1728934514.0,1739527344.0,61943671.0,166.0,16.0
2019-04-04,1912.0,1017.0,107.0,2166503071.0,816358710.0,34573015.0,93.0,10.0
2019-04-05,2099.0,826.0,116.0,2291681110.0,751620952.0,55331297.0,116.0,8.0
2019-04-08,1501.0,1430.0,118.0,1695539970.0,1274075036.0,74556799.0,97.0,6.0
2019-04-09,737.0,2203.0,100.0,645634509.0,2342462668.0,27029621.0,67.0,15.0
2019-04-10,2161.0,784.0,81.0,1884033804.0,1149718760.0,29773467.0,123.0,10.0
2019-04-11,1591.0,1336.0,114.0,1204410416.0,1646726964.0,99269290.0,121.0,17.0
2019-04-12,1864.0,1060.0,105.0,2267767066.0,1335956896.0,79363924.0,153.0,21.0
2019-04-15,1351.0,1577.0,116.0,1216579975.0,1829659083.0,32459786.0,139.0,24.0
2019-04-16,1461.0,1468.0,110.0,1556579975.0,1639659083.0,29189786.0,129.0,26.0
2019-04-17,1193.0,1730.0,115.0,1465524472.0,2064078776.0,72585682.0,82.0,30.0
2019-04-18,1430.0,1493.0,111.0,1735807621.0,1651572585.0,95963962.0,71.0,27.0
2019-04-22,1220.0,1731.0,95.0,1369830277.0,1587072999.0,26019033.0,54.0,34.0
2019-04-23,2198.0,741.0,96.0,2603943343.0,944767927.0,53470471.0,136.0,20.0
2019-04-24,1455.0,1449.0,136.0,1387677159.0,2004226593.0,46413295.0,130.0,27.0
2019-04-25,1044.0,1865.0,121.0,1103287128.0,2281321011.0,24087745.0,69.0,42.0
2019-04-26,1972.0,953.0,107.0,2270257119.0,922807387.0,46353838.0,120.0,29.0
2019-04-29,1772.0,1168.0,103.0,1659135259.0,1392002828.0,50927015.0,138.0,16.0
2019-04-30,1612.0,1333.0,99.0,2000661342.0,1855173131.0,44391249.0,197.0,30.0
2019-05-01,1086.0,1863.0,83.0,792725324.0,2819128828.0,24582979.0,206.0,37.0
2019-05-02,1331.0,1584.0,110.0,1476276011.0,2234556805.0,54484868.0,100.0,58.0
2019-05-03,2283.0,654.0,87.0,2702384602.0,596637489.0,30996721.0,154.0,9.0
2019-05-06,1220.0,1680.0,125.0,1168682043.0,1947526514.0,59291132.0,113.0,26.0
2019-05-07,539.0,2405.0,79.0,592177386.0,3130308928.0,31835094.0,71.0,41.0
2019-05-08,1359.0,1550.0,112.0,1595219529.0,1832818283.0,55722098.0,79.0,39.0
2019-05-09,1223.0,1676.0,109.0,1282920447.0,2288031358.0,60868186.0,64.0,85.0
2019-05-10,1911.0,1013.0,98.0,1897941639.0,1576612646.0,60434681.0,70.0,60.0
2019-05-13,492.0,2493.0,56.0,346401827.0,3507322908.0,19233860.0,64.0,123.0
2019-05-14,2244.0,714.0,76.0,2587006824.0,680498704.0,35342404.0,73.0,55.0
2019-05-15,1940.0,979.0,117.0,1725437019.0,1276495318.0,105715282.0,105.0,62.0
2019-05-16,2035.0,904.0,89.0,2168693154.0,1076097247.0,50880768.0,176.0,43.0
2019-05-17,743.0,2143.0,130.0,822520098.0,2431197714.0,29617904.0,112.0,80.0
2019-05-20,972.0,1923.0,120.0,1239512924.0,1999690192.0,96119881.0,72.0,116.0
2019-05-21,2324.0,607.0,101.0,2664992642.0,577837694.0,31452065.0,110.0,56.0
2019-05-22,1112.0,1830.0,99.0,956855442.0,2198823986.0,74184162.0,100.0,89.0
2019-05-23,672.0,2277.0,86.0,837460000.0,3140000000.0,34780000.0,78.0,179.0
2019-05-24,1973.0,940.0,112.0,1733085725.0,1110780754.0,70833503.0,129.0,86.0
2019-05-28,970.0,1989.0,94.0,1070000000.0,3320000000.0,60050000.0,127.0,108.0
2019-05-29,972.0,1986.0,90.0,1240000000.0,2550000000.0,60980000.0,71.0,211.0
2019-05-30,1561.0,1394.0,97.0,1460000000.0,1890000000.0,32050000.0,60.0,122.0
2019-05-31,920.0,2046.0,72.0,945201091.0,3026317671.0,51208068.0,83.0,254.0
2019-06-03,1934.0,1044.0,74.0,2970000000.0,1110000000.0,24020000.0,100.0,113.0
2019-06-04,2436.0,555.0,55.0,3540000000.0,434640000.0,22280000.0,122.0,20.0
2019-06-05,1493.0,1460.0,88.0,1520000000.0,2120000000.0,79460000.0,175.0,61.0
2019-06-06,1708.0,1240.0,100.0,2200000000.0,1380000000.0,45150000.0,194.0,102.0
2019-06-07,2190.0,773.0,82.0,2200000000.0,1060000000.0,98550000.0,292.0,46.0
2019-06-10,1781.0,1166.0,104.0,1850000000.0,1420000000.0,58150000.0,208.0,27.0
2019-06-11,1487.0,1462.0,97.0,2000000000.0,1410000000.0,17400000.0,131.0,39.0
2019-06-12,1379.0,1553.0,98.0,1200000000.0,1890000000.0,17030000.0,112.0,87.0
2019-06-13,2119.0,834.0,82.0,2460000000.0,768520000.0,24480000.0,124.0,47.0
2019-06-14,1195.0,1729.0,112.0,1070000000.0,2000000000.0,33570000.0,139.0,74.0
2019-06-17,1607.0,1317.0,113.0,1570000000.0,1280000000.0,90730000.0,153.0,73.0
2019-06-18,2119.0,837.0,95.0,2830000000.0,699030000.0,43660000.0,228.0,27.0
2019-06-19,1755.0,1164.0,136.0,1960000000.0,1430000000.0,44950000.0,174.0,29.0
2019-06-20,2143.0,808.0,101.0,3170000000.0,873000000.0,84080000.0,323.0,27.0
2019-06-21,1093.0,1847.0,96.0,1970000000.0,3350000000.0,72710000.0,132.0,53.0
2019-06-24,1152.0,1809.0,97.0,1170000000.0,2060000000.0,64120000.0,146.0,63.0
2019-06-25,985.0,1966.0,102.0,961470000.0,2690000000.0,70760000.0,104.0,80.0
2019-06-26,1574.0,1391.0,95.0,2060000000.0,1600000000.0,28490000.0,78.0,54.0
2019-06-27,2134.0,836.0,89.0,2250000000.0,1030000000.0,34650000.0,98.0,31.0
2019-06-28,2175.0,803.0,78.0,4730000000.0,1370000000.0,149590000.0,168.0,22.0
2019-07-01,1736.0,1224.0,93.0,2320000000.0,1320000000.0,56660000.0,220.0,12.0
2019-07-02,1619.0,1353.0,90.0,1530000000.0,1740000000.0,67580000.0,155.0,30.0
2019-07-03,2101.0,792.0,131.0,2250000000.0,771650000.0,74380000.0,244.0,22.0
2019-07-05,1429.0,1512.0,100.0,1450000000.0,1020000000.0,69260000.0,115.0,16.0
2019-07-08,1064.0,1866.0,120.0,886050000.0,2090000000.0,86670000.0,121.0,22.0
2019-07-09,1519.0,1398.0,125.0,1660000000.0,1410000000.0,104580000.0,132.0,42.0
2019-07-10,1834.0,1107.0,113.0,1960000000.0,1280000000.0,36850000.0,261.0,27.0
2019-07-11,1470.0,1454.0,127.0,1480000000.0,1700000000.0,71060000.0,182.0,42.0
2019-07-12,1923.0,1007.0,106.0,2000000000.0,1010000000.0,57060000.0,164.0,23.0
2019-07-15,1419.0,1490.0,132.0,1160000000.0,1770000000.0,57250000.0,193.0,37.0
2019-07-16,1514.0,1412.0,113.0,1430000000.0,1960000000.0,49850000.0,140.0,34.0
2019-07-17,1091.0,1836.0,110.0,1020000000.0,2220000000.0,25420000.0,172.0,62.0
2019-07-18,1624.0,1320.0,107.0,1850000000.0,1620000000.0,52160000.0,178.0,94.0
2019-07-19,1259.0,1667.0,127.0,1360000000.0,1960000000.0,80950000.0,192.0,64.0
2019-07-22,1380.0,1538.0,139.0,1600000000.0,1490000000.0,72870000.0,125.0,74.0
2019-07-23,1966.0,973.0,114.0,2480000000.0,989280000.0,44430000.0,140.0,57.0
2019-07-24,2156.0,815.0,91.0,2540000000.0,966630000.0,44260000.0,238.0,32.0
2019-07-25,794.0,2148.0,87.0,972150000.0,2740000000.0,37970000.0,173.0,72.0
2019-07-26,2004.0,927.0,123.0,2200000000.0,1110000000.0,55820000.0,196.0,69.0
2019-07-29,1499.0,1447.0,112.0,1300000000.0,2020000000.0,63800000.0,258.0,73.0
2019-07-30,1732.0,1206.0,107.0,2100000000.0,1580000000.0,60760000.0,231.0,79.0
2019-07-31,1076.0,1890.0,92.0,1310000000.0,3460000000.0,33360000.0,319.0,50.0
2019-08-01,1017.0,1958.0,76.0,1150000000.0,3720000000.0,16810000.0,258.0,130.0
2019-08-02,1149.0,1811.0,84.0,1320000000.0,2640000000.0,23770000.0,152.0,164.0
2019-08-05,288.0,2724.0,45.0,389980000.0,4290000000.0,8320000.0,103.0,275.0
2019-08-06,2054.0,923.0,82.0,2650000000.0,1600000000.0,66810000.0,73.0,179.0
2019-08-07,1360.0,1588.0,94.0,2130000000.0,2450000000.0,112930000.0,145.0,234.0
2019-08-08,2463.0,513.0,71.0,3680000000.0,586570000.0,63790000.0,168.0,54.0
2019-08-09,982.0,1946.0,105.0,741340000.0,2610000000.0,116790000.0,177.0,114.0
2019-08-12,906.0,2039.0,81.0,495580000.0,2370000000.0,39980000.0,146.0,210.0
2019-08-13,2135.0,827.0,93.0,2860000000.0,1070000000.0,26090000.0,156.0,142.0
2019-08-14,493.0,2516.0,45.0,219790000.0,4240000000.0,21220000.0,101.0,311.0
2019-08-15,1567.0,1386.0,85.0,1580000000.0,2560000000.0,27070000.0,143.0,297.0
2019-08-16,2344.0,622.0,71.0,3250000000.0,399940000.0,41950000.0,156.0,65.0
2019-08-19,2225.0,720.0,97.0,2590000000.0,764290000.0,34290000.0,187.0,21.0
2019-08-21,2096.0,850.0,98.0,2190000000.0,908330000.0,45800000.0,176.0,40.0
2019-08-22,1370.0,1561.0,101.0,1470000000.0,1470000000.0,60330000.0,179.0,57.0
2019-08-23,423.0,2528.0,80.0,419060000.0,3660000000.0,5460000.0,138.0,191.0
2019-08-26,1968.0,972.0,90.0,2110000000.0,814450000.0,36230000.0,61.0,133.0
2019-08-27,1009.0,1947.0,99.0,1120000000.0,2530000000.0,70660000.0,130.0,209.0
2019-08-28,2095.0,840.0,113.0,2610000000.0,578470000.0,40440000.0,115.0,163.0
2019-08-29,2295.0,661.0,90.0,2680000000.0,538320000.0,44630000.0,154.0,46.0
2019-08-30,1659.0,1233.0,156.0,1860000000.0,1190000000.0,100450000.0,156.0,39.0
2019-09-03,1135.0,1820.0,89.0,1130000000.0,2430000000.0,20120000.0,154.0,99.0
2019-09-04,2379.0,565.0,100.0,2870000000.0,394550000.0,45470000.0,219.0,30.0
2019-09-05,1978.0,996.0,77.0,3080000000.0,925690000.0,48360000.0,178.0,11.0
2019-09-06,1666.0,1244.0,120.0,1720000000.0,1500000000.0,101990000.0,138.0,20.0
2019-09-09,1809.0,1132.0,99.0,2970000000.0,1200000000.0,38120000.0,118.0,16.0
2019-09-10,1712.0,1218.0,111.0,2910000000.0,1570000000.0,56720000.0,82.0,10.0
2019-09-11,2100.0,828.0,118.0,2900000000.0,970190000.0,178490000.0,102.0,6.0
2019-09-12,1497.0,1436.0,94.0,1770000000.0,2120000000.0,23570000.0,126.0,6.0
2019-09-13,1362.0,1604.0,71.0,2000000000.0,1670000000.0,47790000.0,88.0,9.0
2019-09-16,1593.0,1345.0,98.0,2730000000.0,1680000000.0,46640000.0,56.0,6.0
2019-09-17,1569.0,1387.0,101.0,1420000000.0,2400000000.0,46140000.0,58.0,7.0
2019-09-18,1354.0,1569.0,110.0,1290000000.0,2240000000.0,79110000.0,79.0,10.0
2019-09-19,1521.0,1413.0,104.0,1440000000.0,1880000000.0,40780000.0,107.0,7.0
2019-09-20,1507.0,1411.0,117.0,3060000000.0,3480000000.0,129030000.0,89.0,13.0
2019-09-23,1622.0,1311.0,116.0,1740000000.0,1610000000.0,54200000.0,113.0,16.0
2019-09-24,913.0,2029.0,114.0,781950000.0,3200000000.0,50420000.0,112.0,28.0
2019-09-25,1880.0,1034.0,130.0,2130000000.0,1310000000.0,91280000.0,81.0,22.0
2019-09-26,1279.0,1666.0,96.0,1110000000.0,2040000000.0,49650000.0,136.0,36.0
2019-09-27,1343.0,1588.0,106.0,1400000000.0,2040000000.0,57750000.0,96.0,30.0
2019-09-30,1682.0,1244.0,117.0,1780000000.0,1590000000.0,67620000.0,110.0,27.0
2019-10-01,761.0,2195.0,82.0,544770000.0,3130000000.0,13510000.0,57.0,53.0
2019-10-02,638.0,2311.0,80.0,640120000.0,3390000000.0,86020000.0,16.0,96.0
2019-10-03,1859.0,1068.0,114.0,2530000000.0,1120000000.0,52430000.0,43.0,90.0
2019-10-04,2197.0,722.0,105.0,2220000000.0,768960000.0,118910000.0,70.0,32.0
2019-10-07,1093.0,1821.0,125.0,1070000000.0,1980000000.0,57040000.0,77.0,35.0
2019-10-08,737.0,2204.0,97.0,498930000.0,2960000000.0,36890000.0,67.0,94.0
2019-10-09,1910.0,998.0,112.0,1880000000.0,854360000.0,60760000.0,86.0,71.0
2019-10-10,1819.0,1106.0,115.0,2300000000.0,989520000.0,80590000.0,49.0,42.0
2019-10-11,2268.0,708.0,71.0,3060000000.0,590480000.0,27670000.0,112.0,13.0
2019-10-14,1314.0,1596.0,105.0,997110000.0,1640000000.0,34330000.0,74.0,47.0
2019-10-15,1892.0,1050.0,81.0,2510000000.0,859070000.0,128270000.0,102.0,21.0
2019-10-16,1530.0,1389.0,123.0,1540000000.0,1740000000.0,107670000.0,112.0,35.0
2019-10-17,1930.0,989.0,115.0,2040000000.0,998250000.0,149470000.0,155.0,33.0
2019-10-18,1418.0,1493.0,109.0,1590000000.0,1770000000.0,48310000.0,128.0,35.0
2019-10-21,1953.0,998.0,89.0,2270000000.0,1070000000.0,70330000.0,177.0,30.0
2019-10-22,1714.0,1212.0,103.0,2120000000.0,1480000000.0,45570000.0,175.0,28.0
2019-10-23,1847.0,1078.0,116.0,2360000000.0,1140000000.0,39930000.0,143.0,28.0
2019-10-24,1334.0,1570.0,128.0,1410000000.0,2380000000.0,65540000.0,147.0,28.0
2019-10-25,1647.0,1272.0,118.0,2260000000.0,1170000000.0,55290000.0,130.0,27.0
2019-10-28,1588.0,1350.0,100.0,1930000000.0,1670000000.0,44860000.0,154.0,22.0
2019-10-29,1545.0,1382.0,110.0,1920000000.0,1620000000.0,157750000.0,146.0,34.0
2019-10-30,1547.0,1371.0,117.0,1950000000.0,1870000000.0,57270000.0,152.0,40.0
2019-10-31,1119.0,1818.0,117.0,1360000000.0,2890000000.0,92500000.0,165.0,68.0
2019-11-01,2152.0,791.0,88.0,3260000000.0,781140000.0,26010000.0,181.0,24.0
2019-11-04,1797.0,1128.0,102.0,2980000000.0,1350000000.0,43970000.0,214.0,11.0
2019-11-05,1372.0,1566.0,103.0,2380000000.0,2240000000.0,65860000.0,185.0,27.0
2019-11-06,1333.0,1623.0,98.0,1730000000.0,2850000000.0,51900000.0,106.0,33.0
2019-11-07,1363.0,1584.0,93.0,2420000000.0,1860000000.0,68390000.0,173.0,41.0
2019-11-08,1559.0,1400.0,91.0,1880000000.0,1610000000.0,87100000.0,107.0,45.0
2019-11-11,1294.0,1631.0,111.0,1210000000.0,1890000000.0,50590000.0,92.0,52.0
2019-11-12,1394.0,1532.0,115.0,1440000000.0,2110000000.0,82020000.0,118.0,71.0
2019-11-13,1365.0,1574.0,96.0,1450000000.0,2250000000.0,78030000.0,74.0,69.0
2019-11-14,1675.0,1260.0,91.0,1390000000.0,1920000000.0,128460000.0,98.0,75.0
2019-11-15,1825.0,1104.0,115.0,2650000000.0,780210000.0,68030000.0,120.0,55.0
2019-11-18,1267.0,1674.0,108.0,1320000000.0,2130000000.0,168150000.0,115.0,77.0
2019-11-19,1398.0,1526.0,134.0,1520000000.0,2180000000.0,76930000.0,122.0,97.0
2019-11-20,1276.0,1656.0,115.0,1770000000.0,2470000000.0,40750000.0,92.0,85.0
2019-11-21,1174.0,1748.0,121.0,2100000000.0,1610000000.0,46410000.0,50.0,67.0
2019-11-22,1753.0,1173.0,119.0,2190000000.0,1080000000.0,50260000.0,60.0,36.0
2019-11-25,2146.0,809.0,101.0,2670000000.0,973890000.0,75260000.0,135.0,19.0
2019-11-26,1585.0,1347.0,122.0,2530000000.0,2330000000.0,79470000.0,147.0,27.0
2019-11-27,1845.0,1087.0,111.0,2310000000.0,847000000.0,38080000.0,162.0,23.0
2019-11-29,1030.0,1884.0,103.0,464640000.0,1330000000.0,38630000.0,101.0,20.0
2019-12-02,816.0,2142.0,87.0,1060000000.0,2310000000.0,71900000.0,63.0,44.0
2019-12-03,1134.0,1805.0,106.0,1300000000.0,2450000000.0,98110000.0,29.0,68.0
2019-12-04,2040.0,913.0,98.0,2880000000.0,946410000.0,37860000.0,72.0,14.0
2019-12-05,1580.0,1357.0,103.0,1810000000.0,1670000000.0,78820000.0,61.0,25.0
2019-12-06,2195.0,750.0,88.0,2840000000.0,768560000.0,43630000.0,155.0,14.0
2019-12-09,1476.0,1450.0,104.0,1850000000.0,1750000000.0,43050000.0,106.0,18.0
2019-12-10,1496.0,1454.0,98.0,1820000000.0,1620000000.0,78030000.0,98.0,21.0
2019-12-11,1866.0,1055.0,112.0,1860000000.0,1450000000.0,86420000.0,116.0,16.0
2019-12-12,1888.0,1094.0,76.0,3110000000.0,967700000.0,45120000.0,215.0,21.0
2019-12-13,1508.0,1411.0,120.0,1630000000.0,2250000000.0,58840000.0,181.0,18.0
2019-12-16,2046.0,919.0,92.0,3110000000.0,1170000000.0,47030000.0,223.0,20.0
2019-12-17,1847.0,1102.0,95.0,2350000000.0,1590000000.0,137900000.0,179.0,13.0
2019-12-18,1829.0,1142.0,82.0,2570000000.0,1670000000.0,96760000.0,170.0,8.0
2019-12-19,1751.0,1176.0,103.0,2480000000.0,1550000000.0,65390000.0,171.0,15.0
2019-12-20,1738.0,1209.0,88.0,4580000000.0,2670000000.0,147240000.0,272.0,9.0
2019-12-23,1608.0,1324.0,108.0,1770000000.0,1450000000.0,77580000.0,199.0,12.0
2019-12-24,1635.0,1220.0,132.0,724680000.0,570680000.0,32210000.0,133.0,5.0
2019-12-26,1791.0,1124.0,102.0,1590000000.0,642170000.0,55030000.0,175.0,7.0
2019-12-27,1341.0,1575.0,115.0,889220000.0,1580000000.0,67690000.0,203.0,4.0
2019-12-30,1263.0,1674.0,88.0,1400000000.0,1690000000.0,68310000.0,97.0,15.0
2019-12-31,1892.0,1033.0,102.0,2280000000.0,644580000.0,106240000.0,103.0,9.0
2020-01-02,1808.0,1147.0,67.0,1980000000.0,1600000000.0,32080000.0,214.0,5.0
2020-01-03,1387.0,1543.0,88.0,1500000000.0,2100000000.0,37290000.0,145.0,9.0
2020-01-06,1557.0,1347.0,117.0,2130000000.0,1720000000.0,58810000.0,125.0,8.0
2020-01-07,1290.0,1652.0,85.0,1610000000.0,1950000000.0,54350000.0,131.0,11.0
2020-01-08,1744.0,1197.0,89.0,1940000000.0,1850000000.0,84930000.0,213.0,11.0
2020-01-09,1643.0,1291.0,97.0,2060000000.0,1760000000.0,35870000.0,241.0,13.0
2020-01-10,1364.0,1565.0,97.0,1300000000.0,1990000000.0,27630000.0,218.0,20.0
2020-01-13,2053.0,865.0,91.0,2380000000.0,1180000000.0,83240000.0,243.0,23.0
2020-01-14,1678.0,1251.0,89.0,2290000000.0,1560000000.0,50970000.0,230.0,8.0
2020-01-15,1613.0,1289.0,122.0,2040000000.0,1770000000.0,54890000.0,271.0,7.0
2020-01-16,2046.0,851.0,119.0,2650000000.0,950800000.0,74280000.0,298.0,6.0
2020-01-17,1479.0,1430.0,113.0,1930000000.0,1940000000.0,67700000.0,339.0,7.0
2020-01-20,1480.0,1431.0,113.0,1920000000.0,1940000000.0,67670000.0,339.0,8.0
2020-01-21,1160.0,1788.0,82.0,1530000000.0,2810000000.0,18510000.0,259.0,27.0
2020-01-22,1452.0,1458.0,96.0,1630000000.0,2100000000.0,68450000.0,308.0,29.0
2020-01-23,1459.0,1425.0,126.0,1890000000.0,2150000000.0,78550000.0,202.0,45.0
2020-01-24,848.0,2081.0,83.0,569950000.0,3220000000.0,23630000.0,238.0,63.0
2020-01-27,620.0,2331.0,69.0,473580000.0,3490000000.0,43970000.0,111.0,102.0
2020-01-28,2018.0,891.0,90.0,2720000000.0,953580000.0,44260000.0,144.0,57.0
2020-01-29,1463.0,1453.0,100.0,1690000000.0,1980000000.0,68410000.0,202.0,59.0
2020-01-30,1514.0,1385.0,121.0,1840000000.0,1910000000.0,159890000.0,179.0,111.0
2020-01-31,611.0,2330.0,70.0,614450000.0,4160000000.0,21490000.0,159.0,114.0
2020-02-03,1906.0,1025.0,92.0,2440000000.0,1460000000.0,61700000.0,141.0,85.0
2020-02-04,2105.0,833.0,86.0,3300000000.0,864230000.0,24050000.0,239.0,46.0
2020-02-05,2229.0,695.0,89.0,3050000000.0,1170000000.0,42350000.0,250.0,16.0
2020-02-06,1404.0,1508.0,105.0,2000000000.0,2030000000.0,32720000.0,261.0,32.0
2020-02-07,1053.0,1863.0,95.0,1170000000.0,2680000000.0,51150000.0,241.0,64.0
2020-02-10,1721.0,1212.0,91.0,1840000000.0,1750000000.0,28520000.0,248.0,86.0
